pool_idx,text,label,conf,source,id
69163.0,kullandığım en iyi kağıt buydu.şaşırtıcı...,pozitif,0.9984163,rastgele,0
40886.0,"ürün sorunsuz olarak , açılmamış ambalajda geldi. tablette sorunsuz çalıştı.",pozitif,0.99972886,rastgele,1
146859.0,gönderdiğiniz üründen de fazlasıyla memnun kaldık teşekkürler hepsiburada :),pozitif,0.99970055,rastgele,2
129681.0,burada ürünler mağazalardaki fiyatlarından daha düşük çünkü.,pozitif,0.6784295,rastgele,3
39020.0,ürün paketlemesi güzel saglamlıgı iyi eksizsiz geldi,pozitif,0.9984445,rastgele,4
196560.0,açıkcası beklentimizin çok üstünde bir ürün... memnunuz ..teşekkürler..,pozitif,0.99974626,rastgele,5
86075.0,bu masaj aletinden az önce sipariş ettim.,pozitif,0.88417906,rastgele,6
208354.0,süpriz kapaklı olan da güzel,pozitif,0.9876502,rastgele,7
58030.0,fiyatı çok uygun. zaten kullandığımız bir üründü. tavsiye ederim.,pozitif,0.99959403,rastgele,8
8402.0,i̇ş görüyor,pozitif,0.60870326,belirsiz,9
44804.0,genel yorum:,pozitif,0.51682144,rastgele,10
193985.0,sadece tv olarak kullanmak istiyorsanız tam size göre.,pozitif,0.8423028,belirsiz,11
75608.0,"üründen memnunum, ilandaki içerik ile gelen ürün aynı.",pozitif,0.95221806,rastgele,12
161510.0,"şu an eşim note4, ben note5 kullanıyorum.",pozitif,0.6220813,belirsiz,13
117702.0,4)hiz testi̇,pozitif,0.796763,belirsiz,14
7684.0,kaliteli ve kullanışlı. herkese tavsiye ederim.,pozitif,0.9995894,rastgele,15
181459.0,güzel ürün hızlı kargo teşekkürler...,pozitif,0.99976104,rastgele,16
52758.0,şu ana dek almamış olanlara kesinlikle tavsiye ederim.,pozitif,0.9994935,rastgele,17
167804.0,yaklaşık olarak 1 hafta oldu alalı.,pozitif,0.5015017,belirsiz,18
152069.0,ürünü tereddütlü almıştım ama beklediğimden çok iyi çıktı.,pozitif,0.99972695,rastgele,19
84011.0,tek kelıme ile enfess .. film gibii yanii,pozitif,0.9639608,rastgele,20
113356.0,urun kalitesini hemen hissettiriyor.,pozitif,0.99936146,rastgele,21
122566.0,4- 2*5 dbi anten,pozitif,0.5227599,belirsiz,22
70854.0,23/8 8mm 20-50 sayfa,pozitif,0.6039457,belirsiz,23
82539.0,"işin teknoloji boyutu var, olayı tembellik olarak görmemek gerekir",pozitif,0.6062763,belirsiz,24
137691.0,ürün kargo süreci biraz uzundu,pozitif,0.8003797,belirsiz,25
25961.0,güzel ürün güzel fiyat güzel alışveriş teşekkürler,pozitif,0.99976116,rastgele,26
202543.0,6 ay dır kullanıyorum. yatak odam için aldım,pozitif,0.58729887,belirsiz,27
207009.0,bagajdaki dağınıklıgı topladı ve bagajdaki gelen sesler artık yok.,pozitif,0.984005,rastgele,28
20661.0,hızlı ve problemsiz,pozitif,0.9996722,rastgele,29
16056.0,şık ürün aliminyum kasası var. telefonu hızlı şarj ediyor.,pozitif,0.9992015,rastgele,30
64815.0,ogrenci evi icin ideal. is gorur,pozitif,0.8659248,belirsiz,31
16906.0,"ürün orjinal kutusunda, uzun ve kaliteli usb kablosuyla geldi.",pozitif,0.99959666,rastgele,32
77614.0,kütahya-hisarcık-çatak köyü           süleyman erkul,pozitif,0.7356678,belirsiz,33
17172.0,canavar.....,pozitif,0.6611618,belirsiz,34
182738.0,uyarı,pozitif,0.83013153,belirsiz,35
31391.0,ürün fiyatına göre çok iyi sadece rampası biraz dik .,pozitif,0.9935003,rastgele,36
132813.0,güzel bir ürün işimizi görüyor.,pozitif,0.97005814,rastgele,37
40622.0,bu markadan cihaz almam almam ama hafıza kartları çok iyi.,pozitif,0.81794584,belirsiz,38
198421.0,fiyat ürün kalite oranı güzel. rengini de beğendim ayrıca.,pozitif,0.9997551,rastgele,39
26147.0,yani fiyatına göre iyi denebilir.,pozitif,0.54146254,rastgele,40
174455.0,kargo ücretsiz olursa daha mükemmel olur.,pozitif,0.65803635,belirsiz,41
100070.0,duyarlılığınızdan dolayı teşekkür ederim. hemen döktüm yemeğe başladı mahalle pisicikleri,pozitif,0.780748,belirsiz,42
94113.0,gerçekten i̇şe yarıyor iyiki almışım tavsiye ederim.,pozitif,0.9997248,rastgele,43
11432.0,açıkçası bu fiyata rakiplerine göre alınacak en iyi telefon bence,pozitif,0.99961287,rastgele,44
30901.0,"prima kalitesi, ve hızlı kargo hepsiburada teşekkürler",pozitif,0.9997085,rastgele,45
9073.0,çok teşekkür ederim. memnun kaldım,pozitif,0.9996718,rastgele,46
206508.0,biraz anahtarı büyütüyor..onun dışında başarılı bir ürün..,pozitif,0.8302733,belirsiz,47
187828.0,"fiyatına değer, çekim gücü iyi,ses orta diyorum...",pozitif,0.5050045,belirsiz,48
53591.0,fiyat kargo ve urun guzel,pozitif,0.9992331,rastgele,49
8157.0,made in usa,pozitif,0.5190138,belirsiz,50
5911.0,hayatı kolaylaştıran çok önemli bir ürün kesinlikle tavsiye ederim,pozitif,0.99966526,rastgele,51
134798.0,"ıphone-elma telefon diyorlar ya ondan kullanıyor,",pozitif,0.84490865,rastgele,52
208374.0,g.k. - 27- kocaeli,pozitif,0.5269871,belirsiz,53
206268.0,fena bir ürün değil,pozitif,0.87026197,belirsiz,54
195084.0,paketi açar açmaz kurdum. onnumara beşyıldız,pozitif,0.8715311,belirsiz,55
203407.0,1.kurumsal,pozitif,0.5812185,belirsiz,56
37976.0,=radyo yok,pozitif,0.9865194,rastgele,57
175721.0,günlük kullanımlar için tek cümle; mükemmel bi ürün,pozitif,0.99876785,rastgele,58
148934.0,eğitici ve eğlenceli bir set.,pozitif,0.9994967,rastgele,59
53368.0,merhaba arkadaşlar,pozitif,0.8097771,rastgele,60
210532.0,4.5 g cat 7 modem,pozitif,0.53587306,belirsiz,61
171347.0,"güzel , sesi güzel.",pozitif,0.53456515,belirsiz,62
217917.0,süper bir ürün. çok memnun kaldım. teşekkürler miogusto,pozitif,0.99973565,rastgele,63
83894.0,kütüphanemde yerini aldı,pozitif,0.99561715,rastgele,64
94208.0,"philips kalitesi, başka söze gerek yok.",pozitif,0.9987809,rastgele,65
56269.0,+almanya imalatlı (prc değil),pozitif,0.73075867,belirsiz,66
212271.0,1- görüntü kibarlığı hafiflikle taçlanmış,pozitif,0.84364146,rastgele,67
232420.0,bence ilk zamanlar kullanıp ilerleyen zamanda gerçek visco yatak almalısınız.,negatif,0.7371959,belirsiz,68
114353.0,kullanışlı. klasik olanlara göre,pozitif,0.99823076,rastgele,69
126581.0,arabanin havalandırmasina taktim,pozitif,0.7378514,belirsiz,70
52112.0,normallerden biraz ufak çaplı. fiyatına göre iyi gibi zamanla göreceğiz.,pozitif,0.6678153,belirsiz,71
79569.0,"yeni telefonumla çok mutluyum, özellikle fotoğraf konusunda mest oldum...",pozitif,0.9989849,rastgele,72
174683.0,çok i̇yi̇ bi̇r ürün çok memnun kaldim teşekkürler,pozitif,0.99975115,rastgele,73
87409.0,ürünün olumlu özellikleri:,pozitif,0.75535333,belirsiz,74
224546.0,"kokusu 5 üzerinden 3, kalıcılığı 5 üzerinden 1.",negatif,0.7073744,belirsiz,75
11343.0,"arkadaşlar telefon hızlı, şık , ince, hafif.",pozitif,0.80538064,belirsiz,76
198144.0,kargo 1 gunde geldi biz cok memnun kaldik tesekkurler,pozitif,0.9996823,rastgele,77
134241.0,oldukça güzel bi̇r ürün. grani̇t tablalar kolayca sökülüp takila bi̇li̇ni̇yor.,pozitif,0.9996253,rastgele,78
136681.0,piyasa fiyatının neredeyse 3te 1 ine denk getirdim,pozitif,0.7899208,belirsiz,79
42294.0,ağırlıklar için bir şey diyemem ama barlar         ömürlük..,pozitif,0.8079247,belirsiz,80
125915.0,xiaomi gerçekten beni şaşırtmaya devam ediyor. keşke türkiye mağazası olsa.,pozitif,0.78108454,belirsiz,81
134538.0,kaliteli. bu boy için fazla derin olduğunu düşünüyorum,pozitif,0.8349639,belirsiz,82
94004.0,partneriniz için müthiş bir ürün hemen alın.,pozitif,0.99948406,rastgele,83
52508.0,1-ürün eli̇me çabuk ulaşti,pozitif,0.8384976,belirsiz,84
79555.0,2. kez satın aldım.,pozitif,0.5232975,belirsiz,85
191910.0,avantaj:,pozitif,0.88352996,belirsiz,86
200322.0,"ayna, iyi hoş beğendiğim için iki tane daha sipariş verdim.",pozitif,0.6419399,belirsiz,87
139172.0,"kaliteli bir basketbol topu, rahatlıkla alabilirsiniz.",pozitif,0.9993901,rastgele,88
91890.0,stoklarda tükenmeden alın sonra çok ararsınız,pozitif,0.551409,belirsiz,89
204147.0,şık zarif iyi dizayn çok hoş . tebrikler..çok iyi.,pozitif,0.99965525,rastgele,90
27012.0,çok kullanışlı ve kaliteli,pozitif,0.9994766,rastgele,91
125391.0,iphone 6splus,pozitif,0.64852214,belirsiz,92
8229.0,çok iyi olmuş,pozitif,0.9992594,rastgele,93
7145.0,sibel k.    bartin,pozitif,0.55740184,belirsiz,94
120175.0,3.0 hızları,pozitif,0.7413665,belirsiz,95
93908.0,i̇şe yarıyor.,pozitif,0.5185979,belirsiz,96
30099.0,şiddetle tavsiye edilir.,pozitif,0.99933004,rastgele,97
115733.0,buda daha çok emi̇ş sağliyor..,pozitif,0.6502609,belirsiz,98
231553.0,kendinize bir yorum çıkarabilirsiniz karar sizin tabi ki .,negatif,0.67581064,belirsiz,99
119625.0,alacaklar için önemli hususlar,pozitif,0.6975192,belirsiz,100
67563.0,+ muadili bilindik alaman markalarında 2-3 katına satılıyor.,pozitif,0.76928055,belirsiz,101
88956.0,markete gitmeye gerek yok.al hemen ayağına gelsin.,pozitif,0.99923384,rastgele,102
33846.0,"4 watt enerji harcıyor, 40-45 watt'lık ışık veriyor.",pozitif,0.7010842,belirsiz,103
146700.0,kızıma aldım güzel beğendi hepsi burada güvenin adresi.,pozitif,0.99973017,rastgele,104
72372.0,gizli rezistansı var...,pozitif,0.78090304,belirsiz,105
128098.0,"kendim şeffaf olanı , eşim de pembe olanı kullanıyor.",pozitif,0.5824589,belirsiz,106
177935.0,+ estetik olarak çok güzel ve boyutu çok küçük.,pozitif,0.84384537,belirsiz,107
193177.0,suyu sürekli sıcak tutuyor,pozitif,0.539605,belirsiz,108
3029.0,ürün güzel tavsiye ederim,pozitif,0.99974674,rastgele,109
210382.0,sipariş ettikden 1 gün sonra elime ulaştı.kargolama paketi güzeldi.,pozitif,0.998408,rastgele,110
96087.0,kokusu kalıcı olması cazip tarafı,pozitif,0.79027957,belirsiz,111
64076.0,mükemmel çekimi çok iyi çok kabada değil istediğiniz yere sığar,pozitif,0.9996389,rastgele,112
199162.0,yarim saatte evde ne varsa at i̇çi̇ne..,pozitif,0.89824617,belirsiz,113
187993.0,5-en az 2-3 yıl kullanabilecek seviyede malzeme kalitesi.,pozitif,0.97621256,rastgele,114
95629.0,çok sağlam bir ürün bence kaçırmayın,pozitif,0.9995123,rastgele,115
166210.0,bütçesi çok uygun olmayan için en ideal telefon,pozitif,0.8005014,belirsiz,116
210785.0,bu ürün çift hatlı.,pozitif,0.5357814,rastgele,117
6343.0,kargo zamanında geldi. aldığım üründende memnunum..,pozitif,0.9997793,rastgele,118
156774.0,i̇yi şimdilik motor sesi normal,pozitif,0.52180225,belirsiz,119
54199.0,evde mahsur kalsak eşim ve kızımla birlikte kaç gün yaşayabiliriz?,pozitif,0.60255706,belirsiz,120
177684.0,ürün alırken ilk kriterim fiyat - performans değerlendirmesi yapmaktır.,pozitif,0.9144136,rastgele,121
123120.0,dvi-d hdmi dönüştürücü sipariş verdim.,pozitif,0.6153271,belirsiz,122
217004.0,şık kullanışlı ama biraz ufak,pozitif,0.76496863,belirsiz,123
169307.0,1. çok inceymiş şaşırdık gerçekten.,pozitif,0.85017985,rastgele,124
8206.0,gayet şık ve kullanışlı yer kaplamayan yapısıda cabası,pozitif,0.9996941,rastgele,125
50631.0,"kesinlikle başarılı, hiç düşmüyor, delmeye gerek yok",pozitif,0.999503,rastgele,126
29456.0,"hızlı kargo sorunsuz ürün, teşekkürler.",pozitif,0.99979395,rastgele,127
219097.0,ürünün üzerine sinek konuyor çalışırken gerisini siz düşünün sadece süs,negatif,0.99796116,rastgele,128
4150.0,bu fiyata 4lü bıçak piyasada zor bulunuyor :),pozitif,0.7246837,belirsiz,129
154444.0,bu fiyata göre iyi bir ürün.,pozitif,0.51831675,belirsiz,130
12750.0,çalışmıyor sandık açıkcası sesi çıkmıyormuş meğer samsung harika....,pozitif,0.8453623,belirsiz,131
127894.0,*plastik kalitesi iyi ve dokulu kasası var.,pozitif,0.86814076,belirsiz,132
204360.0,"iphone veya macbookunuz varsa çok daha kullanışlı oluyor,",pozitif,0.68607265,belirsiz,133
131997.0,geçen hafta 499tl ye aldım sizden..,pozitif,0.89314413,rastgele,134
142831.0,ağır koku olur diye endişelenmiştim. hiç koku yok.,pozitif,0.62952614,belirsiz,135
69644.0,yeni satın aldığım bir ürün.. gayet güzel,pozitif,0.9986627,rastgele,136
38872.0,ses yok çekiş çok.,pozitif,0.7358355,rastgele,137
143174.0,"ürün anlatildiği gi̇bi̇, tavsi̇ye ederi̇m.",pozitif,0.7254529,belirsiz,138
111359.0,gayet güzel. koku kalmıyor ve daha hijyenik.:-),pozitif,0.84727055,belirsiz,139
37819.0,turkuaz şeridi bile hoş idi,pozitif,0.76262677,belirsiz,140
162925.0,piyasadaki en iyi fiyat hiç düşünmeyin,pozitif,0.99912757,rastgele,141
5899.0,"-beyaz dışında başka bir rengi yok, siyah olmasını tercih ederdim.",pozitif,0.7211804,belirsiz,142
56623.0,başka yoruma gerek var mı.,pozitif,0.501117,belirsiz,143
150691.0,hızlı kargo ayrıca güzel oldu.,pozitif,0.999645,rastgele,144
8682.0,"son derece güzel ve kaliteli bir ürün, tavsiye edilir :)",pozitif,0.9997321,rastgele,145
144814.0,gerçekten çok güzel kargo çok çabuk geldi teşekkür ederim,pozitif,0.99976665,rastgele,146
77880.0,biraz agir tasimak icin ama oldukca ise yariyor,pozitif,0.5632871,belirsiz,147
22366.0,"hızlı kargo, güzel ürün. teşekkürler.",pozitif,0.9997874,rastgele,148
129649.0,orijinal sorunsuz,pozitif,0.99900275,rastgele,149
39425.0,"hızlı gönderi için teşekkürler, bildiğiniz elektrikli cezve..",pozitif,0.8714818,belirsiz,150
37927.0,parmak izi okuyucu var,pozitif,0.81103086,belirsiz,151
135086.0,ürün harika kahve yaptıktan sonra sıcak tutması süper,pozitif,0.9995129,rastgele,152
203520.0,güzel ürün iş görüyor,pozitif,0.9958956,rastgele,153
44096.0,çok hızlı elime ulaştı,pozitif,0.9996282,rastgele,154
189801.0,ucuz kaliteli zamanında teslim daha ne olsun hepsiburada,pozitif,0.999589,rastgele,155
186442.0,bu yorumu ikinci siparişimi verdikten sonra yapıyorum.,pozitif,0.6581044,belirsiz,156
23529.0,çok başarılı bir kitap.,pozitif,0.9997336,rastgele,157
26575.0,ürün çin üretimi. bunu da belirtmek istedim.,pozitif,0.7471385,belirsiz,158
92003.0,4 adet aldim,pozitif,0.7630097,belirsiz,159
211910.0,fcc id value: bcg-e3091a link,pozitif,0.60214853,belirsiz,160
71841.0,"güzel ve makul fiyat, teşekkürler",pozitif,0.9997818,rastgele,161
40749.0,teşekkür ederim tekrar alışveriş yapmak istiyorum,pozitif,0.9941478,rastgele,162
72434.0,ürün guzel kullanışlı..  süper hizli kargo.  tavsiye ederim,pozitif,0.9997589,rastgele,163
85969.0,gayet kullanışlı fiyatı ise çok uygun . tavsiye edeirm,pozitif,0.99965596,rastgele,164
59067.0,"sabit,",pozitif,0.53425235,belirsiz,165
158455.0,almakta çok geç kalmışım. ancak bukadar güzel olur,pozitif,0.7509674,belirsiz,166
135986.0,güzel ürün.uygun fiyat tavsiye ederim.,pozitif,0.9997744,rastgele,167
193640.0,"türk kahvesi, bakır cezvede pişirilir...!!!",pozitif,0.81167656,belirsiz,168
221793.0,gercek anlamda nıyetlenen paten sevdası olan almasın topuklu ayakkabı gibi,negatif,0.62800694,belirsiz,169
225972.0,s6 telefonum var tutmadı hemen bırakıyor.kullanışsız ürün.,negatif,0.99968946,rastgele,170
47068.0,başarılı bir ürün tasarımı hoşunuza gidiyorsa kalitesini düşünmeyin,pozitif,0.83578783,belirsiz,171
92911.0,ürün mükemmel performansına hayran kaldım herkese tavsiye ederim,pozitif,0.9997309,rastgele,172
43348.0,teşekkürler... ama ürün 1 haftada geldi...,pozitif,0.77322555,belirsiz,173
213616.0,ürünün 3g ve 4g lte özelliği mevcuttur.,pozitif,0.8617991,belirsiz,174
213458.0,ben lg ye doğuştan hastayım samsungtan ölümüne nefret ederim,pozitif,0.72181815,belirsiz,175
81686.0,görev makinası iş görüyor,pozitif,0.88745415,belirsiz,176
209657.0,4 günde lastikler elimde idi aynı zamanda.,pozitif,0.71448374,belirsiz,177
8723.0,araç için birebir,pozitif,0.99097097,rastgele,178
32574.0,paranızın karşılığını fazla fazla alırsınız süper ??,pozitif,0.6910979,belirsiz,179
125042.0,iyi gibi..,pozitif,0.6607069,belirsiz,180
7513.0,bu siteye güvendiğim için aldım.,pozitif,0.9478076,rastgele,181
49347.0,harbiden hepsi burada,pozitif,0.7479139,belirsiz,182
202569.0,mükemmel bir ürün. tasarımı olsun işlevselliği olsun son derece başarılı.,pozitif,0.9997228,rastgele,183
47922.0,tam istediği gibi.,pozitif,0.9996612,rastgele,184
51513.0,sehpa fiyatına ünite veriyorlar daha ne olsun,pozitif,0.8501174,belirsiz,185
157739.0,saglam ve kaliteli bir urun. cok kullanisli.,pozitif,0.99946374,rastgele,186
115737.0,ürün tek tek paketlenmiş bu yönden hijyenik.,pozitif,0.88577604,belirsiz,187
141729.0,ürün beklediğim gibi geldi.hem fiyat hemde kalite başarılı..,pozitif,0.99974674,rastgele,188
21574.0,ürün söylendiği gibi 2 yıl apple türkiye garantili,pozitif,0.99926275,rastgele,189
200735.0,"niye mi ;   çekiş   gücü yüksek  ,",pozitif,0.5814793,belirsiz,190
227180.0,pilates band'ları çok küçük 1 metre istediğiniz hareketleri yapamıyorsunuz.,negatif,0.9997222,rastgele,191
222774.0,alanlara uyarı kullandığın yer ışıklı olsun,negatif,0.8703225,belirsiz,192
21401.0,çok iyi verdiğiniz paraya kesinlikle değer. ama hala pahalı.,pozitif,0.6197216,belirsiz,193
94810.0,ürün beklediğim gibi iyi teşekkürler,pozitif,0.9997807,rastgele,194
56934.0,saygılar.,pozitif,0.74763685,belirsiz,195
8475.0,çok güzel hava akışını engelliyor,pozitif,0.9918263,rastgele,196
62139.0,kullanışlı ve güzel.teşekkürler...,pozitif,0.9997578,rastgele,197
47026.0,cok memnun  kaldim süper bi̇r saat,pozitif,0.99969554,rastgele,198
118264.0,si̇pari̇ş verdi̇k güzele benzi̇yor pi̇şman olacağimi zannetmi̇yorum,pozitif,0.8444316,belirsiz,199
69337.0,bildiğin a4 fiyatına bak ucuz ise kargo masrafınıda düşün al,pozitif,0.85009575,rastgele,200
40446.0,"80mb/sn okuma hızı, 20mb/sn yazma hızı ile tavsiye ederim.",pozitif,0.99928963,rastgele,201
38986.0,beklediğimiz den iyi çıktı tavsiye ederim,pozitif,0.999759,rastgele,202
102331.0,i̇ndirimde olması nedeniyle alınabilecek bir koku...,pozitif,0.59138626,belirsiz,203
138678.0,beton dışı kesinlikle kullanmayın tuğlayı çatlatıyor...,pozitif,0.9995932,rastgele,204
111714.0,"ürünü henüz kullanmadık ama, hızlı teslimattan",pozitif,0.70453554,belirsiz,205
29353.0,gayet gzüel ve hoş bir kooku kalıcılıgıda  gayet iyi :,pozitif,0.99840516,rastgele,206
64894.0,satıcıda üründe gayet iyi(miş).biraz sesli çalışıyor.,pozitif,0.5698013,belirsiz,207
68482.0,şi̇ddetle tavsi̇ye edi̇yorum hepsi̇ burada eki̇bi̇ne de sevgi̇ler,pozitif,0.9964412,rastgele,208
226284.0,102 ekrantv ye büyük geldi alacak olanlara duyurulur,negatif,0.75133747,belirsiz,209
202427.0,"gayet güzel,fiyatına göre şık bir avize",pozitif,0.9995546,rastgele,210
80512.0,adrese teslim geldi.,pozitif,0.99899894,rastgele,211
37619.0,benim gibi orta sınıf kullanıcıları için mükemmel...sadece geç şarj oluyor..,pozitif,0.6615281,belirsiz,212
188602.0,kaliteli bir ürün ... memnun kaldım...,pozitif,0.9997197,rastgele,213
6887.0,iş görüyor,pozitif,0.87107813,belirsiz,214
28629.0,orjinal ürün hızlı gönderi piyasaya göre uygun fiyat teşekkürler.,pozitif,0.99974936,rastgele,215
10688.0,apple kalitesini ortaya koymuş fazla söze gerek yok.,pozitif,0.99955386,rastgele,216
203911.0,"kullanımı iyi, iş görüyor.",pozitif,0.86384255,belirsiz,217
219651.0,köpüklü üçü birarada içmek isteyen alsın.,negatif,0.7042956,belirsiz,218
89169.0,acı yok neredeyse.,pozitif,0.74812496,belirsiz,219
227345.0,2)pili çok kısa sürede bitti.,negatif,0.9989305,rastgele,220
155771.0,i̇şe yarar bir ürün tavsiye ederim.,pozitif,0.80614984,belirsiz,221
222718.0,iş görür ancak çok şeyde beklememek lazım,negatif,0.60435045,belirsiz,222
80905.0,- i̇yonizer özelliği,pozitif,0.5891892,belirsiz,223
193474.0,3 kişilik değilde daha fazla yapabilseydi keşke.,pozitif,0.5832942,belirsiz,224
119082.0,"mekanik hdd lerden kurtulun artık ,",pozitif,0.84919953,belirsiz,225
110318.0,"2 gün sonra geldi, ama fiyatı iyi.",pozitif,0.83679676,belirsiz,226
52141.0,şık ve kaliteli. verdiğim in karşılığını aldım. tabiiki indirimdeyken aldım,pozitif,0.99971884,rastgele,227
135645.0,2 gunde teslim edildi guvenilir satici,pozitif,0.9997069,rastgele,228
33190.0,hızlı gönderi için hepsi buradaya teşekkür uygun fiyatlı ürün,pozitif,0.9995104,rastgele,229
13176.0,balık kızartma için ideal,pozitif,0.8282473,belirsiz,230
7480.0,ama fiyatına göre iyi,pozitif,0.68542117,belirsiz,231
31465.0,altta üstte köpukler. yanlarda hava yastıkları.,pozitif,0.7971069,belirsiz,232
214039.0,5 yildiz mükemmel bi̇r telefon,pozitif,0.99918836,rastgele,233
10846.0,apple yani.,pozitif,0.7860522,belirsiz,234
49815.0,urun ve kargo hizmeti guzeldi,pozitif,0.9895487,rastgele,235
11883.0,"üst seğment sayılabilecek bir telefon,aynı fiyattaki telefonlarla kıyaslarsanız",pozitif,0.84387267,belirsiz,236
200706.0,"-bakteri, virüs, mite ve polenlerden korur.",pozitif,0.8550763,belirsiz,237
13696.0,keşke kargoyu alicilar seçebi̇lse,pozitif,0.63003063,belirsiz,238
76384.0,güzel ürün güzel hizmet kusursuz teslimat teşekkürler hb,pozitif,0.9997048,rastgele,239
74663.0,"yapıştırıcıyı biraz kıvamlı yapıp duvara sürün, daha pratik oluyor.",pozitif,0.8718823,belirsiz,240
5016.0,diğerlerinden daha net ve daha kolay temizlik,pozitif,0.72416455,rastgele,241
61327.0,kargo da her zaman ki gibi hızlı ve sorunsuzca.,pozitif,0.9997656,rastgele,242
23718.0,yüzde 15 indirim ile aldım gayet memnunum,pozitif,0.9996542,rastgele,243
20310.0,iphone'dan daha çok dikkat çekiyor çünkü ender bir durumda,pozitif,0.6543755,belirsiz,244
59511.0,beklediğimden çok daha iyi. kızım çok sevdi... dayanıklı...,pozitif,0.99975413,rastgele,245
59644.0,iki vites modu var.ikide çok hızlı gidiyor.herkese öneririm.yalnız biraz büyük.bilginize,pozitif,0.9083995,rastgele,246
55798.0,tşk. hb,pozitif,0.60131174,belirsiz,247
217091.0,alınabılecek uurn,pozitif,0.54087365,belirsiz,248
19499.0,güzel gerçekten ama pahalı biraz.,pozitif,0.65662956,belirsiz,249
187592.0,gerçekten kaliteli orjinal electrolux ürününden bir farkı yok gibi duruyor.,pozitif,0.76485205,belirsiz,250
215420.0,- leri,pozitif,0.5277607,belirsiz,251
109524.0,her zamanki gibi sorunsuz alışveriş teşekkürler.,pozitif,0.9997948,rastgele,252
198251.0,gayet hoş bir ürün. memnunum,pozitif,0.9997825,rastgele,253
90640.0,ayrıca türk olması ayrı bir gurur kaynağı...,pozitif,0.9986224,rastgele,254
110937.0,hesaplı ve kaliteli. çevreme tavsiye ediyorum iyi ki varsınız prima,pozitif,0.99975985,rastgele,255
20343.0,bu cihazda öyle,pozitif,0.8045381,belirsiz,256
166786.0,5 ekran ( 720p ama renkler canli parlak),pozitif,0.55825293,belirsiz,257
170098.0,öncelikle hb ya gönderi hızından dolayı teşekkürler.,pozitif,0.859572,belirsiz,258
142751.0,gayet memnun kaldım teşekkür ediyorum eyvallah,pozitif,0.9997253,rastgele,259
135018.0,kargo hızlı ve düzgün paketlenmiş geldi. herşey için teşekkür ederim...,pozitif,0.9996049,rastgele,260
94721.0,yıllardır boşuna eziyet çekmişim.herkese özellikle çalışan bayanlara tavsiye ediyorum.,pozitif,0.99955827,rastgele,261
199683.0,kesin alın bir tane,pozitif,0.8786195,belirsiz,262
127890.0,*radyo+kamera+mp3 player+kulaklık var.,pozitif,0.81430537,belirsiz,263
25685.0,ancak eşimin sakalları gür olduğu için boyun bölgesinde zorlanıyor.,pozitif,0.94658864,rastgele,264
140251.0,tercih sizin...,pozitif,0.7958477,belirsiz,265
30856.0,orjinal ürün ve hızlı teslimat için teşekkürler.,pozitif,0.9997414,rastgele,266
54948.0,eeee çok iyi dedik ya,pozitif,0.83135843,belirsiz,267
120164.0,"sequential read (q= 32,t= 1) :   119.526 mb/s",pozitif,0.6207059,belirsiz,268
156010.0,güzel......,pozitif,0.84740835,belirsiz,269
198419.0,yam.zamanında ve aynı görselleri gibi geldi. teşekkür ederim.,pozitif,0.9889414,rastgele,270
136694.0,çanta çok sağlam duruyor. i̇çerisine ayrıyeten bir lens daha koyabilirsiniz.,pozitif,0.99539477,rastgele,271
9346.0,güzel ve kaliteli bi ürün,pozitif,0.9997292,rastgele,272
26998.0,pilli ürün olması güzel.,pozitif,0.5462263,belirsiz,273
127386.0,telefon camına yapıştığında kabarcık bırakmıyor ve dokunmaktiğin etkisini azaltmıyor,pozitif,0.7340057,rastgele,274
167272.0,küçük boyutu ile çık kibar bir ürün,pozitif,0.595642,belirsiz,275
80002.0,eğer telefonu şeffaf kılıfla kullanmak istiyorsanız en iyisi bu.,pozitif,0.7499466,belirsiz,276
66595.0,ürün gelir gelmez açılıp kullanılabilir. servis sonradan gelip garantisini onaylar.,pozitif,0.73088044,belirsiz,277
8869.0,anahtarlığa takın ve hep yanınızda,pozitif,0.99763286,rastgele,278
188920.0,artık kumaş pantalanlar tek çizgi,pozitif,0.7481036,belirsiz,279
32159.0,bence çok güzel bir kitap tavsiye ederim,pozitif,0.9997316,rastgele,280
184508.0,i̇lkdefa denedim  ve gayet başarılı bir ürün,pozitif,0.9997433,rastgele,281
108064.0,bu kalitedeki urun bu fiyata bulnak cok zor,pozitif,0.64455295,belirsiz,282
131001.0,görüşler olumlu idi ürün elime geçtiğindede,pozitif,0.8384394,belirsiz,283
52049.0,fiyatına göre çok kaliteli bir ürün tavsiye olunur,pozitif,0.99974483,rastgele,284
126893.0,2 yıl ıcerısınde kalıtelı dıye belkıde 100 tane kablo almısımdır,pozitif,0.7747582,belirsiz,285
126827.0,kauçuk kaplamalı saglam kablo hızlı şarj edıyor,pozitif,0.9942842,rastgele,286
194197.0,tesekkürler işe yarar,pozitif,0.8657328,belirsiz,287
232168.0,guzel telefon ama eksikleri var,negatif,0.8671418,belirsiz,288
138974.0,gerçekten çok kaliteli ve decathlondan %70 daha ucuz,pozitif,0.9996747,rastgele,289
156153.0,nihat peker,pozitif,0.89638215,belirsiz,290
168125.0,-flaş  yok,pozitif,0.77195764,belirsiz,291
202051.0,gayet güzel almayı düşünenler varsa tavsiye ederim,pozitif,0.99883705,rastgele,292
3860.0,fiyatı çok makul,pozitif,0.9996271,rastgele,293
208784.0,çok az insan başkalarının başarısı için uğğraşır,pozitif,0.53462875,belirsiz,294
154420.0,orta yollu bir ürün tavsiye edilir.,pozitif,0.88624907,belirsiz,295
12364.0,aşırı sessiz. süper yıkıyor.,pozitif,0.8975592,belirsiz,296
192067.0,ürün zamanında geldi hemen kullanmaya başladım memnun kaldım..çok iyi..teşekürler,pozitif,0.999785,rastgele,297
32621.0,i̇htiyacımı karşılıyor. sessiz çalışıyor.,pozitif,0.9749621,rastgele,298
204566.0,* alman mali olmasi kali̇tesi̇nden belli̇.,pozitif,0.71046996,belirsiz,299
123272.0,çok kullanışlı bir ürün tavsiye ederim,pozitif,0.9996762,rastgele,300
215626.0,telefon iyi ama kamerasından yüksek beklentiniz olmasın,pozitif,0.53522766,rastgele,301
13245.0,"29.7.2016, ürün yenisi i̇le değiştirildi",pozitif,0.7072579,belirsiz,302
29301.0,joop homme ise sadece 4 puan,pozitif,0.85308635,belirsiz,303
95461.0,bu fiyata bu urunden iyisi yok.,pozitif,0.98772717,rastgele,304
124730.0,-her i̇ki̇ kamera da fena deği̇l gayet güzel,pozitif,0.97455364,rastgele,305
161731.0,tel süper ama gold değil  bildiğin kahve rengi,pozitif,0.8771618,belirsiz,306
135907.0,"oldukça hızlı, sanırım bir cep telefonu için gayet iyi.",pozitif,0.983269,rastgele,307
72504.0,herşey düşünülmüş cihazla ilgili. çok kullanışlı. tavsiye ederim,pozitif,0.99959713,rastgele,308
144012.0,bence çok kullanışlı gayet ev içinde başarılı,pozitif,0.99966395,rastgele,309
14686.0,yine de kokusu kalite fiyat değerlerini ortaya koyarsak tavsiye ederim...,pozitif,0.8006369,belirsiz,310
76751.0,güzel bir ürün..tasarruf ampulleri bu ürünle kıyaslanamaz bile...,pozitif,0.6510759,belirsiz,311
192737.0,* çaydanlığının saydamlığı,pozitif,0.6315867,belirsiz,312
71819.0,"sunumlar için ideal. bir haftadır kullanıyorum, memnunum, tavsiye ederim.",pozitif,0.99974865,rastgele,313
217252.0,yatağı bir ay önce aldım. bebem 20 günlük.,pozitif,0.6400455,belirsiz,314
213737.0,herhangibir sorun yaşamadan ürünü teslim aldın teşkkürler,pozitif,0.99975234,rastgele,315
5835.0,artıları;,pozitif,0.8612951,belirsiz,316
30289.0,uygun ve kaliteli hesaplı felan işte iyidir iyi,pozitif,0.98715496,rastgele,317
179850.0,"kaliteli, saglam bir urun. 1lt lik mataralar icin uygun degil.",pozitif,0.8545691,belirsiz,318
63871.0,köpürüyo firmanın verdiği köpük kesici iki damla damlatınca sorun kalmıyo,pozitif,0.8714647,belirsiz,319
9303.0,aktarım hızı gayet iyi.,pozitif,0.95543516,rastgele,320
121524.0,ofis için almıştım. kaliteli ürün. fazla bekletisi olmayanlar için ideal,pozitif,0.9995814,rastgele,321
96143.0,"burdan aldım, kullanıyorum, memnunum. tavsiye ederim.",pozitif,0.9997423,rastgele,322
127355.0,eski bataryamdan gayet iyi durumdadır. yalan yok tavsiye ederim.,pozitif,0.99970645,rastgele,323
10873.0,bellentimin üzerinde buldum.,pozitif,0.8347215,belirsiz,324
57287.0,"bu arada koltugu gorselde nasil goruyorsaniz, aynisi herseyiyle evinizde..",pozitif,0.9994549,rastgele,325
3105.0,çamaşır yıkamanın ilk şartı...,pozitif,0.87761486,belirsiz,326
86742.0,+ garanti süresi güzel (2+1 yıl),pozitif,0.55054843,belirsiz,327
204703.0,-full ışıklandırmalı tuş takımı ve ekran,pozitif,0.9533881,rastgele,328
183348.0,tartışmasız bir üğrün teşekkü,pozitif,0.9997085,rastgele,329
64684.0,ürünü eşim gelir gelmez denedi ve çok beğendi.tavsiye ederiz.,pozitif,0.99963665,rastgele,330
24092.0,çok çok memnun kaldım. tavsiye ederim.,pozitif,0.9995111,rastgele,331
147502.0,"* rakamlar, yazılar kalın tam istediğim gibi.",pozitif,0.96554726,rastgele,332
64296.0,fiyat performans açısından uygun bir ürün tavsiye ederim.,pozitif,0.99712414,rastgele,333
66777.0,kısaca almaya imkanı ve yeri olan hiç düşünmesin.,pozitif,0.89130616,belirsiz,334
227572.0,ürünün gerçek ölçüleri belirtilmiş durumda.,negatif,0.54256964,belirsiz,335
59737.0,i̇yi ancak beklediğimden biraz küçük,pozitif,0.99129444,rastgele,336
185966.0,çok memnun kaldım. çok hızlı teslimat.,pozitif,0.9996544,rastgele,337
223218.0,diğer 2 paketide onlara verdim.,negatif,0.7536769,belirsiz,338
6320.0,bu fiyata bu kalite gayet iyi bence,pozitif,0.99941826,rastgele,339
142543.0,teşekkürker hepsiburada.com,pozitif,0.99896336,rastgele,340
64811.0,malzeme güzel birde hepsiburada olunca daha süper hediyeleriyle geldi urunn,pozitif,0.864583,belirsiz,341
152732.0,hatalı hesapla yapmıyor,pozitif,0.86092085,belirsiz,342
28549.0,fiyatına göre  güzel bir ürün.koku hoş.,pozitif,0.9935694,rastgele,343
182854.0,çok çok farklılık yok hepsi aynı sayılır,pozitif,0.7095182,belirsiz,344
55678.0,çok teşekkürler..,pozitif,0.99960726,rastgele,345
179959.0,süper bir sesi̇ var,pozitif,0.99457633,rastgele,346
8101.0,kullanilişi: 10 üzeri̇nden 10,pozitif,0.61399287,belirsiz,347
5380.0,"mükemmel sprey elinizi çabuk tutun, bitmeden alın",pozitif,0.99946934,rastgele,348
230895.0,fi̇yata göre eh i̇şte...,negatif,0.5449957,rastgele,349
93886.0,ayrıca bu 20li paket oldukça avantajlı,pozitif,0.99805176,rastgele,350
116345.0,kullanış gayet iyi..,pozitif,0.97719496,rastgele,351
168771.0,makinamız geldi görünüşü güzel bu fiyata samsung iyi gelir.,pozitif,0.85069317,belirsiz,352
200017.0,en olumlu özelliği gerçekten çok sessiz olması.,pozitif,0.99560356,rastgele,353
142425.0,çok memnun kaldım beklentimi karşıladı perfect :)),pozitif,0.9997589,rastgele,354
181634.0,harika bir ürün çok kaliteli parasını hak ediyor.,pozitif,0.9997421,rastgele,355
203717.0,"mükemmel kalite, süper uygun fiyat",pozitif,0.9993351,rastgele,356
76988.0,bosch gsb 1300 550 watt,pozitif,0.5071878,belirsiz,357
117654.0,çok iyi.. modemin kendisinden daha güçlü bir bağlantıya sahip..,pozitif,0.99704117,rastgele,358
73253.0,görüntü kalitesi ve kanal geçişleri tatmin edici tavsiye ediyorum,pozitif,0.9997466,rastgele,359
40912.0,bir ara 80 mb/sn hızından fazla hıza şahit oldum.,pozitif,0.8868518,belirsiz,360
185190.0,"sadce pedi il uyguluyacaksınız,25 dk sonra bezle sileceksiniz... hpsi bu.......",pozitif,0.5274765,belirsiz,361
77169.0,"- pil ömrü yeterli, çabucak tükenmiyor.",pozitif,0.9700034,rastgele,362
2656.0,gayet güzel tavsiye ederim,pozitif,0.9997383,rastgele,363
140699.0,"biterse bu üründen tekrar almak isityorum,tabi bu fiyat devam ederse.",pozitif,0.95928824,rastgele,364
3144.0,"sağolsun hepsiburada. uygun,ücretsiz kargo, sorunsuz alışveriş.",pozitif,0.9987062,rastgele,365
24737.0,kimseden utanmaya gerek kalmadan,pozitif,0.99815327,rastgele,366
149515.0,fiyatı paketlemesi ve basımı,pozitif,0.7667759,belirsiz,367
66174.0,bu fiyata çok uygun tv beğendim.,pozitif,0.99976665,rastgele,368
127029.0,telefon çalışıyor.,pozitif,0.8576616,belirsiz,369
50584.0,not: arka paspaslar iki parça tek parça değil bilginiz olsun.,pozitif,0.75950867,belirsiz,370
107406.0,teşekkürler kargo hızlıydı. ürünü açmadığım için yorum yapamayacağım.,pozitif,0.6707005,belirsiz,371
211890.0,date approved:,pozitif,0.5638258,belirsiz,372
95718.0,"uygun fiyat ve hızlı kargo, teşekkürler :)",pozitif,0.9997814,rastgele,373
142149.0,ürün pratik ve kullanışlı küçük bir ürün,pozitif,0.999423,rastgele,374
92763.0,ta ki braun 9 serisi kullanmaya başlayıncaya kadar...,pozitif,0.73341554,belirsiz,375
80925.0,biraz gurultucu de olsa gelisimi ve eglenmesi icin onemli,pozitif,0.72510284,belirsiz,376
65110.0,"tasarım olarak güzel ,denemeye vaktım olmadı telsim aldım sorunsuz teşekürler",pozitif,0.98847485,rastgele,377
131187.0,anlatılmaz yaşanır ????????????,pozitif,0.69492376,belirsiz,378
179028.0,ürün hızlı geldi. teşekkürler hepsiburada,pozitif,0.9997793,rastgele,379
114819.0,"sağlam, kaliteli bir ürün.",pozitif,0.9997392,rastgele,380
124877.0,3 gunluk kullanim sonrasi yorum yapiyorum...,pozitif,0.5021897,belirsiz,381
83443.0,kitapların indirimde olması çok iyi okuyucu oranı artabilir,pozitif,0.89618415,belirsiz,382
41256.0,ürün f/p = 10 / 10,pozitif,0.5559924,belirsiz,383
182253.0,"kargo hızlı, paketleme normal",pozitif,0.5927772,belirsiz,384
210281.0,teknik ozellikleri ust orta segment.,pozitif,0.5811616,belirsiz,385
28313.0,yıllardır hemen hemen aynı kumu alırım.gayet iyi,pozitif,0.997175,rastgele,386
35697.0,"1tb sata 6 gb/s 3,5 inç 7200rpm 64mb",pozitif,0.64173526,belirsiz,387
78156.0,- gerçek değeri 6850 mah. (ürünün üzerinde belirtiliyor.),pozitif,0.5577633,belirsiz,388
129860.0,2. bile almayı düşünüyorum.,pozitif,0.63446295,belirsiz,389
93185.0,ürün  gayet iyi hepsiburada farkı ile hızlı ve güvenilir teslimat,pozitif,0.9997824,rastgele,390
171215.0,harika bir kulaklık tavsiye ederim,pozitif,0.9997675,rastgele,391
150584.0,"ilk kez bir zülfü livaneli kitabı okudum,",pozitif,0.52983725,belirsiz,392
51746.0,"basit ve kullanışlı ürün, beğendim",pozitif,0.99976593,rastgele,393
160102.0,2 gün önce elime,pozitif,0.5005039,belirsiz,394
126495.0,süper hızlı gönderi güvenilir satıcı sıfır jeletınlı urun bravoo,pozitif,0.99921334,rastgele,395
1298.0,burada önemli olan hizmet kadar ürünün kalitesi,pozitif,0.88584685,rastgele,396
49592.0,kargo biraz savurmus paketler zarar görmüş ama,pozitif,0.7226613,belirsiz,397
137491.0,-10 derecede işimigördü,pozitif,0.8439116,belirsiz,398
72639.0,hızlı kargo ve çok hızlı bir ürün,pozitif,0.99976486,rastgele,399
69564.0,ürün tam da göründüğü gibi geldi.,pozitif,0.9995753,rastgele,400
3580.0,urun baya iyi.,pozitif,0.8506812,belirsiz,401
111874.0,kargo gecikmeli de olsa önemli değil,pozitif,0.89717615,belirsiz,402
59235.0,playskool i̇lk arabam,pozitif,0.78749263,belirsiz,403
211527.0,sevgilerle...,pozitif,0.99241126,rastgele,404
126179.0,satın almadan önce dikkat edin:,pozitif,0.7773792,belirsiz,405
212054.0,sony kullanmak ayrıcalıktır bunu herkes bilmez,pozitif,0.54253304,belirsiz,406
57015.0,-bildirim ışıklarını görmek için çaba sarf etmek gerekiyor,pozitif,0.8495409,belirsiz,407
7014.0,kararsız kaldıysanız araştırmaya gerek yok hemen alın,pozitif,0.9965495,rastgele,408
34475.0,beklediğimden daha kalın.hızlı bir şekilde kargolandi.aklınız karışmasın,pozitif,0.9992023,rastgele,409
37749.0,"çift telefon taşımanın rahatlığı bu olsa gerek, performans oldukça güzel....",pozitif,0.998461,rastgele,410
167298.0,3-kumsaldaki̇ meteor,pozitif,0.6448174,belirsiz,411
123444.0,kesi̇nli̇le düşünmeden alin resi̇mdeki̇nden daha i̇yi̇,pozitif,0.8930058,belirsiz,412
127445.0,teşekkürler hepsi burada. güvenli ve hızlı teslimat.,pozitif,0.99979144,rastgele,413
14672.0,sorunsuz hizmet. şiddetle tavsiye ederim.,pozitif,0.9994842,rastgele,414
174600.0,matkaptan beklenen herşey bu üründe. tavsiye ederim.,pozitif,0.999479,rastgele,415
90859.0,"uzun süredir araştırıyordum,",pozitif,0.8735854,belirsiz,416
161846.0,i̇şlemci iyi,pozitif,0.61708736,belirsiz,417
181024.0,çabuk gönderi muhteşem sonuç uygun fiyat daha ne olsun??,pozitif,0.9995932,rastgele,418
153424.0,pilot paralel pen kalemleri ile mükemmel sonuç alıyor.,pozitif,0.9975447,rastgele,419
204632.0,piyasadakinden çok daha uygun teknoloji marketlerde daha pahalı,pozitif,0.74261075,belirsiz,420
17919.0,ürün 2 gün içinde elime ulaştı.,pozitif,0.9799644,rastgele,421
52988.0,şimdi diyorum keşke bundan 2 tane alsaymışız.,pozitif,0.53802276,belirsiz,422
144562.0,sakatlik sonrasi kullaniyorum.,pozitif,0.8851392,belirsiz,423
132520.0,"ama yinede beğendim güzel kullanışlı,,,",pozitif,0.86706954,belirsiz,424
206976.0,güzel iyi güzel güzel iyi güzel,pozitif,0.89149225,rastgele,425
209639.0,tek bir cümle ile açıklamak gerekirse mükemmel bir kış lastiği.,pozitif,0.96017563,rastgele,426
2871.0,"iyi kullanıslı, ancak kurulum kılavuzu yetersiz. fiyatına göre cok iyi.",pozitif,0.82430774,belirsiz,427
98824.0,al al al al al :),pozitif,0.7081263,belirsiz,428
8452.0,valla güzel hoşuma gitti hatta tekrardan sipariş ettim,pozitif,0.98281,rastgele,429
97941.0,bi̇co bayılıyor bu mamaya... hele de üzerine azıcık süt ekleyince:),pozitif,0.9988574,rastgele,430
108444.0,oldukça makul bi̇r fi̇yat bence.,pozitif,0.9992575,rastgele,431
54496.0,ucuz ve kullanışlı ama beyazını tavsiye ederim,pozitif,0.7807782,belirsiz,432
161033.0,fiyatı ve size sundukları konusunda çok iyi bir telefon...,pozitif,0.9987476,rastgele,433
29299.0,davidoff adventure 10 puan,pozitif,0.87555206,belirsiz,434
204974.0,asım alayoğlu,pozitif,0.5070071,belirsiz,435
186058.0,ürünle birlikte lastik değişim hizmeti verseler daha iyi olurdu..,pozitif,0.8485387,belirsiz,436
107737.0,gayet güzel ve sorunsuz alışveriş,pozitif,0.9997435,rastgele,437
112765.0,sonuç,pozitif,0.83108664,belirsiz,438
92263.0,i̇yi valla billaa,pozitif,0.88981205,belirsiz,439
173431.0,gayet güzel indirimli bir alışveriş oldu benim için,pozitif,0.9997298,rastgele,440
6785.0,gerçekten inanılmaz bir temizlik.,pozitif,0.99963045,rastgele,441
137234.0,resim linkleri ekliyorum.kendim çektim.ama yayınlanır mı bilmem.,pozitif,0.90621233,rastgele,442
142723.0,ben okul için aldım.güzel  ve kaliteli görünüyor.,pozitif,0.9997204,rastgele,443
40030.0,eğer damak tadınız varsa kesinlikle döküm tava edinmelisiniz.,pozitif,0.70015585,rastgele,444
194145.0,mükemmel çok iyi sorunsuz çalışıyor.,pozitif,0.9997881,rastgele,445
89346.0,ürün kaliteli ama tıraş jeli birazdaha büyük olabilirdi,pozitif,0.8257121,rastgele,446
25814.0,saygılarımla...,pozitif,0.9814843,rastgele,447
98387.0,aldım arabamda duruyor.,pozitif,0.6597222,belirsiz,448
225561.0,ürüün gerçekten güzell ama bazen bir takılıyor pir takılıyor,negatif,0.9791205,rastgele,449
208278.0,mitoloji.,pozitif,0.6897534,belirsiz,450
177099.0,kurulumu biraz karışık,pozitif,0.8603443,belirsiz,451
114235.0,urunu henuzz kullanmadim ama tesekkurler??,pozitif,0.9885953,rastgele,452
40853.0,orijinal bir ürün hızlı ve güvenli.,pozitif,0.99975437,rastgele,453
54769.0,ön ve arka kamera tatmin eder.. güzel kameraları var.,pozitif,0.8816501,belirsiz,454
99060.0,kesinlikle koku yapmıyor . herkese tavsiye edrim.,pozitif,0.5934103,belirsiz,455
204493.0,sesi az gibi geldi bana baska eksigi yok,pozitif,0.62869066,belirsiz,456
44738.0,hızlı gönderi güzel ürün teşekkürler,pozitif,0.9995834,rastgele,457
42139.0,sadece getirdikleri kutu ağırlıktan şekil değiştiriyor :d,pozitif,0.9580942,rastgele,458
12770.0,gönül rahatlığıyla alınabilecek bi ürün...,pozitif,0.99977154,rastgele,459
63329.0,"bilgi toplumunda yaşadığımızı biliyordum ama, hissetmemiştim.",pozitif,0.7796872,belirsiz,460
27046.0,ancak montaj için vidada var.,pozitif,0.7482396,belirsiz,461
133176.0,tost maki̇nami özelli̇kle kizim i̇çi̇n aldim çünkü hergün tost parasi.......,pozitif,0.65503275,belirsiz,462
4362.0,bilinen urunun mukemel hizmet,pozitif,0.74741095,belirsiz,463
18775.0,telefon estetik olarak güzel.,pozitif,0.82867914,belirsiz,464
78406.0,hızlı ve güvenilir alışveriş teşekkür ederim hepsiburada ya,pozitif,0.9998041,rastgele,465
80155.0,umarım sararmaz...,pozitif,0.6051004,belirsiz,466
12431.0,almak isteyen arkadaşlar bunları da değerlendirsin.,pozitif,0.6634422,belirsiz,467
25383.0,temkinli bir şekilde aldım ama ürün gayet iyi. sıfır tahriş.,pozitif,0.899337,belirsiz,468
161541.0,bir aydır kullanıyorum sorun yaşamadım. yalnız fiyatı giderek artıyor.,pozitif,0.952194,rastgele,469
118565.0,bunu aldım sağlam gibi 3 defa kullandım kullanmadım,pozitif,0.89380544,belirsiz,470
53541.0,ultra hafif yalnızca 5 gram,pozitif,0.68887645,rastgele,471
60997.0,yağlayıcı olarak kullandım  fiyatı süper,pozitif,0.9989735,rastgele,472
29308.0,farklılık isteyen hareketli insanlar için ideal derim,pozitif,0.77580935,belirsiz,473
127286.0,kesinlikle fiyat/performans olarak alınabilir bir ürün.,pozitif,0.9994318,rastgele,474
12059.0,"merhaba arkadaşlar,",pozitif,0.8262114,belirsiz,475
132035.0,"*bel rahatsızlığa olanlar,",pozitif,0.53265136,belirsiz,476
89392.0,"kaliteli, uygun fiyat ve hızlı teslimat süper!",pozitif,0.9997297,rastgele,477
59287.0,fotograftaki gibi ayakta gezcek yada oturcak üstüne,pozitif,0.85645837,belirsiz,478
54864.0,kulaklik yeni elime gecti,pozitif,0.72327036,belirsiz,479
133256.0,yağmur kiliç/ağri/doğubayazit/30 yaş,pozitif,0.54751,belirsiz,480
110435.0,kalıtelı ürün hızlı gonderım tesekkurler,pozitif,0.99956614,rastgele,481
78114.0,-yurtiçi kargo (ürünle alakalı değil ama benim için eksi),pozitif,0.72885436,belirsiz,482
2556.0,hızlı göndri ve güzel ürün,pozitif,0.9995142,rastgele,483
80145.0,ürün gayet kaliteli.hızlı ve sorunsuz bir şekilde tarafıma ulaştı.,pozitif,0.9997744,rastgele,484
41574.0,bu fiyata kacirmayin derim.,pozitif,0.99947816,rastgele,485
190881.0,kaliteli ve hesaplı aynı zamanda hızlı gönderi.,pozitif,0.99975115,rastgele,486
218568.0,bende etki olmadı hic guzel degil ürün,negatif,0.999752,rastgele,487
109117.0,mukemmel lezzet mutlaka bu üründen satın alınız.,pozitif,0.99960333,rastgele,488
142586.0,gayet güzel. fiyatına göre. teşekkür ederim. hepsiburada.com.'a.,pozitif,0.99958867,rastgele,489
78233.0,xperia z3 kullanıyorum kendi şarjından daha hızlı şarj ediyor.,pozitif,0.74028146,rastgele,490
198528.0,"bazen iki defa, üç defa balık pişiriyoruz,",pozitif,0.8041287,belirsiz,491
16888.0,hızlı şarj cihazı değil ama  yinede güzel bir cihaz,pozitif,0.5362024,belirsiz,492
58498.0,kaliteli ve şık bir ürün tavsiye ederim,pozitif,0.99974734,rastgele,493
221959.0,boya normali̇nden daha fazla sulandirdiğim halde atmiyor,negatif,0.9996836,rastgele,494
133786.0,memnunuz..gayet güzel.kullanışlı..iyi marka.hızlı kargo daha ne diyelim,pozitif,0.99974173,rastgele,495
215477.0,ürün çok güzel internette gezinirken tesadüfen rastladım.beğenerek kullanıyorum,pozitif,0.9997793,rastgele,496
179459.0,arka freni sökünce mil büyük geliyor ve oynuyor,pozitif,0.99144685,rastgele,497
46535.0,benim gözünde nokıa 3310 kalitesinde bir saat :) :),pozitif,0.9745292,rastgele,498
158632.0,iyi yani,pozitif,0.5993867,belirsiz,499
183526.0,aracınız daha sonraki günlerde kirlense bile parlaklıgı kalıyor .,pozitif,0.7001179,belirsiz,500
165127.0,olması gerektiği gibi fiyatı ile kıyasladığında normal,pozitif,0.68785816,rastgele,501
99765.0,isıtıcımın derecesiyle aynı dereceyi gösteriyor.,pozitif,0.62274665,belirsiz,502
166782.0,artilar: 1 ön kamera ( çok güzel çeki̇yor odaği güzel),pozitif,0.7708885,belirsiz,503
174573.0,oldukça güçlü olduğunu söyleyebilirim. beklentileri fazlasıyla karşılayacağına eminim. tavsiye ederim.,pozitif,0.9997564,rastgele,504
24923.0,evet güzel bir ürün tavsiye ederim,pozitif,0.9754347,rastgele,505
135053.0,mutlaka 1*4 boyutunda kahverengi(doğal ve beyazlatılmamış) kağıttan filtre kullanınız.,pozitif,0.82370836,belirsiz,506
111385.0,başarılı olduğunu düşünüyorum tercih edebilirsiniz,pozitif,0.9996228,rastgele,507
224115.0,daha iyi olabilirdi.,negatif,0.8935498,belirsiz,508
187138.0,ürün güzel kullanışlı hafif ergonomik.,pozitif,0.9994093,rastgele,509
13175.0,ürünü kullandık  hiç yağ kullanmadan çok güzel pişiriyor.tavsiye edilir.,pozitif,0.9997191,rastgele,510
133233.0,kullanmanızı tavsiye ederim.,pozitif,0.92283195,rastgele,511
127328.0,kasım 2016 tarihli pil geliyor.,pozitif,0.66017574,belirsiz,512
159237.0,1- ürün fiyatına göre görsellik ve sağlamlık açısından iyi,pozitif,0.82481986,rastgele,513
38978.0,kablosu çok uzun tek fiş ile bütün ev süpürüldü.,pozitif,0.80462205,belirsiz,514
157570.0,*geldiği zaman parçaları kullanmanız durumunda öğreniyorsunuz,pozitif,0.8240238,belirsiz,515
180131.0,"ürün güzel,paketleme güzel yapılmış hasarsız çalışır halde elime ulaştı, teşekkürler",pozitif,0.9997203,rastgele,516
141016.0,aldık.bi güzel şişirdik.evde kocaman bi,pozitif,0.7724721,belirsiz,517
33029.0,4-5 güne geldi fakat ürün güzel,pozitif,0.8880499,belirsiz,518
57241.0,tuşları sessiz,pozitif,0.708019,belirsiz,519
40908.0,verdiği hız değerlerinin üzerine çıkan bir ürün + hızlı kargo,pozitif,0.5214928,belirsiz,520
120242.0,okuma:259 mb/s,pozitif,0.6279906,belirsiz,521
144586.0,bılegınızın ıyılesmesını sansa terketmeyın,pozitif,0.6679319,belirsiz,522
56906.0,ürün 2 gün içerisinde elime ulaştı.,pozitif,0.9851886,rastgele,523
40123.0,gayet güzel ve ağır bi ürün. sinbodan beklenmeyen hareketler,pozitif,0.83716756,belirsiz,524
108056.0,fiyat uygun ama alternatif başka ürünlerede bakılabilir. yerli ürünlerde.,pozitif,0.6117315,belirsiz,525
3091.0,hem ücretsiz kargo hem piyasaya göre yarı fiyata geldi resmen.,pozitif,0.99949336,rastgele,526
202530.0,ürün güzel fakat bu fi̇yata dişardanda alinabi̇li̇r,pozitif,0.9035716,rastgele,527
37133.0,3 home tuşunuda ekliyerek kosa süre tutun.,pozitif,0.8346221,belirsiz,528
169314.0,kısacası kamera dışında cihaz güzel.,pozitif,0.71687645,belirsiz,529
211871.0,vs vs,pozitif,0.72553736,belirsiz,530
203277.0,2 yıldır kullanıyoruz çok kullanışlı bir ürün. tavsiye ederim.,pozitif,0.9997211,rastgele,531
49597.0,hi̇zmet  kali̇tesi̇  güzel,pozitif,0.8873505,belirsiz,532
8176.0,çok faydalı bir ürün bence herkese tavsiye ederim,pozitif,0.9997193,rastgele,533
16626.0,ürün orji̇nal sikinti yok tavsi̇ye ederi̇m i̇hti̇yaci olan alsin,pozitif,0.8068162,rastgele,534
4400.0,helal olsun.,pozitif,0.9986106,rastgele,535
191971.0,perde geldi ilginiz için teşekkür ederim,pozitif,0.7225862,belirsiz,536
190933.0,bu ürün bu fiyata kaçmaz.,pozitif,0.99967897,rastgele,537
175472.0,evet bu ne hiz!,pozitif,0.7803111,belirsiz,538
88081.0,"- akılda kalan koku: spor, serinlik, tazelik (bergamot, limon, lavanta)",pozitif,0.6821792,belirsiz,539
114027.0,bebek süreklil oynuyor bununla oyalamak için güzel bir icat tesekurler,pozitif,0.8864076,belirsiz,540
120331.0,32 gb lık olanı bende var.,pozitif,0.50454086,belirsiz,541
145843.0,aldığım ürün beklidiğim gibi çıktı...,pozitif,0.9988323,rastgele,542
145470.0,üründe gelcek sonra işalah güzeldir yeşil lazer,pozitif,0.5494523,belirsiz,543
12165.0,telefon güzel bu telefona alışınca diğerleri oyuncak gibi geliyor..,pozitif,0.8199844,belirsiz,544
40475.0,okuma:15 mb/sn,pozitif,0.7360237,belirsiz,545
210323.0,bu paraya bu telefon inanılmaz alın görün o kadar diyorum,pozitif,0.89785767,belirsiz,546
142554.0,almayı düşünenler:,pozitif,0.54422057,belirsiz,547
7300.0,1.tasarim burdayim diyor okadarki diyorsun elimden birakmayayim,pozitif,0.5079204,belirsiz,548
102831.0,koku: 5,pozitif,0.52264935,belirsiz,549
30799.0,"doğumdan itibaren kullanıyoruz, pişik yapmıyor",pozitif,0.9939892,rastgele,550
123360.0,sorunsuz fakat biraz geç 3 günde geldi.,pozitif,0.8676349,belirsiz,551
33943.0,un,pozitif,0.7301979,belirsiz,552
120059.0,bu fiyat aralığında usb 3.0 özelliğinde olan en güzel ürün..,pozitif,0.9996686,rastgele,553
78540.0,note 4 bataryam 3220 mah.,pozitif,0.7494199,belirsiz,554
160133.0,-srj ii iki gün rahat gidio (normal kullanım),pozitif,0.8927154,belirsiz,555
112756.0,i̇sofix mi kemer bağlantılı mı:,pozitif,0.64918506,belirsiz,556
108316.0,sürekli kullandığım bir ürün hepsiburada farkı ile bize sunuluyor.,pozitif,0.9992561,rastgele,557
118183.0,"hızlı kargo, çoook uygun fiyat ve ürün şimdilik gayet sorunsuz",pozitif,0.9997465,rastgele,558
212770.0,zaten farkını kullanınca gösteriyor.son yılların efsane telefonlarından.,pozitif,0.9996871,rastgele,559
105064.0,ortalama genel puanım:7.,pozitif,0.79875916,belirsiz,560
148616.0,her zaman ki gibi hızı teslimat. ayrıca kitap muhteşem.,pozitif,0.99975616,rastgele,561
95096.0,kokusu ve kullanılışı harika :)) tavsiye ederim,pozitif,0.9997423,rastgele,562
29536.0,fiyatına göre mükemmel bir ürün,pozitif,0.9996697,rastgele,563
49325.0,fiyatı daha ucuz olsa keşke.,pozitif,0.5570369,belirsiz,564
79450.0,ürün çok güzel rengi deseni çok hoş,pozitif,0.99947816,rastgele,565
211251.0,- diğer tüm özellikler aynı zaten.,pozitif,0.80722654,belirsiz,566
17884.0,aynı ürün diğer satıcılar da neredeyse 2 katı fiyatı,pozitif,0.52295005,belirsiz,567
80345.0,zaten severek kullandığımız bir tad fiyat mükemmel çok hızlı kargo.,pozitif,0.99974436,rastgele,568
199074.0,hizli gon derim icin tesekkurler,pozitif,0.9969657,rastgele,569
47035.0,şık ve spor bi saat.. çok kullanışlı..,pozitif,0.9996313,rastgele,570
216783.0,henüz kullanmadık ancak ürünün kalitesi kendini gösteriyor,pozitif,0.99515826,rastgele,571
202087.0,biraz soguk tutar gibi geldi ama ihtiyacınız varsa ideal,pozitif,0.60093784,belirsiz,572
198059.0,günlük kullanım için ideal ürün,pozitif,0.999204,rastgele,573
63275.0,bakim dönemi̇ geli̇nce 4lt olanini da alacağim.,pozitif,0.89983875,belirsiz,574
224281.0,ürüne bi̇ ton para veri̇p almiştim 2 yil önce,negatif,0.85932493,rastgele,575
89447.0,kargo zamanda geldi,pozitif,0.9616129,rastgele,576
117327.0,i̇yi iyi iyi iyi iyi,pozitif,0.7936553,belirsiz,577
226824.0,tek iyi yanı zamanında gelmiş olması.,negatif,0.78468305,belirsiz,578
116095.0,görümdüğü gibi kllanuşlı güzel.,pozitif,0.6031191,belirsiz,579
80836.0,m bedensenız s beden sipariş edin,pozitif,0.57122964,belirsiz,580
153516.0,"çok kullanışlı bir kalem, davetiye kalemi olarak aldım memnunum",pozitif,0.9997278,rastgele,581
33669.0,bize gelen ürün merinos palet serisi pt-001-060.,pozitif,0.62071174,belirsiz,582
32478.0,3. ayımıza girdik. çok şükür mama kullanmadık daha.,pozitif,0.8197844,belirsiz,583
195365.0,ürünü beğendim. montaj konusunda her ayrıntıyı düşünmüşler.,pozitif,0.99973613,rastgele,584
143535.0,ürün yeterli sağlamlıktadır. güvenli ve rahatça kullanılabilir.,pozitif,0.9997404,rastgele,585
53244.0,kargo çok hızlı bir günde geldi teşekkürler,pozitif,0.99971825,rastgele,586
83154.0,"kuyucaklı yusufun ve kaymakamın hazin öyküsü,muhteşem...",pozitif,0.99810326,rastgele,587
105058.0,bilinirlik:8,pozitif,0.75379264,belirsiz,588
226224.0,ürünün çekim kuvveti fena degil fakat tutacak kısmı çabuk kırılabilir.,negatif,0.9888377,rastgele,589
160468.0,hızlı kargo bu siteden memnunum tavsiye ederim,pozitif,0.99977404,rastgele,590
88924.0,ürün hemen elime ulaştı.henüz sadece deneme yaptık sonucu bekliyoruz,pozitif,0.60924083,belirsiz,591
93471.0,"avantajları,",pozitif,0.7224877,belirsiz,592
204701.0,-ekranının geniş ve net olması,pozitif,0.7822744,belirsiz,593
45087.0,internetten alışveriş yapmaya hala korkanlarımız var.güvenli alışverişin adresi burası !,pozitif,0.99618393,rastgele,594
175551.0,aradığımızı bulduk desek fena olmaz. asus n14 e güvenin.,pozitif,0.9987431,rastgele,595
65884.0,nede olsa samsung,pozitif,0.8403944,belirsiz,596
26096.0,"- yanında verilen başlıklar çeşitlendirilebilirdi,",pozitif,0.51998687,belirsiz,597
26698.0,bende aldım çok güzel fakat beni tereddüt eden,pozitif,0.69780517,belirsiz,598
155439.0,ürün gayet kullanışlı almak isteyen arkadaşlara tavsiye ederim,pozitif,0.99974674,rastgele,599
208890.0,okuyun ve okutun diyorum.....,pozitif,0.51054657,belirsiz,600
60203.0,urunu cok begendim bekledigimden daha iyi,pozitif,0.9997842,rastgele,601
10115.0,* çok kalın olmaması,pozitif,0.7101956,belirsiz,602
189242.0,terci̇h sikintisi çekene tavsi̇ye ederi̇m.,pozitif,0.7106707,belirsiz,603
71210.0,2- ci̇haz pri̇ze di̇rekt takiliyor.,pozitif,0.8220756,belirsiz,604
91893.0,aradigim diş ipini burada buldum çok kalitelisiniz çok teşekkurler,pozitif,0.9996723,rastgele,605
162780.0,-leri,pozitif,0.5277607,belirsiz,606
26942.0,ürün hakkındaki düşüncemi de kullanınca yazacağım.,pozitif,0.8871474,belirsiz,607
132812.0,"ürün gayet güzel ve şık, fiyatta ekonomik hepsiburadaya teşekkür.",pozitif,0.9997248,rastgele,608
220985.0,biraz daha enli bekliyordum,negatif,0.8149329,belirsiz,609
215623.0,akıllı telefon kullanamayanlar için gerçekten çok güzel bir telefon.,pozitif,0.9938591,rastgele,610
76228.0,uygulamanın türkçe desteği olsa daha iyi olabilirdi.,pozitif,0.598,belirsiz,611
37205.0,fiyatına göre iyi. takıp çıkarması da kolay.,pozitif,0.9993223,rastgele,612
205136.0,i̇yi sıcak tutuyor lakin ayağı terleyenler almamalı,pozitif,0.86310595,belirsiz,613
104507.0,çok kaliteli bir ürüne benziyor. bebeğim hiç rahatsız olmadı.,pozitif,0.99973303,rastgele,614
230325.0,abartılacak kadar bir çekim özelliği yokmuş parasına gore normal,negatif,0.9977537,rastgele,615
108105.0,"ürün gerçekten toz deterjanlardan çok farklı..çamaşırlar lekesiz,pırıl pırıl..",pozitif,0.92871326,rastgele,616
110955.0,teni̇ne temas etmi̇yor kendi̇ haznesi̇nde çi̇şi̇ hapsedi̇yor,pozitif,0.7195795,belirsiz,617
84115.0,tüm serisini sipariş verdim.,pozitif,0.98968446,rastgele,618
112102.0,kaliteli ve güzel bir ürün.,pozitif,0.99975365,rastgele,619
123034.0,+ üst tarafın elekli olması,pozitif,0.6947108,belirsiz,620
168870.0,2-kapağının açılmaması için ayrıca çocuk kilidi,pozitif,0.54756534,belirsiz,621
124904.0,iyi günler.,pozitif,0.98345447,rastgele,622
8370.0,gayet güzel bir ürün çok memnun kaldım.,pozitif,0.99977773,rastgele,623
97.0,ürün fiyatına göre çok iyi tavsiye ederin hızlı kargo,pozitif,0.9997534,rastgele,624
158757.0,bu tarz ihtiyacı olan herkese tavsiye ederim.,pozitif,0.9996593,rastgele,625
85731.0,günde iki kere  2şer dk fırçalarsanız bir hafta gidiyor şarjı.,pozitif,0.6289532,belirsiz,626
88486.0,"hasan sabbahın alamut kalesinin, cennet bahçelerinin ve fedaîlerinin tarihi romanı",pozitif,0.8674069,belirsiz,627
227330.0,çok güzel bir adım ama fiyat farkı cok yuksek....,negatif,0.9605467,rastgele,628
209618.0,"2016 43.hafta üretimi, yumuşak lastik deneyip gorecegiz",pozitif,0.5305529,belirsiz,629
89341.0,ürünü anlatmaya gerek yok hepsiburada kalitesi birleşince mükemmel ötesii oluyor,pozitif,0.9995629,rastgele,630
178813.0,çok iyi fiyatı da gayet makul,pozitif,0.9996145,rastgele,631
200752.0,-800 watt olması (benzerleri genelde 700watt),pozitif,0.57087064,belirsiz,632
180784.0,toplamda 10 üzerinden 7-8arası puan verebilirim.,pozitif,0.76883996,belirsiz,633
140642.0,koşu bandı alan veya kullanan arkadaşlar muhakkak yağ almalılar.,pozitif,0.8676827,belirsiz,634
118337.0,güzel ürün ve hızlı kargo için teşekkürler.,pozitif,0.9996699,rastgele,635
167425.0,"eski günleri hatırlatıyor, çok başarı dolu günler.",pozitif,0.98525006,rastgele,636
81797.0,şarj göstergesinin olmaması büyük eksiklik ama fiyat/performans'ı düşürmüyor.,pozitif,0.8839529,belirsiz,637
47259.0,6yildir kullaniyorum darbelere dayanikli,pozitif,0.8165208,belirsiz,638
140266.0,pakistanda üretilmiş o yüzden bu fiyat sanırım.,pozitif,0.5513088,belirsiz,639
156674.0,selamlar..,pozitif,0.7609711,belirsiz,640
85424.0,sonuç olarak tavsiye ederim. hayatımı kolaylaştırdı ve,pozitif,0.9997658,rastgele,641
204931.0,"duvarda delme çapı, maks.&#9;8.0 mm",pozitif,0.67687213,belirsiz,642
232108.0,basit bir devre bu kadar mı zor sanki.,negatif,0.8761965,belirsiz,643
5739.0,kalite belli ama uygun fiyat için hepsiburada ailesine teşekkürler...,pozitif,0.69266415,belirsiz,644
301.0,diğer bezler ile kıyaslanamaz. bizim ufaklıkların vazgeçilmezi. tavsiye olunur...,pozitif,0.99926895,rastgele,645
227690.0,yani denilebilirki,negatif,0.64651406,belirsiz,646
197489.0,"kaliteli, çok şık",pozitif,0.9996661,rastgele,647
9488.0,bana gelende mavi led var beyaz olsa daha iyi olurdu.,pozitif,0.8810628,belirsiz,648
128392.0,12- radyo var ve çalışıyor.,pozitif,0.8149487,belirsiz,649
35719.0,"yükseklik 26,1 mm",pozitif,0.5468435,belirsiz,650
226527.0,boyut  olarak %50 daha büyük olmalı,negatif,0.79263675,belirsiz,651
51677.0,ürün güzel hatta bekledigimden büyük çıktı sorunsuz ulaştı,pozitif,0.99940777,rastgele,652
133784.0,son derece memnunum. siz de güle güle kullanın.,pozitif,0.9995708,rastgele,653
107413.0,kalıcı ve pudramsi çiçek kokusu oneririm,pozitif,0.5582038,belirsiz,654
36271.0,hassasiyeti iyi,pozitif,0.63944376,belirsiz,655
220792.0,arkadaşlar hic kazanli ütü kullanmayan birisine alsanız belki beğenir.,negatif,0.9377386,rastgele,656
126.0,çok kullanışlı ve de kuvvetli,pozitif,0.9996946,rastgele,657
47159.0,güzel ve sık bir saat,pozitif,0.83615935,belirsiz,658
19672.0,f/p çok iyi ürün kaçırmayın alın derim.,pozitif,0.99959534,rastgele,659
188978.0,"ürünü 5-6 aydir kullaniyoruz, şi̇mdi̇li̇k bi̇r sorun yok.",pozitif,0.998719,rastgele,660
222648.0,15-20 saniye sürüyor açılması,negatif,0.84273326,belirsiz,661
38036.0,pros:,pozitif,0.6330468,belirsiz,662
64709.0,"motor kısmı çığlık atmıyor, vınlayan sesler çıkarmıyor.",pozitif,0.9996482,rastgele,663
94777.0,- 3 kademeli ısı ayarı,pozitif,0.7449811,belirsiz,664
33148.0,oğlum 4 yaşında biraz zorlanacak gibi.,pozitif,0.554091,belirsiz,665
8071.0,2016 - 3. hafta üretimi.,pozitif,0.629639,belirsiz,666
111879.0,i̇yiydi,pozitif,0.9577039,rastgele,667
45162.0,uzun vadeli yatırım için taksitli uygun bence,pozitif,0.7447402,belirsiz,668
44086.0,dışardan alacağımızın yarı fiyatına aldık.. çok kaliteli...,pozitif,0.9995927,rastgele,669
25862.0,-isterseniz fırçasıyla kendiniz manuel yapın.,pozitif,0.5880591,belirsiz,670
53211.0,3 gündür kullanıyorum.  ilk kullanımdan itibaren farkı görüyorsunuz.  mükemmel temizliyor.,pozitif,0.9996847,rastgele,671
121702.0,normal kullanicilar icin ev icinde ideal,pozitif,0.7466325,belirsiz,672
96602.0,yeni aldım ve memnun kaldım,pozitif,0.99975234,rastgele,673
134154.0,iki adet aldım.seri olarak geldi.,pozitif,0.82643867,belirsiz,674
16023.0,çok memnun kaldım.,pozitif,0.99949074,rastgele,675
177815.0,hepsi̇ burada ya çok teşekkür ediyorum.,pozitif,0.8434639,belirsiz,676
197822.0,torunlarıma kalacak bir miras oldu herhalde,pozitif,0.96811175,rastgele,677
46854.0,gayet güzel bi̇r alişveri̇ş oldu teşekkürler,pozitif,0.9997725,rastgele,678
149744.0,"çok iyiydi. objektif bakış, kalemine zaten diyecek söz yok.",pozitif,0.9981172,rastgele,679
173874.0,burdaki fiyat mağazadaki fiyatın 5 te 3 ü kadar.,pozitif,0.6568973,belirsiz,680
174369.0,bu fiyatia bu marka super tesekkurler,pozitif,0.9996449,rastgele,681
30747.0,"gayet kullanışlı, iyi alabilirsiniz. harika",pozitif,0.99973565,rastgele,682
11569.0,+ şarj konusunda iyi,pozitif,0.56890863,belirsiz,683
129149.0,iş görüyor tekrar ihtiyacım olursa aynı üründen sipariş veririm.,pozitif,0.5904366,belirsiz,684
173446.0,en az 4 sene dayanır ( iyi kullanmayla),pozitif,0.7838603,belirsiz,685
194135.0,kaliteli bir ürün tavsiye ederim. tşk. hepsiburada,pozitif,0.99975556,rastgele,686
134893.0,kahve içmek istiyorsanız arçelikten şaşmayın...,pozitif,0.7885273,belirsiz,687
24701.0,kali̇teli̇ ürünleri̇ bi̇zi̇mle ucuza buluşturan hepsi̇burada ya teşekkürler,pozitif,0.9995166,rastgele,688
12812.0,ürün güzel ve fiyatı uygun. hemen elime ulaştı. tavsiye ederim.,pozitif,0.9996989,rastgele,689
143262.0,bu fiyata bahane bulmayın alın...,pozitif,0.9925713,rastgele,690
220849.0,4-5 günde geldi.,negatif,0.6874093,belirsiz,691
211656.0,foto çekmeyi seviyorum diyorsanız bu telefon muhteşem.,pozitif,0.99843353,rastgele,692
100906.0,kuşunuz varsa bu tünekten kesinlikle olmalı..,pozitif,0.60465723,belirsiz,693
204977.0,çok işimi gördü,pozitif,0.9995585,rastgele,694
47412.0,uygun fiyatlı ve kullanışlı bir ürün,pozitif,0.999648,rastgele,695
187947.0,- temizlik yaparken yanında gönderilen kokusundan damlattığınızda hoş koku yayılıyor.,pozitif,0.8731363,belirsiz,696
135092.0,-kapak açıldığında off konumunda olmasına rağmen alarm veriyor (gereksiz).,pozitif,0.9990075,rastgele,697
228974.0,fiyat daha iyi olabilirdi...,negatif,0.7951851,belirsiz,698
209165.0,"dış görünümü harika olmasa da fonsiyonları, sessiz çalışması çok güzel.",pozitif,0.99366236,rastgele,699
15703.0,ürün orjinal ve gönderi hızlı.tavsiye ederim.,pozitif,0.999742,rastgele,700
103393.0,"883 ile başlayan i̇ngiltere çıkışı,",pozitif,0.78030396,belirsiz,701
172318.0,2-bi̇lgi̇sayara di̇rek bağlanti kablosu yok.,pozitif,0.9997216,rastgele,702
13737.0,mükemmel bir ürün bedelini hakediyor.,pozitif,0.9996866,rastgele,703
129196.0,ürün fiyatına değer kalitede ne çok kotu nede çok kaliteli,pozitif,0.9880668,rastgele,704
89518.0,ürünün kaliteside iyi fiyatıda düşmüş alım zamanı tavsiye ederim,pozitif,0.83444697,belirsiz,705
45080.0,dikkatli ve bilinçli kullanılırsa yıllarca iş görür.,pozitif,0.9980107,rastgele,706
22205.0,3) bol köpüklü kahve yapar.,pozitif,0.8376131,belirsiz,707
225612.0,kulaklik cok iyi değil ama parasini hakediyor.,negatif,0.7153645,belirsiz,708
109858.0,piyasa şartlarına göre ve fiyatıda göz önünde bulundurulur ise iyi,pozitif,0.8075643,rastgele,709
199118.0,komisyon isterim :),pozitif,0.67765296,belirsiz,710
13149.0,"amatorler icin cok iyi, bu fiyata bedavadan biraz pahali",pozitif,0.6672643,belirsiz,711
1196.0,"hızlı, kaliteli ve güvenilir alışveriş oldu.",pozitif,0.99970055,rastgele,712
211921.0,1.59 w/kg,pozitif,0.67280906,belirsiz,713
33111.0,markettekilerden bile yeni tarihli geldi,pozitif,0.96628267,rastgele,714
150029.0,herkesin okuması gereken bir kitap.,pozitif,0.9992612,rastgele,715
33492.0,makina gayet güzel ve kullanışlı. teslimat  süresi de mükemmel.,pozitif,0.99976283,rastgele,716
182913.0,ürün elime yaklaşık 3 günde geçti,pozitif,0.87369967,belirsiz,717
142063.0,kullandıktan sonra,pozitif,0.72521424,belirsiz,718
195936.0,fiyat/performans olarak çok iyi,pozitif,0.999705,rastgele,719
2772.0,"ekonomik, uygun, hızlı ve kaliteli. teşekkürler",pozitif,0.99965286,rastgele,720
84447.0,"güzel kullanışlı ve gayet şık, hızlı kargo h.b. teşekkür ederim...",pozitif,0.9997837,rastgele,721
229397.0,pikenin çok ince çarşaftan farkı yok,negatif,0.9989458,rastgele,722
187095.0,15.10.2008,pozitif,0.52532655,belirsiz,723
11942.0,fiyat performansa göre hakkını veriyor alacaklar hiç düşünmeden alın.,pozitif,0.99971396,rastgele,724
87686.0,potansiyel alıcılar ve meraklıları için fikir olması açısından;,pozitif,0.5979796,belirsiz,725
9502.0,"hızlı kargo, güzel ürün. oldukça tatmin edici transfer hızı.",pozitif,0.9997706,rastgele,726
67215.0,i̇lçede oturmama rağmen sipariş verdiğim günün ertesi akşamı ürün evimdeydi.,pozitif,0.76995575,belirsiz,727
10964.0,hem saglamlik acisindan hem de hızlı teslimat teşekkür ederiz,pozitif,0.999624,rastgele,728
195044.0,ödenen meblağa değer kısacası cüzi bir meblağa mobil dolap,pozitif,0.5368473,belirsiz,729
128971.0,ayrıca telefon çok ısınmıyor. rahatsız edecek bir durum yok.,pozitif,0.9991191,rastgele,730
99528.0,çok severek yiyorlar bence faydalı ve kaliteli bir ürün,pozitif,0.99971336,rastgele,731
53564.0,- nasıl tutarsanız tutun kulp elinize oturuyor.,pozitif,0.5613061,belirsiz,732
34249.0,1. ürün kesinlikle 100 watt veya biraz üzerinde ışık veriyor.,pozitif,0.6585053,belirsiz,733
28226.0,herşeyiyle çok iyiydi çok teşekkürler,pozitif,0.9995958,rastgele,734
44510.0,tşklrr,pozitif,0.6342216,belirsiz,735
123637.0,sadece bi̇raz büyük,pozitif,0.8083009,belirsiz,736
203013.0,"farklı ve tanınmış firmaların ürünlerini de kullandım,",pozitif,0.8691355,rastgele,737
114331.0,sebamed çok iyi bi marka... ürünlerinden çok memnunum...,pozitif,0.99973553,rastgele,738
131387.0,biraz ağır. sağlamlığı güven veriyor.,pozitif,0.8311243,rastgele,739
155763.0,yapışma değilde vantuzlu olsa daha güzel olabilirdi.belki,pozitif,0.8533171,rastgele,740
198207.0,1 bardak brita dan süzülmüş su içtim artından direk musluktan..,pozitif,0.5516133,belirsiz,741
34157.0,oldukça iyi ışık veren performans ürünü.,pozitif,0.99973756,rastgele,742
181696.0,ama mutfak için biraz kısık gelebilir bunun suyu.,pozitif,0.82440615,belirsiz,743
119229.0,günay köroğlu,pozitif,0.82674104,rastgele,744
79348.0,ürün göründüğü gibi çok şeker :),pozitif,0.5884138,belirsiz,745
201043.0,öncelikle ürün kısa süre içinde geldi . bu bi artı,pozitif,0.8555482,belirsiz,746
416.0,"sızdırmaz ve yüksek emici, kaliteli urun",pozitif,0.99961627,rastgele,747
109881.0,ürünü anlatmaya gerek bile yok.gerçekten kalitesi tartışılmaz. super,pozitif,0.99958116,rastgele,748
645.0,ürün mükemmel indirimler sayesinde cok kazancım oldu,pozitif,0.9996673,rastgele,749
188421.0,daha yeni siparis ettim ertesi gun gelmek nedir yahuuu?? :),pozitif,0.8330395,belirsiz,750
174657.0,ahşap için: 4 5 6 8 mm,pozitif,0.6728498,belirsiz,751
182677.0,normal süngerden farklı işe yarar ürün,pozitif,0.5329991,belirsiz,752
52466.0,düzenli kullanımda tüylerin çıkmasını geciktriyor ve azaltıyor.,pozitif,0.8806331,rastgele,753
89163.0,5 üzerinden 5 fazla bir şey demeye gerek yok,pozitif,0.95308,rastgele,754
1973.0,dısarıya gore bayagı karlı eyvallah,pozitif,0.8250532,belirsiz,755
121310.0,gayet iyi..,pozitif,0.6041231,belirsiz,756
188155.0,"şeffaf hazne olması,hepa filitre olması ve gövdesinin mini olması artı",pozitif,0.50952643,belirsiz,757
73818.0,3-usbden film oynatma güzel,pozitif,0.75922954,belirsiz,758
229934.0,ürün az önce elime geçti hevesle hemen denedim,negatif,0.9114018,rastgele,759
122460.0,fazla iyi soğuttuğu söylenemez ama şık,pozitif,0.6633114,belirsiz,760
63391.0,"kullanımı çok basit ve kolay öğreniliyor,",pozitif,0.6955259,belirsiz,761
210599.0,gelelim ürün incelemelerime;,pozitif,0.5375376,belirsiz,762
107714.0,hızlı kargo kalite tskler memnun oldum,pozitif,0.9997794,rastgele,763
149606.0,hem hizmet hemde fiyat  açısından çok iyi,pozitif,0.99968433,rastgele,764
124507.0,ön kamera arka kamera miss .,pozitif,0.610686,belirsiz,765
64261.0,metal borular biraz dayanıksız gibi,pozitif,0.8705525,belirsiz,766
79163.0,resimdekinden daha güzel tereddütsüz alabilirsiniz,pozitif,0.99952734,rastgele,767
77300.0,çok şık.bu fiata bu kalite gayet iyi,pozitif,0.99967897,rastgele,768
134075.0,çok pratik ve küçük.yalnız içinden üçgen tost aparatı çıkmadı.,pozitif,0.68432736,belirsiz,769
223745.0,dediğim gibi orjinal değil fakat fıyatına göre iyi,negatif,0.63198245,belirsiz,770
1251.0,fiyat ve hızlı kargo için tesekkür ederim,pozitif,0.9993272,rastgele,771
161574.0,+ yapısı sağlam.,pozitif,0.7068379,belirsiz,772
231765.0,sıkınca güzel kokuyor ancak sonra soğan gibi kokusu var almayın,negatif,0.99973387,rastgele,773
222443.0,"sipariş verdik, kargo getirdi ve servis kurdu.sonuç; bir hayal kırıklığı",negatif,0.99724543,rastgele,774
65455.0,entegre anti-kireç sistemi :var,pozitif,0.81639063,belirsiz,775
53660.0,+mercek ler kaliteli,pozitif,0.85356283,belirsiz,776
121019.0,ben 2 ay önce aldım hiç bişey olmadı,pozitif,0.8253335,belirsiz,777
11696.0,merhaba arkadaşlar;,pozitif,0.73590136,belirsiz,778
15745.0,süper batarya cok memnun kaldım,pozitif,0.99976164,rastgele,779
48849.0,çok güzel bir kitap alınmasını tavsiye ederim,pozitif,0.99963784,rastgele,780
314.0,ikinci prima ile büyüyen bebeğim,pozitif,0.663006,belirsiz,781
97406.0,tabi bunu kullandıktan sonra beyazlatıcı diş macunu kullanmanızı öneririm,pozitif,0.5845333,rastgele,782
204259.0,3--ürün şık ve kibar görünümlü,pozitif,0.94746995,rastgele,783
76828.0,denedim çalışıyor dayanıklı görünüyor. evde  kesinlikle yeter,pozitif,0.9993476,rastgele,784
148613.0,hızlı -orjinal ve uygun fiyat. teşekkürler hepsiburada,pozitif,0.9996118,rastgele,785
21052.0,memnun kaldım ürün zamanın da geldi,pozitif,0.9997842,rastgele,786
17611.0,hızlı,pozitif,0.5711437,rastgele,787
71650.0,teşekkürler en hızlı şekilde elime geçti,pozitif,0.99974257,rastgele,788
37870.0,kamera özellikleri dokinmatigi güzel,pozitif,0.8185759,belirsiz,789
20670.0,"telefonu altı aydır kullanıyorum.tasarımı,ekranı,",pozitif,0.7063725,belirsiz,790
57026.0,6-) hoparlörler bu laptop için biraz düşük kalıyor,pozitif,0.88640285,belirsiz,791
214247.0,. ısınma yok,pozitif,0.7973405,belirsiz,792
11600.0,urunun fiyatina gore performansi tatmin edici,pozitif,0.9994324,rastgele,793
159450.0,küçük ve güzel.,pozitif,0.80917865,belirsiz,794
120635.0,"beklediğim gibi ,ürün zamanında ulaştı tşk",pozitif,0.9997359,rastgele,795
57518.0,gayet sık,pozitif,0.9955466,rastgele,796
74308.0,gayet güzel ve gerekli..,pozitif,0.9994659,rastgele,797
229284.0,hi̇ç bi̇r i̇şe yaramiyor...kapaklari korkunç koku yapiyor çay may i̇çi̇lmi̇yor,negatif,0.9997397,rastgele,798
22376.0,simdi her gun yerleri siliyorum :),pozitif,0.84993374,belirsiz,799
2600.0,yazıcı güzel yazıyor çözünürlüğü okunaklı.bu fiyata 2 adet kartuş alırsınız,pozitif,0.8888959,belirsiz,800
16492.0,yeni aldim daha kullanmadim ama hizmetten sorumluluktan menmunum,pozitif,0.6166876,belirsiz,801
188599.0,1 yıldızı geç yükleme için kesiyorum .,pozitif,0.9992654,rastgele,802
24667.0,bu ürünün ikilisinin marketlerdeki fiyatına 4lü veriyorlar.,pozitif,0.59331924,belirsiz,803
222518.0,karton üzerine mantar desenli kağıt,negatif,0.80432796,belirsiz,804
215579.0,ekran çözünürlüğü düşük.zil sesi oldukça,pozitif,0.9990023,rastgele,805
43600.0,urun guzel. sadece mutfak kapisina uydugundan mutfakta barfiks cekiyorum :),pozitif,0.81617665,belirsiz,806
156201.0,araç : 2001 skoda felicia 1.3glxi,pozitif,0.60402554,belirsiz,807
33885.0,4m2  ye kadar  olan yerler icin bir tanesi yeterli.,pozitif,0.83500344,belirsiz,808
164809.0,arkadaslar kitabı okumanızı tavsiye ederim.... kitap elime geçti. ..,pozitif,0.87127393,belirsiz,809
204894.0,2 haftadır kulanıyorum ve çok memnunum...,pozitif,0.9996118,rastgele,810
15073.0,ürün gayet ince ve hafif tavsiye ederim.,pozitif,0.9861442,rastgele,811
6617.0,fiyat&adet avantajı ve servis kalitesi iyi bir ürün.heryerde bulunmuyor.,pozitif,0.605729,belirsiz,812
163090.0,uzun vadede neler olcak gorecegiz.,pozitif,0.8712991,belirsiz,813
53183.0,fenadegil ama agızduşu olan çok daha etkin,pozitif,0.8111546,belirsiz,814
179927.0,fiyatına göre başarılı bir ürün tavsiye ederim.,pozitif,0.9997305,rastgele,815
109700.0,hesaplı,pozitif,0.9936429,rastgele,816
32093.0,resi̇mdeki̇nden epey büyük ben bi̇le oğlumla oynuyorum,pozitif,0.6848914,belirsiz,817
198237.0,çok çok iyi harika ürün,pozitif,0.9996959,rastgele,818
148377.0,not : album temmuz 2008 de li̇stelere 1 numaradan gi̇rmi̇şti̇r....,pozitif,0.8809718,rastgele,819
199824.0,24 saat geçmeden teslim ve çok korunaklı paketleme.tebrikler ve teşekkürler.,pozitif,0.99975544,rastgele,820
63501.0,fiyatına göre iyi zamanında teslimat ve kurulum orjinal ambalajında,pozitif,0.99972063,rastgele,821
198448.0,kesinlikle harika .fiyat performansı çok iyi.,pozitif,0.99970144,rastgele,822
228061.0,kullandıktan sonra araçta tekleme yaşadım ama bir süre sonra geçti,negatif,0.68526876,belirsiz,823
15927.0,şarj cihazı ile birkez doldurup defalarca şarj ediyorum,pozitif,0.8832649,belirsiz,824
11270.0,hizli servis guzel telefon tesekkurler,pozitif,0.9993771,rastgele,825
20338.0,xiaomi yani yeni adıyla mi,pozitif,0.669236,rastgele,826
156362.0,arkadaşlar  ben  1992 model  m 23 dizel  iveko   ya  kolandım,pozitif,0.788791,belirsiz,827
3871.0,bu fiyat+zamanında teslimat mükemmel,pozitif,0.9992605,rastgele,828
31031.0,ürün çift katlıdır çok güzel kokuyor mükemmel,pozitif,0.99966407,rastgele,829
93172.0,traş makinesi diyince braundan başka alınmaz ama...,pozitif,0.7453982,belirsiz,830
228070.0,açıklamaya aldandim okul kimlik karti için aldım ufak geldi,negatif,0.99894744,rastgele,831
95651.0,klasik diş fırçalarina göre daha iyi temizlik yapıyor.,pozitif,0.86932427,belirsiz,832
185957.0,matador hakkında:,pozitif,0.51075065,belirsiz,833
24367.0,gayet güzel bir ürün tavsiye ederim...,pozitif,0.99933654,rastgele,834
212879.0,i̇nternette sayfa yüklemeler yeterince hızlı. az da olsa takılmalar oluyor.,pozitif,0.6306462,belirsiz,835
30562.0,kaliteli ürün uygun fiyata,pozitif,0.99959975,rastgele,836
52025.0,bu fiyata kaliteli bir batarya tavsiye ederim,pozitif,0.99902153,rastgele,837
116126.0,eşler için iyi bir başlangıç,pozitif,0.84740496,belirsiz,838
150058.0,birinci kitap gibi yıne soft kalan bır uslubu var..,pozitif,0.57653064,belirsiz,839
176054.0,paketleme güzel ürün den memnun kaldım,pozitif,0.99977416,rastgele,840
13441.0,küçük ev işleriniz için kullnişli̇,pozitif,0.6748361,belirsiz,841
76536.0,"kurulum kolay, ses kalitesi çekim gücü güzel.",pozitif,0.99931777,rastgele,842
88704.0,"hepsi burada , her zaman bir numara",pozitif,0.9995171,rastgele,843
112881.0,basarili ve cok hizli. teşekkürler,pozitif,0.99978274,rastgele,844
215382.0,6. hafıza!,pozitif,0.6244272,belirsiz,845
2559.0,içinde rekli kartuş ta çıktı 5 yildiz,pozitif,0.64662313,belirsiz,846
69264.0,eğer çok baskınız varsa kesinlikle alınabilir.,pozitif,0.5492709,belirsiz,847
198505.0,"2 ki̇şi̇ dişarida balik yeseni̇z en hafi̇fi̇nden 70-80 li̇ra gi̇di̇yor,",pozitif,0.56058127,belirsiz,848
186877.0,şarj yeterliliği : 6/10,pozitif,0.86095136,belirsiz,849
14048.0,kesinlikle almanızı öneriyorum itinayla paketleme hızlı gönderim teşekkürler,pozitif,0.9996264,rastgele,850
44374.0,kullanışlı ??,pozitif,0.97130686,rastgele,851
62560.0,ıslakken sıktığınızda büzüşüp kalmıyor,pozitif,0.8509834,belirsiz,852
224076.0,bacaklarıma uyguladığım senans sayısının hesabı yok,negatif,0.99932563,rastgele,853
81672.0,gerçekten mükemmel,pozitif,0.99961984,rastgele,854
51167.0,enjektor temizligi yaptirmak isteyen arkadaslar oncelikli olarak bunu denesin.,pozitif,0.5166872,belirsiz,855
198048.0,başarilarinizin devamini di̇leri̇m.,pozitif,0.9749141,rastgele,856
159624.0,"merhaba herkese,",pozitif,0.81856984,belirsiz,857
27179.0,gerçekten duvarda sağlam duruyor.tavsiye ederim,pozitif,0.9996799,rastgele,858
140459.0,güzel raket,pozitif,0.9837974,rastgele,859
203201.0,teşekkürler. beğendim.,pozitif,0.9997336,rastgele,860
95973.0,yillardir ai̇lemi̇zi̇n kullandiği şampuan tavsi̇ye ederi̇m,pozitif,0.8567816,rastgele,861
71440.0,"pi̇l dolunca kirmizi yeşi̇le dönüyor, başka ci̇hazlarda olmuyordu",pozitif,0.6607196,belirsiz,862
223074.0,5000 lik bir powerbank alıyormuş gibi düşünün hayal kırıklığına uğramayın,negatif,0.5595271,belirsiz,863
172553.0,muhteşem bi̇r telefon ... büyüklüğü hari̇ka,pozitif,0.9990748,rastgele,864
93661.0,"rengi turuncu, kokusu tutun kolonyasina benziyor.",pozitif,0.7903348,belirsiz,865
95034.0,bu ürün de güzel tavsiye edilir,pozitif,0.99973434,rastgele,866
40196.0,"birçok markaya göre fiyatı uygun, kullanımı kolay.",pozitif,0.9995789,rastgele,867
40677.0,hızlı kargo ve orjinal kaliteli ürün için teşekkürler,pozitif,0.9997222,rastgele,868
97616.0,bu fiyata kaçırılmaz bir fırsat,pozitif,0.99954396,rastgele,869
158280.0,çok çok güzel ki bu harika,pozitif,0.99959534,rastgele,870
90510.0,aldığım ürün çok güzel hiç bir sıkıntı yaşamadım.,pozitif,0.9997601,rastgele,871
175433.0,süper onlenlaolmadığı iin iadeetitim anlatıldığı gibiydi,pozitif,0.8572518,belirsiz,872
10010.0,fiyatına göre cok iyi bir ürün çok memnunuz,pozitif,0.99978906,rastgele,873
1689.0,tesekkurler tesekkurler tesekkurler tesekkurler tesekkurler,pozitif,0.9831646,rastgele,874
61806.0,benim gibi aracınız devamlı temiz kalsın derseniz alın derim.,pozitif,0.58756,belirsiz,875
68153.0,hiç düşünmeden alın diyorum.,pozitif,0.9993037,rastgele,876
80488.0,ürün en kısa sürede elim e ulaştı.teşekkürler,pozitif,0.9997609,rastgele,877
69887.0,hepsiburada.com çalışanlarına teşekkürler.,pozitif,0.99744034,rastgele,878
21973.0,kullanım kitapçığını okuyun her biri için su miktarını ayrı  ayarlıyabiliyorsunuz.,pozitif,0.76220745,belirsiz,879
57431.0,alacak olanlara tavsiye ederim,pozitif,0.98897654,rastgele,880
168853.0,hizli tesli̇mat ve kali̇teli̇ ürün teşekkürler hepsi̇burada.com :),pozitif,0.9997205,rastgele,881
157364.0,suyun tadindan cok memlun kaldik. bu fiyata sahane.,pozitif,0.99938023,rastgele,882
174277.0,hemen elime ulaştı.,pozitif,0.9994203,rastgele,883
60822.0,evimde 1 tane varken bir tane daha aldim.,pozitif,0.7572824,belirsiz,884
9951.0,fiyata gore guzel is gorur...,pozitif,0.77887857,belirsiz,885
127764.0,başkasıyla konuşma orta,pozitif,0.820931,belirsiz,886
60572.0,ürün kullanımı ve işlev olarak çok iyi,pozitif,0.99951744,rastgele,887
192248.0,erken kargo harika paketleme ve ürün muthiş daha ne olsun??,pozitif,0.9997068,rastgele,888
10114.0,* kutudan askı aparatı çıkması,pozitif,0.7544351,belirsiz,889
17417.0,sorunsuz tektek ugrasmaktansa bu set alınır,pozitif,0.81115663,rastgele,890
1085.0,5 aydir kullaniyorum,pozitif,0.8877637,rastgele,891
116813.0,guzel bir bilgisayar.. tek sikintisi power dugmesi cok kullanisli degil,pozitif,0.8659166,belirsiz,892
35642.0,şimdilik iyi sayılır ilerleyen zamanlarda tekrar paylaşırım,pozitif,0.8443642,belirsiz,893
231804.0,buna rağmen i̇dare eder,negatif,0.9996086,rastgele,894
173085.0,ürünü annem için aldım,pozitif,0.8452612,belirsiz,895
140007.0,sweat sauna eşofmanı bende yaklaşık iki hafta önce aldım.,pozitif,0.59560984,belirsiz,896
188376.0,sert zemin performansı: a,pozitif,0.6069787,rastgele,897
197065.0,sağlam ve eksiksiz elime ulaştı. teşekkürler hb.,pozitif,0.99978393,rastgele,898
50132.0,ürün güzel rakamlar büyük ve mavi ışıklı,pozitif,0.87609804,belirsiz,899
88488.0,"avni oğlum, tahirin torunu! demişti ona.",pozitif,0.62071955,belirsiz,900
129079.0,şahsen arada bir yabancı kanallardan haber izliyorum.,pozitif,0.50832134,rastgele,901
53909.0,"ön kamerasının olmadığını biliyorsanız, gerisi gayet güzel.",pozitif,0.7123298,belirsiz,902
15940.0,%25 dolu ise 1 led,pozitif,0.85036325,rastgele,903
174155.0,fiyat kalite karşılaştırması olarak kabul edilebilir alınabilir,pozitif,0.8692527,belirsiz,904
35731.0,sıcaklık (metrik),pozitif,0.80344117,belirsiz,905
213972.0,10 numara alacağım bu veya mate8 gelirse o.,pozitif,0.61276,belirsiz,906
171876.0,piyasada genellikle (sim+sim veya sim+sd) modeli satılmakta.,pozitif,0.51064503,belirsiz,907
12394.0,diğer ürünlere göre fiyatı gayet iyi ve işinizi görür,pozitif,0.9983974,rastgele,908
188585.0,yorumlara bakarak bu ürünü seçtim. ürün kaliteli... i̇şini fazlasıyla yapıyor...,pozitif,0.9995585,rastgele,909
83517.0,cok kotu degil ama kamera sabitleyici vb diger cihazlara gore,pozitif,0.8697128,belirsiz,910
28562.0,"ürün orjinal , kargo hızlı , kokusu hoş.",pozitif,0.9996865,rastgele,911
71066.0,kapına kadar gelen basit ve güzel bir hizmet. teşekkürler.,pozitif,0.999443,rastgele,912
2021.0,tanesi 50 kuruş ve  altında olması yeterli.,pozitif,0.85002905,belirsiz,913
215367.0,tek doluma mahsus gayet iyi bir ürün.,pozitif,0.8978514,belirsiz,914
198796.0,ürün oldukça kullanışlı her şeyi yapabiliyosunuz ben beğendim pişman değilim,pozitif,0.9997173,rastgele,915
64621.0,"sesi biraz fazlaca, başkada kusuru yok.",pozitif,0.7387167,belirsiz,916
4816.0,"kullanımına gelince, gerçekten i̇lk kullanımda fark ediliyor.",pozitif,0.9909105,rastgele,917
229108.0,3000 mah telefonumu 3 den fazla sarj etmesi lazim,negatif,0.95622617,rastgele,918
119858.0,sağlam ve dayanıklı görünüyor.,pozitif,0.99968517,rastgele,919
65051.0,i̇şini görüyor.,pozitif,0.62575805,belirsiz,920
224999.0,5 numara bezin içinden 4 paket 4+ bez çıktı.,negatif,0.8711295,rastgele,921
195466.0,koltuk çok rahat..,pozitif,0.9996457,rastgele,922
193316.0,ayşe solak,pozitif,0.7450344,belirsiz,923
105775.0,sipariş verdim parfümümü bekliyorum.,pozitif,0.63188547,belirsiz,924
101324.0,ürün kaliteli ve doğal  kokusu iyi  tavsiye ederim.,pozitif,0.9997484,rastgele,925
104127.0,koku : 10/10,pozitif,0.8278758,belirsiz,926
187857.0,kolay ve pratik elektrik süpürge,pozitif,0.9989342,rastgele,927
17427.0,bu yüzden 4 yıldız,pozitif,0.8861495,belirsiz,928
123769.0,+ yazılım güncelleme desteği,pozitif,0.8428662,belirsiz,929
16603.0,ürün orjinal gayet iyi çalışıyor. paketine aldanmayın,pozitif,0.8836311,belirsiz,930
95349.0,tıraş olmayı daha keyifli hale getiriyor.,pozitif,0.5880418,belirsiz,931
9415.0,"beklediğim gibi hızlı veri akışı,kaliteli marka",pozitif,0.9997631,rastgele,932
152405.0,siz hiç gezip dolaşmayın hemen alınnnnn.,pozitif,0.8500072,belirsiz,933
91309.0,ebru,pozitif,0.59048706,belirsiz,934
223972.0,daha iyi olabilir,negatif,0.7701946,rastgele,935
183731.0,ben başka bir yerden motor blogu temizlemek amacı ile...,pozitif,0.72785324,belirsiz,936
43711.0,oğlum için aldım,pozitif,0.8784706,belirsiz,937
127470.0,tavsiye ederim isterseniz hızlı şarj özelliğide mevcut. kullanışlı ve güzel,pozitif,0.9997179,rastgele,938
58731.0,her zaman 1 büyünü alın akudunuz için teşekkürler,pozitif,0.7891834,belirsiz,939
44180.0,fiyata karşılık iyi,pozitif,0.7463147,belirsiz,940
9535.0,1 haftadır kullanıyorum gayet memnunum fiyat olarakta gayet iyi...,pozitif,0.9997539,rastgele,941
203893.0,birazdan kendi evimede alacağım kesinlikle tavsiye ediyorum.,pozitif,0.99960583,rastgele,942
211915.0,s7 sar,pozitif,0.7589381,belirsiz,943
151607.0,fiyat pahalı ürün güzel takmak kolay uzun süre dayanıyor.,pozitif,0.7362603,belirsiz,944
63305.0,alanlara hayırlı olsun,pozitif,0.84729546,rastgele,945
142760.0,biraz daha sert olmasını beklerdim,pozitif,0.72406805,belirsiz,946
137061.0,"kumaşı çok güzel,",pozitif,0.8425981,belirsiz,947
61338.0,"fiatına göre gayet uygun, montajı da basit, tavsiye ederim.",pozitif,0.9996747,rastgele,948
24941.0,beklediğimden çok daha iyi çıktı çekinmeden alına bilir,pozitif,0.9997509,rastgele,949
21676.0,çok hızlı uzun jarj,pozitif,0.5756778,belirsiz,950
178573.0,cekinerek sipariş verdim ama iyi ki almışım harika..,pozitif,0.99956733,rastgele,951
119277.0,oyun kasası topladım bu sistemde 10 sn de açılıyor,pozitif,0.5685519,belirsiz,952
192649.0,beğendim gayet iyi. bi tek çaydanlık kapağı çok kalitesiz.,pozitif,0.7894331,belirsiz,953
199520.0,i̇lgi çekici şık ve fiyatı uygun teşekkürler hepsiburada ??,pozitif,0.99971455,rastgele,954
149220.0,ölüyorum tanrım,pozitif,0.63616383,belirsiz,955
125767.0,şuanı ile basic bir tartı konumunda.,pozitif,0.6390997,belirsiz,956
130937.0,fiyatına göre iyi bir ürün..,pozitif,0.9941789,rastgele,957
55745.0,şık bir görünümüde var. pişman olmazsınız ama kararsız kalabilirsiniz.,pozitif,0.8774563,belirsiz,958
173504.0,i̇stediğim kalitede ürün zamanında elime geçti.,pozitif,0.9995561,rastgele,959
202224.0,yer sıkıntınız varsan ufak birşey arıyorsanız kaliteli bu ürünü alabilirsiniz.,pozitif,0.96506375,rastgele,960
801.0,kargoya biraz geç verildi onun dışında fiyatı uygun,pozitif,0.84941703,belirsiz,961
150219.0,giysilerim gardropda ve şurda burda desem yeterlidir ...,pozitif,0.7819324,belirsiz,962
77341.0,sütun matkap ihtiyacı olanların rahatlıkla ve güvenle kullanabilecekleri bir ürün.,pozitif,0.99968815,rastgele,963
132096.0,piyasaya göre çok uygun fiyat. kaçmaz.,pozitif,0.9996432,rastgele,964
213640.0,arkadaşlar 1 ay içinde hem z2 hem de g3 aldım.,pozitif,0.58154255,belirsiz,965
199186.0,bu fiyata jett olur mu ? olmuş :),pozitif,0.6473727,belirsiz,966
6786.0,daha ilk fırçalamada farkı hissediyorsun.almayı düşünenlere şiddetle tavsiye ederim,pozitif,0.99962056,rastgele,967
208778.0,harekete geçimek isteyipte yerinizde sayanlardanmısınız,pozitif,0.8688151,belirsiz,968
198352.0,bir mısır manyağı olarak çok araştırdım. bu ürünü seçtim,pozitif,0.9893071,rastgele,969
105062.0,kışın kullanımı:6,pozitif,0.6453522,belirsiz,970
138097.0,"mat kalınlığı 1 cm. yumuşak bence gayet güzel, tavsiye ederim.",pozitif,0.9996039,rastgele,971
62024.0,bu fiyata iyi bile bence alabilirsinz,pozitif,0.86697173,belirsiz,972
137543.0,ama çok dikkatli kullanılmalı asla gereksiz kullanılmamalı.,pozitif,0.89483804,belirsiz,973
53580.0,"hediye olarak aldığım için detaylı bilgim yok, beğenildi, aktif kullanılıyor",pozitif,0.74175054,belirsiz,974
60409.0,"ürün kısa sürede , zarar görmeden teslim edildi.",pozitif,0.99949276,rastgele,975
159048.0,çok güzel bir ürün toplaması zor.,pozitif,0.73565865,belirsiz,976
131740.0,yalnız malzemesi hassas hor kullanmaya gelmez.,pozitif,0.59306085,belirsiz,977
122874.0,eyidir,pozitif,0.6526149,belirsiz,978
93860.0,şaşırtıcı şekilde çok başarılı bir ürün. hiç şüphe duymadan alabilirsiniz.,pozitif,0.99965787,rastgele,979
63002.0,hızlı gönderi ve gelen lastikler 2016 üretimi...,pozitif,0.92893285,rastgele,980
14907.0,elime ulaştı güzel bi urun,pozitif,0.99951136,rastgele,981
192033.0,"-geç kaynıyor gibi , ama çok değil. sorun olmaz.",pozitif,0.67481047,belirsiz,982
6062.0,uzun zamandır kullandığım çok memnunum ürün orijinal. fiyat çok uygun,pozitif,0.99973136,rastgele,983
175435.0,yaklaşık 200 metrekare evimde süper sonuç aldım. kesinlikle öneririm.,pozitif,0.99954563,rastgele,984
202552.0,ürün gosterildiginden daha güzel çok güzel aydınlat ti tsk ederim,pozitif,0.98021895,rastgele,985
15169.0,ancak kullanıcılara ek bir bilgi:,pozitif,0.6244441,belirsiz,986
53139.0,gercekten cok gguzel ve kullanisli bir urun iyiki almisim,pozitif,0.9997099,rastgele,987
165935.0,ürün çok hoş fazla.araştırma yapmanıza.gerek yok..fiyat uygun.diyorsanız hemen alın..,pozitif,0.9993911,rastgele,988
37599.0,ürün çok güzel ve kullanışlı sadece arka kapak zayıf duruyor,pozitif,0.86070055,belirsiz,989
104492.0,krem değil losyon.ama kıvamı kremden daha kuru.kolay sürülüyor.her tarafınıza bulaşmıyor.,pozitif,0.74937606,belirsiz,990
213676.0,herşey yazıldığı gibi.hiç bir aksilik yok.güvenilir satıcı.,pozitif,0.9995752,rastgele,991
119128.0,eski bilgisayarim icin aldim ozellikleri,pozitif,0.8192497,belirsiz,992
169373.0,*şarjı 7saat filmle doya doya gidiyor son ekran ışığında,pozitif,0.9955596,rastgele,993
130273.0,cizre/şırnak/türkiye,pozitif,0.58511823,belirsiz,994
13952.0,çaydanlık gayet kullanışlı. şu anda bir sıkıntı yok,pozitif,0.99976,rastgele,995
21166.0,aynı gün kargodaydı. ertesi gün aldım.teşekkürler hepsiburada...teşekkürler aras kargo...,pozitif,0.9996971,rastgele,996
49849.0,"uygun fiyat, hiç bir farkı yok pahalı kağıtlar ile.",pozitif,0.5170639,belirsiz,997
35730.0,sıcaklık,pozitif,0.8188854,belirsiz,998
95468.0,dişlerim seyrek olduğundan arayüz ile fırçalamak daha kolay ve etkili,pozitif,0.80479085,belirsiz,999
,demlenen çayın rengi bulanık oluyor.,,,val_negatif,1000
,ürün hiç bir şekilde beklentimi karşılamadı.,,,val_negatif,1001
,alacak olan arkadaşlara tavsıyem kalem pıl ıle çalışıyor bılgınız olsun,,,val_negatif,1002
,fene değil,,,val_negatif,1003
,ben vestel kullanıyorum yeğnim kullanıyor yeni aldı memnun,,,val_negatif,1004
,kilit yuva delikleri açılmamış,,,val_negatif,1005
,resimdeki kadar güzel durmuyor. umduğum gibi çıkmadı..,,,val_negatif,1006
,montaj yaparken bi̇rleşti̇rme noktasindan koptu. geldi̇ği̇ gün çöpe gi̇tti̇,,,val_negatif,1007
,kedim beğenmedi ama kötüde değildi yani,,,val_negatif,1008
,köpük 30 saniye sonra kayboluyor ama...,,,val_negatif,1009
,görselde göründügü kadar iyi olmasada gecerli,,,val_negatif,1010
,hediye olarak geldi sadece temizleyicisini kullanılır. diğerleri işe yaramaz,,,val_negatif,1011
,kokusu kalıcı değil asla tavsiye etmem.,,,val_negatif,1012
,kesinlike cok iyi karar vererk almanizi tavsiye ederim,,,val_negatif,1013
,sürekli sıkıntı çıkarıyor tavsiye etmiyorm,,,val_negatif,1014
,"hiç kullanışlı değil, malzemesi çok kötü",,,val_negatif,1015
,satıcısı sadece hepsiburada olan ürünler dısında hiçbirşey almam.,,,val_negatif,1016
,kamera cikintili olmus.bu nedenle cizilme riski yuksek.haricen iyi.alinabilir.,,,val_negatif,1017
,çift camlarda iş yapmıyor düşüyor. tek camlarda sıkıntı yok.,,,val_negatif,1018
,3.i̇şlemcisi hızlı birden fazla programda bile kasmıyor.,,,val_negatif,1019
,aldığım ürün bir sorna açılmadı ve kulalklığı çok kısa,,,val_negatif,1020
,çırpma teli cok zayıf ürünün marka değerine yakışmayan kalitede,,,val_negatif,1021
,henüz kullanmadım ama fiyatı normal,,,val_negatif,1022
,kalıcılık konusu daha önemli diyorsanız bence tercih etmeyin.,,,val_negatif,1023
,cihazı gri olarak  sipariş verdim kırmızı renk geldi ne iş,,,val_negatif,1024
,bu parfumu ilk defa kulladımbence hiçkalıcıgı  yok tavsiye etmem,,,val_negatif,1025
,ürün termostatlı değil ve koku yapıyor.,,,val_negatif,1026
,makine1/2 çalıştırılacağında jel mantıklı geliyor ama hiç temizlemiyor,,,val_negatif,1027
,urunun guvenligi yok cok dik dusme riski cok fazla.,,,val_negatif,1028
,sadece iğneleri işe yaradı.hava komprosörü ile şişrdim...,,,val_negatif,1029
,idare eder..1 mt kablo uzunluğu pek yeterli olmuyor.,,,val_negatif,1030
,accest point olarak iyi .ama bridge olarak hiç verimli çalışmıyor.,,,val_negatif,1031
,+kapatma tuşunun olması,,,val_negatif,1032
,hepsiburadaya iademi kabul ettigi için tesekkürlerimi sunarım...,,,val_negatif,1033
,ses sevi̇yesi̇ düşük yükselmi̇yor,,,val_negatif,1034
,klasik yaylı yataklar gibi yıllarca kullanılmış deforme olmuş gibi duruyor.,,,val_negatif,1035
,fiyat daha iyi olabilir.,,,val_negatif,1036
,benden söylemesi...,,,val_negatif,1037
,sağlam değil ve çok küçük fiyatına göre uygun,,,val_negatif,1038
,hızlı şarj etmiyor 2 doldurmada hemen bitiyor. sıkıntı ..,,,val_negatif,1039
,"resimlerde göründüğü gibi canlı renk değil, başka ürün alınabilir.",,,val_negatif,1040
,"kömürün üzerine döktüm. yakmadı, ateşi söndürdü!",,,val_negatif,1041
,+ malzeme kalitesi beklediğimin üzerinde,,,val_negatif,1042
,hiç anlatildigi gibi bir urun degil.,,,val_negatif,1043
,kokusu çok kötü. aldığıma çok pişmanım.,,,val_negatif,1044
,ürün çabuk bitiyor. 15 dakika yanan mumu bir daha yakamıyorsunuz.,,,val_negatif,1045
,herkese keyifli alışverişler dilerim.,,,val_negatif,1046
,valla hiç beğenmedim sildiğim yerlerde iplik bırakıyor.sökülüyor gibi anlamadım.,,,val_negatif,1047
,ben beğenmedim ne uzatıyor ne kalınlaştırıyor,,,val_negatif,1048
,beğenmedim,,,val_negatif,1049
,işık var ama kendine bile yetmiyor.,,,val_negatif,1050
,ben ettim siz etmeyin derim!,,,val_negatif,1051
,kirli sakal icin aldım.çok kötü. keske bt 5090 alsaydim dedim.,,,val_negatif,1052
,bende orjinali var ama kokusu kalıcı değil kokusu güzel ama,,,val_negatif,1053
,fakat şahsen üzerine basıldığı kadar kuvvetli değil,,,val_negatif,1054
,hb tsk...,,,val_negatif,1055
,hicbir işe yaramıyo hiç bir şey farktemedi boşu boşuna aldık,,,val_negatif,1056
,ütü masamıza biraz büyük geldi.,,,val_negatif,1057
,telefon cok ısınıyo,,,val_negatif,1058
,2017 şubat itibariyle whatsapp desteğini çekiyor.,,,val_negatif,1059
,kalitesiz bir ürün,,,val_negatif,1060
,telefonda ki müzikleri çok güzel aktarıyor,,,val_negatif,1061
,dişlileri saçı tam olarak kavramıyor,,,val_negatif,1062
,benim tecrübem bu...,,,val_negatif,1063
,teslimat süresi çok uzun 3 günde geldi.hb beklemezdim,,,val_negatif,1064
,samsung galaxy c7 alın arkadaşlar paranız cebinizde kalsın...,,,val_negatif,1065
,20 gün oldu hala daha gelecek diye bekliyorum arkadaşlar.,,,val_negatif,1066
,i̇dare eder bu paraya değmez ama,,,val_negatif,1067
,sonuç: (fiyat/performans) 7/10,,,val_negatif,1068
,üzerinde ufak tefek delikler vardı. ürünü beğenmedim.,,,val_negatif,1069
,ürün hızlı geldi ama toz içinde geldi.,,,val_negatif,1070
,çok kalın bir bez hem de çok sert memnun kalmadım,,,val_negatif,1071
,ben pek memnun kalmadım açıkçası.,,,val_negatif,1072
,okuma hızı 38.7 mb,,,val_negatif,1073
,şyerinde kullandık bu üründen içi pas tutuyor zamanla.,,,val_negatif,1074
,fiyatı iyi fakat çekim gücü çok az.,,,val_negatif,1075
,her şişeye girecek gibi bir tıpası olabilir,,,val_negatif,1076
,çok kaba görüntüsü çok eski model,,,val_negatif,1077
,üründen beklentim fazla değildi ve buna rağmen bununda altında kaldı.,,,val_negatif,1078
,sipariş verdik elime ulaştığında olumlu veya olumsuz değerlendirmelerim olacaktır...,,,val_negatif,1079
,gillette ürünleri arasında orta segment bir ürün,,,val_negatif,1080
,yoga eğitmeniyim. ürün çok vasat.,,,val_negatif,1081
,farklı çeşit meyve sebze de olabilir,,,val_negatif,1082
,çok kullanmamamıza rağmen hemen kırıldı tavaiye etmem.,,,val_negatif,1083
,çekim gücü beklediğimden kötü,,,val_negatif,1084
,"kalite düşük , ip ince ,",,,val_negatif,1085
,elimizdeki bezleri de pişik ilerlememesi için kullanmaktan vazgeçtik.,,,val_negatif,1086
,"gereksiz bir ürün,",,,val_negatif,1087
,normal bi̇ ci̇haz  bu fi̇yata alinirmi dersen alinir,,,val_negatif,1088
,1- bu fiyata alınabilecek yegane özellikli telefon.,,,val_negatif,1089
,hiçbir şekilde tavsiye etmem. hiç kullanışlı değil. hemen geri gönderdim.,,,val_negatif,1090
,çok berbat hiç güzel değil tablet alacaklara tab 4 t530,,,val_negatif,1091
,galaxy s7ye uygun değil,,,val_negatif,1092
,anlatımı çok basit ve sıkıcı bir kitap olmuş.,,,val_negatif,1093
,ayak plastiklerini beğenmedik maalesef umduğumuz gibi değil,,,val_negatif,1094
,kokmuyor ki kalıcı olsun.saçma bir koku..,,,val_negatif,1095
,boyle dusunerek aliyorsaniz paranizi cope atmis olursunuz.,,,val_negatif,1096
,"4= bişey açtığınızda ekrana çift tıklandığında ekran yaklaşıyor ve donuyor,",,,val_negatif,1097
,hiç güzel değilmiş verilen paraya yazık çok hantal görünüyor,,,val_negatif,1098
,küçük lastikler ekranda göründüğü gibi değil büyük lastik değiller,,,val_negatif,1099
,çöpe atacak paranız varsa alın. hiç bir işe yaramıyor.,,,val_negatif,1100
,bezler değişmiş incelmis sizdiriyo iade ettim.,,,val_negatif,1101
,kestirince montaj tamamlandı,,,val_negatif,1102
,"ürün işini yapıyor tırnaklarınızı kısaltıyor ama kesmiyor, ezerek koparıyor.",,,val_negatif,1103
,yorumlara bakarak aldım. pişmanım.,,,val_negatif,1104
,ses kalitesi oldukça düşük ve boğuk,,,val_negatif,1105
,hepsi̇ buradanin ürün gönderi̇mi̇ çok i̇yi̇,,,val_negatif,1106
,"kesinlikle ayar yapmaya kalkmayınız, çünkü cam silikonla tutturulmuş, canınız sıkılabilir...",,,val_negatif,1107
,beğenmedim. i̇şe yaramaz kötü bir şey,,,val_negatif,1108
,7=telefon rehberimin yarısını bile kaydetmedi yer yok diyor,,,val_negatif,1109
,çalışırken 30-40 tane çektikten sonra tuttuğunuz yer acıyor,,,val_negatif,1110
,elimden düştü ve patladı dayanıklı değil,,,val_negatif,1111
,ucretın karsılıgı degıl almayın,,,val_negatif,1112
,tekerlekleri̇ çok kali̇tesi̇z çikti...hemen kirildi...,,,val_negatif,1113
,"bizimkiler sevmedi,kusura bakma hepsiburada,yazmazsam suçluluk duyacağım",,,val_negatif,1114
,çok zayıf ışık veriyor,,,val_negatif,1115
,beklediğim performansı maalesef alamadım.,,,val_negatif,1116
,çok ucuz bir haftalık harçlığımla aldım,,,val_negatif,1117
,ürünü boşa almayın tam tersine boyaya zarar veriyor.,,,val_negatif,1118
,bu fiyata çok kalite beklenilmez sessiz hesaplı tasarruflu tavsiye ederim.,,,val_negatif,1119
,yere tam yapışmadı yani yarısı yapıştı yarısı yapışmadı anlamadım valla,,,val_negatif,1120
,[eksileri]:,,,val_negatif,1121
,"çok kaliteli bir şemsiye beklemeyin, eşim pek beğenmedi.",,,val_negatif,1122
,icindeki agirlik yapan madde kenarlardan ekyerlerinden dokuluyor,,,val_negatif,1123
,eli terletiyo ve çok ağır bir mause ama padi güzel,,,val_negatif,1124
,kılıf çok kötü zaten fiyatındanda belli sakın paranızı boşa harcamayın..,,,val_negatif,1125
,çok kötü bir ürün philips kalitesine yakışmayan bir ürün,,,val_negatif,1126
,krom kaplaması on ayda cıktı paslandı,,,val_negatif,1127
,i̇çinden bazıları yamuk döküm hatası görerek almak lazım,,,val_negatif,1128
,sebebini bilemiyorum belki merceklerinde sıkıntı olabilir vs,,,val_negatif,1129
,cidden hayal kırıklığı yaşamak istiyosanız hemen alın:),,,val_negatif,1130
,"çantaların boyu sığmıyor, bosuna almis olursunuz, gozuktugu gibi degil",,,val_negatif,1131
,yani çok beklentiniz olmasın...,,,val_negatif,1132
,alalı 4-5 ay oldu,,,val_negatif,1133
,teslimat süper ürün fena değil,,,val_negatif,1134
,muhteşem hızlı gönderi için teşekkürler hepsiburada.com,,,val_negatif,1135
,lazım olmaz demeyin.,,,val_negatif,1136
,beğendim ürün kaliteli tavsiye ederim,,,val_negatif,1137
,"müzik de dinleyemedim , telefon görüşmeside yapamadım.",,,val_negatif,1138
,biraz kalitesi düşük gibi ama iş görür,,,val_negatif,1139
,ürün resimde göründüğü kadar büyük değil ve tek tarafı kullanılabilir.,,,val_negatif,1140
,alet her tarafından toz boşaltıyor. kablosu kısa,,,val_negatif,1141
,sünger olanlar daha iyi en azından rahatsız etmiyor,,,val_negatif,1142
,"okuma-yazma hızı 10 mb/s civarı, bana göre çok yavaş...",,,val_negatif,1143
,fana degil iş görür,,,val_negatif,1144
,ebatlara dikkat edin.çünkü kapıya göre ayarlamalı fonksiyonu yok.,,,val_negatif,1145
,"normal ürüne geçene kadar ürün almıycam, alana da tavsiye etmiyorum....",,,val_negatif,1146
,başarılar. ...,,,val_negatif,1147
,sanirim i̇hti̇yaci olan eski arabalar,,,val_negatif,1148
,genel anlamda i̇stedi̇gi̇m özelli̇kleri̇n hepsi̇ne sahi̇p memnunum,,,val_negatif,1149
,fiyat performans oranı üst düzey bilinen bir marka tavsiye ederim,,,yeni_test_pozitif,2000
,kumaşı plastiği çok iyi,,,yeni_test_pozitif,2001
,kurulum isinde biraz zorlandik acikcasi.keske icindeki talimatlari daha anlasilir olsa....,,,yeni_test_negatif,2002
,hızlı teslimat ve fiyat için hepsiburadaya teşekkür ederim.,,,yeni_test_negatif,2003
,satın almayı düşünenler için detaylar bunlar.,,,yeni_test_pozitif,2004
,kullanışlı ve kaliteli.. tavsiye ederim..,,,yeni_test_pozitif,2005
,kuru traşda yüzde tahriş yaptı ıslak olarak denemedim.,,,yeni_test_negatif,2006
,bunu alırsanız sizlerde göreceksiniz.,,,yeni_test_negatif,2007
,sonuç olarak;,,,yeni_test_negatif,2008
,3. ürünün siyah kılıfınin fermuar i çok kalitesiz hemen bozuluyor.,,,yeni_test_negatif,2009
,lâkin yinede yüksekti ısı düşürmek istiyordum.,,,yeni_test_negatif,2010
,"perde kırışık ve perdenin kenarlarından içe doğru büyülüyor, tavsiye etmiyorum.",,,yeni_test_negatif,2011
,evdeki kedilerim sevmedi yemiyorlar sokak kedileri de çok severek yemiyor,,,yeni_test_negatif,2012
,telefon fena değil ama fazla ısınma yapıyor,,,yeni_test_negatif,2013
,note 3 u sadece yuzde 21 doldurabiliyor,,,yeni_test_negatif,2014
,hızlı kargo ilgili satıcı teşekkürler.,,,yeni_test_pozitif,2015
,s7 edge ile denedim. hızlı şarj aktif oluyor.,,,yeni_test_pozitif,2016
,orjinal rengi de yoğunluğu da benzememiş ama kokusu benzemiş tebrikler,,,yeni_test_negatif,2017
,ürün çok güzel deterjan kalıntısı bırakmıyor,,,yeni_test_pozitif,2018
,hızlı kargo gayet iyi teslimat.,,,yeni_test_negatif,2019
,güzel ürün memnun kaldım.kedim yeni kumunu yadırgamadı.,,,yeni_test_pozitif,2020
,malzeme kötü,,,yeni_test_negatif,2021
,rahat olun cakma urune para vermektense slink kalitesine guvenin,,,yeni_test_pozitif,2022
,bana gelen urun sıkıntılı kenar çubuklarında çapaklarve boya pusmaları var,,,yeni_test_negatif,2023
,en azından android versiyonu 4.2 den yukarı olsaydı,,,yeni_test_negatif,2024
,vermiş olduğum puanda 0 0 0,,,yeni_test_negatif,2025
,2-sürgü kismi cam kargoda kirilma durumu var,,,yeni_test_negatif,2026
,telefondan hic memnun kalmadim istedigim gibi kaliteli bir urun gelmedi.,,,yeni_test_negatif,2027
,normal plates bantından ince ve küçük.,,,yeni_test_negatif,2028
,desavantajlar:,,,yeni_test_pozitif,2029
,okadarda yüksek performans beklemeyin ......,,,yeni_test_negatif,2030
,kullanmaya başladım.gayet sessiz.iyi yıkıyor.fiyatına göre oldukça iyi.servis hemen geidi.,,,yeni_test_pozitif,2031
,çok gürültülü...,,,yeni_test_negatif,2032
,mükemmel cok hızlı teslim ürün kalitesi guzel,,,yeni_test_pozitif,2033
,kalite düşük ve delikleri çok ince tavsiye etmiyorum.,,,yeni_test_negatif,2034
,deltanın ağırlık setini almıştım setteki barla gayet uyumlu.,,,yeni_test_pozitif,2035
,urun 5s de cok iyi calisiyor tesekkurler hepsiburada.com,,,yeni_test_pozitif,2036
,ilk izlenimim tv gayet guzel,,,yeni_test_pozitif,2037
,"yıllardır beklediğim düdüklü buymuş meğer, mükemmel",,,yeni_test_pozitif,2038
,casper 8' tablete uygun değil.,,,yeni_test_negatif,2039
,ürün söylenen zamanda ve çok temi̇z geldi̇ teşekkür ederi̇m,,,yeni_test_pozitif,2040
,bu fiyata çok iyi bir ürün. kaliteli de...,,,yeni_test_pozitif,2041
,sinir hastası olmak istemiyorsanız uzak durun.çok donma yapıyor.hiçbir şey izleyemiyoruz.,,,yeni_test_negatif,2042
,annemlere aldım fiyatına göre iyi bir cihaz,,,yeni_test_negatif,2043
,başka ürün bakacağız mecbur.,,,yeni_test_negatif,2044
,"10 numara 5 yıldız, uygun fiyat kaliteli ürün",,,yeni_test_pozitif,2045
,"onun dışında parfüm şişesi hoş, koku aynı eskisi gibi",,,yeni_test_negatif,2046
,bu fiyata kısa süreli kullanım için uygun olabilir.,,,yeni_test_negatif,2047
,kaliteli orjinal ürün. teşekkürler. spigen kaliteli malzeme kullanıyor.,,,yeni_test_pozitif,2048
,fazla radyasyon yaymaması da harika bir özellik!,,,yeni_test_pozitif,2049
,çin malı pazarda satılan ucuz yüzükten farkı yok.,,,yeni_test_negatif,2050
,made in japan,,,yeni_test_pozitif,2051
,gayet memnunum. tavsiye ederim.,,,yeni_test_pozitif,2052
,hız süper 2. gün ürün elimde idi  teşekkürler.,,,yeni_test_pozitif,2053
,"umduğumdan daha güzel ,",,,yeni_test_pozitif,2054
,fiyat ve hız her zamanki gibi en iyisi,,,yeni_test_pozitif,2055
,büyük geldiği  için yine üstü kitlenip ıslanıyor,,,yeni_test_negatif,2056
,ürünün eksileri,,,yeni_test_negatif,2057
,henüz sipariş verdim. umarım kalitesi fiyatı gibi değildir,,,yeni_test_pozitif,2058
,fiyatı azalır diye beklerken artıyor...,,,yeni_test_negatif,2059
,kargo inanilmaz hizli. tesekkurler.,,,yeni_test_negatif,2060
,çok kötü kullanışssız.,,,yeni_test_negatif,2061
,amaçlarımı karşiladi süper hızlı kargo kalite iyi servislerde mükemmel,,,yeni_test_pozitif,2062
,fiyatı uygun diye 4 tane birden aldım.,,,yeni_test_negatif,2063
,fiyatına göre fena değil idare eder.,,,yeni_test_negatif,2064
,herşey çok güzeldi teşekkürler....,,,yeni_test_pozitif,2065
,"hem uzunluk, hemde yapıştırma kuvveti bakımından zayıf.",,,yeni_test_negatif,2066
,aydınlatması güzel.,,,yeni_test_pozitif,2067
,kokusu ve kremli olması cok güzel,,,yeni_test_pozitif,2068
,1. %1 bile yakıt tasarrufu sağlamadı.,,,yeni_test_negatif,2069
,parasına göre bir ürün.  basit birşey. çok teşekkürler hepsiburada.,,,yeni_test_negatif,2070
,sabitlenmiyor çekince telefonla beraber geliyor,,,yeni_test_negatif,2071
,kauçuk lastiklerinizi her türlü kimyasal sentetik ürünlerden koruyun.,,,yeni_test_negatif,2072
,almak isteyenlere kesinlikle telefonu tavsiye ederim...,,,yeni_test_pozitif,2073
,ürün çok iyi çok beğendim.,,,yeni_test_pozitif,2074
,güzel bir set.,,,yeni_test_pozitif,2075
,kaliteli ve sağlam. verdiğiniz parayı hakediyor.,,,yeni_test_pozitif,2076
,"cok iyi, bir tane daha aldim.",,,yeni_test_pozitif,2077
,çok beğendim teşekkürler hepsi burada,,,yeni_test_pozitif,2078
,kirintilari alırken bile mirin kırın ediyor...emiş gücü çok zayıf. ..,,,yeni_test_negatif,2079
,hepten hüzünlü bu günlerde,,,yeni_test_pozitif,2080
,kullanisli güzel bir ürün hepsiburadaya tskler,,,yeni_test_pozitif,2081
,biz pek memnun kalmadık.,,,yeni_test_negatif,2082
,aptamil siparişimde suluk eksikti. yerine diğer kampanyadaki urunlerden gonderdiler,,,yeni_test_pozitif,2083
,iyı,,,yeni_test_pozitif,2084
,"tavsiye etmiyorum, sakalı çok da iyi almıyor, tavsiye etmiyorum",,,yeni_test_negatif,2085
,"""keşke vi̇cdanimin sesi̇ni̇ di̇nleseydi̇m.""",,,yeni_test_pozitif,2086
,gayet ucuz ve kullanışlı bir ürün,,,yeni_test_pozitif,2087
,1- tüyleri kalınlaştırıyor. (iple alınınca daha ince çıkıyordu),,,yeni_test_negatif,2088
,"sonuçta 1 tane daha aldık, ürün çok güzel, memnunuz.",,,yeni_test_pozitif,2089
,ürün bugün elime geçti fiyatına göre gayet iyi..,,,yeni_test_pozitif,2090
,fiyata göre iş gören bir ürün yani sizi idare eder.,,,yeni_test_negatif,2091
,teşekkürler mattrest,,,yeni_test_pozitif,2092
,"kırıcı ve delici, pratik kullanışlı. küçük fakat güçlü bir cihaz.",,,yeni_test_pozitif,2093
,fiyat ucuz adrese teslim. teşekkürler hepsi burada.,,,yeni_test_pozitif,2094
,diş aralarına girmiyor hiç tavsiye etmiyorum,,,yeni_test_negatif,2095
,kullanırken ve şarj ederken aşırı ısınma,,,yeni_test_negatif,2096
,süper hızlı ve harika her evde olmalı,,,yeni_test_pozitif,2097
,çekmece kesim hatası var tam oturmuyor,,,yeni_test_negatif,2098
,ayrıca diş ipindeki yogun belirgin nane kokusu da gayet başarılı.,,,yeni_test_pozitif,2099
,urun guzel fakat kutusu siviyi sizdiriyor,,,yeni_test_negatif,2100
,"kaliteli ürün, kaliteli hizmet... teşekkürler...",,,yeni_test_pozitif,2101
,harika bir modem daha hızlıve çabuk bağlanıyorum artık,,,yeni_test_pozitif,2102
,oyuncak tavadan farkı yok maalesef,,,yeni_test_negatif,2103
,teşekkür ederim memnun kaldım,,,yeni_test_pozitif,2104
,bi̇r saat i̇sti̇yorsaniz satin alabi̇li̇rsi̇ni̇z.,,,yeni_test_pozitif,2105
,ürünü tesli̇m aldim tşklr bol kazançlar,,,yeni_test_pozitif,2106
,bantın bazı kısımlarında yapışma özelliği yok. kullanışsız bir ürün,,,yeni_test_negatif,2107
,malesef 1 seferlik dolumla 100% şarj etmiyor. kullanışlı değil,,,yeni_test_negatif,2108
,- etkileyici pil performansı ve hızlı şarj özelliği,,,yeni_test_pozitif,2109
,ama sanırım iş görecektir.,,,yeni_test_negatif,2110
,çok kısa sürede gönderildi.kızım için almıştım beğendik,,,yeni_test_pozitif,2111
,bence ıdeal emeklı telefonu tabi cok oynamıyorsa,,,yeni_test_pozitif,2112
,normal bir bez alın bunla ayni. dogru kullanmama rağmen zayıf,,,yeni_test_negatif,2113
,spor yapmak isteyenler için mükemmel :),,,yeni_test_pozitif,2114
,almayın. ios 9 ile uyumsuz.,,,yeni_test_negatif,2115
,aldım ama sarj aleti yaramaz,,,yeni_test_negatif,2116
,dış mekan boyamalarında sıkıntı yaşanacağını zannetmiyorum.,,,yeni_test_negatif,2117
,metal kesimi kaliteli degil. memnun kalmadim,,,yeni_test_negatif,2118
,aldığım alo toz deterjan cok kötü.,,,yeni_test_negatif,2119
,hızlı sarj edıyor uzerınde kı palstık kaplama ıle saglamlık verıyor,,,yeni_test_pozitif,2120
,sizi çok koruyacağını zannetmem daha iyileri var,,,yeni_test_negatif,2121
,ürünü beğenmedim iade ettim. bondigo aldım daha iyi.,,,yeni_test_negatif,2122
,teşekkürler hepsiburda :),,,yeni_test_pozitif,2123
,bu konulara aşina olmayan biri için kullanımı zor  ürün,,,yeni_test_negatif,2124
,ben kesinlikle tavsiye ediyorum.,,,yeni_test_pozitif,2125
,kullanışsız bi ürün.....,,,yeni_test_negatif,2126
,hesaplı ve yoğun olmayan piyasa sıvı sabunları için tasarlanmış.,,,yeni_test_negatif,2127
,görseleden daha küçük bir ürün.,,,yeni_test_negatif,2128
,fiyatına göre gayet başarılı bir tablet,,,yeni_test_pozitif,2129
,"yatakta keskin ,plastik kokusuna benzer bir koku var.bilseydim almazdım.",,,yeni_test_negatif,2130
,çok profesyonel değilseniz tam size göre. 2 günde ankaraya ulaştı,,,yeni_test_pozitif,2131
,"çinliler fena geliyor,  kutusuna varana kadar süper ötesi bir ürüm",,,yeni_test_pozitif,2132
,güvenle kullanılacak bir ıslak mendildir.,,,yeni_test_pozitif,2133
,"son derece başarısız bir ürün, inanın hiç bir işe yaramadı",,,yeni_test_negatif,2134
,5110g-5210g-901nd bu 3 cihaz mükemmel 3ünü de denedim,,,yeni_test_negatif,2135
,sokak köpeklerine alıyorum. bu fiyata bu kalite kacmazdı.,,,yeni_test_pozitif,2136
,plastik takoz takviyesi yapılarak tv ye ancak montajinı yapabildi.,,,yeni_test_negatif,2137
,arkadaşıma aldım gayet memnun,,,yeni_test_pozitif,2138
,mükemmel arayüz,,,yeni_test_pozitif,2139
,tadı ve kokusu çok kötü.köpeğim beğenmedi.,,,yeni_test_negatif,2140
,hızlı gönderim ve kaliteli hizmet teşekkürler hepsiburada,,,yeni_test_pozitif,2141
,"arama yaparken donuyor,kapatıp açınça normale dönüyor,sonra gene aynı şey oluyor",,,yeni_test_negatif,2142
,kitap çok basit kalmış,,,yeni_test_negatif,2143
,beklentinizi yüksek tutmazsanız işe yarayabilir.,,,yeni_test_negatif,2144
,hiç yüz vermedi...,,,yeni_test_negatif,2145
,1. sınıf yeni okuma yazma öğrenen çocuklar için harika,,,yeni_test_pozitif,2146
,karanlıkta çok güzel ve rahat görünüyor. tavsiye ederim.,,,yeni_test_pozitif,2147
,ürün kullanışsız. çocuk düzgün duramıyor.,,,yeni_test_negatif,2148
,ürünü 2 hafta önce eşim için aldım.,,,yeni_test_pozitif,2149
,ürün beklentilerim düzeyinde kaliteli değil,,,yeni_test_negatif,2150
,teşekkür ederim casio ve hepsiburada..,,,yeni_test_pozitif,2151
,rahatlikla ala bilirsiniz,,,yeni_test_pozitif,2152
,kaliteli malzemeden üretimiş bir ürünmüş.cok beğendim,,,yeni_test_pozitif,2153
,ürün elime çok hızlı ulaştı çok memnun kaldım tavsiye ederim,,,yeni_test_pozitif,2154
,fiyata göre oldukça iyi,,,yeni_test_pozitif,2155
,"bu ürünü, bu fiyata başka hiç bir yerde bulamazsınız.",,,yeni_test_pozitif,2156
,i̇dare eder. parasina gore normal bir urun.,,,yeni_test_pozitif,2157
,fiyata göre çok güzel bir set,,,yeni_test_pozitif,2158
,gayet güzel bi ürün hızlı gönderi teşekkürler hepsi burada,,,yeni_test_pozitif,2159
,iki saatlik etki fazlasını beklemeyin,,,yeni_test_negatif,2160
,güzel çok begendik.... fiyata göre iyi,,,yeni_test_pozitif,2161
,her zaman kullandığım iki çocuk buyuttugum bu bezleri,,,yeni_test_negatif,2162
,fiyatı uygun ama işimi görmedi,,,yeni_test_negatif,2163
,"montajı hatalı yapılmış olmalı,ancak orijinalini aratmıyor.",,,yeni_test_negatif,2164
,herşey çok güzel,,,yeni_test_pozitif,2165
,ürün kullanışlı fakat ikinci kullanımda arıza yaptı.,,,yeni_test_negatif,2166
,[artıları]:,,,yeni_test_negatif,2167
,evde ne kadar vida varsa hepsini kullandım tutturmak için,,,yeni_test_negatif,2168
,sorunsuz alışveriş hızlı kargo. güvenerek alabilirsiniz,,,yeni_test_pozitif,2169
,tavsiye ederim. fiyatı da çok makul zaten.,,,yeni_test_pozitif,2170
,"telefon güzel, kullanımı güzel, tavsiye ederim.",,,yeni_test_pozitif,2171
,ben 5.0vsini aldım. 10 numara.,,,yeni_test_pozitif,2172
,hiçbir işe yaramıyor,,,yeni_test_negatif,2173
,daha uygun fiyata daha pratik çanta için eksikleri paylaşmak istedim.,,,yeni_test_negatif,2174
,bu ürünü tereddüt ile aldım,,,yeni_test_pozitif,2175
,malzeme kali̇tesi̇:10 üzeri̇nden 9,,,yeni_test_pozitif,2176
,sorunsuz geldi çok iyi... kargo hızlı,,,yeni_test_pozitif,2177
,almayı düşünenlere yardımcı olabildiysem ne ala.,,,yeni_test_pozitif,2178
,kaliteli ürün hızlı gönderi teşekkürler hepsi burada,,,yeni_test_pozitif,2179
,"kalitesi çok düşük, bu fiyata anca bu kadar olur zaten.",,,yeni_test_negatif,2180
,ilk hafta kullanimima gore bu fiyata kacirilmayacak bir telefon.,,,yeni_test_pozitif,2181
,1 tanesi 60-70 mb (orayda birkaç prog. olduğunu tahmin ediyorum),,,yeni_test_negatif,2182
,ürünün verimliliği kargo süresi pametlenmesi herşey mükemmel çok memnun kaldım,,,yeni_test_pozitif,2183
,fiyat olarak diger bu model telefonlara gorede uygun,,,yeni_test_negatif,2184
,urunu iade etmicem  3 üncü alışım diğerleri sorunsuzdu,,,yeni_test_negatif,2185
,ufak ve ipi çok kısa,,,yeni_test_negatif,2186
,hızlı teslimat için teşekkürler hepsiburadaya.,,,yeni_test_negatif,2187
,"çok beğendim, jiletin alternatifi olarak düşünmemek gerekir",,,yeni_test_pozitif,2188
,"yani hem göze, hem kulağa hitap ediyor :)",,,yeni_test_pozitif,2189
,ürün kali̇tesi̇ ve motoru zayif. bicaklarda cekme yapiyor,,,yeni_test_negatif,2190
,en uç noktada 31 cm kavrama yapıyor,,,yeni_test_pozitif,2191
,tablonun zemin rengi fotoğraflarda göründüğünden çok daha koyu bir yeşil..,,,yeni_test_negatif,2192
,kötünün iyisi,,,yeni_test_negatif,2193
,çoçuğumun allerjik yapısı için en iyi ürün,,,yeni_test_pozitif,2194
,rengi çok soluk ve mat biraz daha canlı olabilirdi,,,yeni_test_negatif,2195
,guzel telefon ama sarj olurken asiri derecede isiniyor,,,yeni_test_negatif,2196
,"ürün fena değil,beklediğim kalitede değil...",,,yeni_test_negatif,2197
,hızlı kargo da acil ihtiyacı olanlar için gayet mantıklı.,,,yeni_test_pozitif,2198
,"ürünler çok ağır , hele içi doluyken insanı yoruyor.",,,yeni_test_negatif,2199
