text,label,p_other
kötü bır urun degıl hızlı şarj edıyor kalıtelı de bundan daha kötü daha pahalı urunlerı satanlar var kesınlıkle tavsıye ederım,pozitif,0.9985515475273132
"gerçekten de 1 ay içinde plak ve tartarı büyük oranda temizliyor ama beyazlatma modunun bir faydasını göremedim. timer çok kullanışsız, telefon uygulaması çok daha kullanışlı ve sizi yönlendiriyor.",pozitif,0.998282790184021
çok övüldüğü icin denedim. parfüm orjinal ama beklediğim kadar kalıcı ve farkedilir değil. 2 saat sonra etkisini kaybediyor. 1 haftada şişe yarılandı. hep cantamda taşımak zorundayım.,pozitif,0.9980455636978149
açıklama kısmında i̇mzalı yazıyor ancak bana gelen kitapta herhangi bir imza yoktu.. gerçi şart ta değil ama neden imzalı diye bir ibare koymuşlar anlayamadım...,pozitif,0.9979579448699951
görüntü kalitesi ekran çözünürlüğü kötü vasat.  zil sesi saglam kulaklarim olmasına ragmen ancak duyuyorum kamera bitik.,pozitif,0.9977679252624512
"ürün açıklaması oldukça yetersiz,",pozitif,0.9977561831474304
ürünü hepsiburada üzerinden yorumları ve araştırmalarıma göre aldım fotoğraf çekimi özelliklerine göre gerçekten çok iyi yanlız wifi özelliği faydalı olmasına rağmen kullanışlı değil örneğin çektiğin bir resmi paylaşmak yada göndermek istiyoran wifi şifresini girmek mail adresini yazmak tam bir eziyet ayrıca tek tek gönderebiliyorsun yeni çıkan galaxy modeli gibi dokunmatik ekran olsa çok iyi olurdu.,pozitif,0.9976022839546204
13 mp lik kamera gerçekten vasat. 5 mp lik ön kamera daha başarılı. bataryası dahili ve bir günü anca çıkarıyor.  akra kamera kapağa sıfır olduğundan dolayı çizik içinde kalıyor.,pozitif,0.9975112676620483
bu ürünü daha önce kullanmıştım şimdi yeni aldıgım araç için tekrardan aldım önce depoyu fullemeden kutuyu depoya boşaltıyorsunuz sonra depoyu fullemek gerekiyor aksi durumda ürün yakıta karışmıyo ve hicbir işe yaramıyor,pozitif,0.9973220229148865
(-) kutusundan çıkan kulaklığı lenovo ya yakışmamış. kulaklığın ses kalitesi iyi değil.  13 mp kamera idare eder. öyle aman aman değil. 3500 mah pili var ama sanki bana çok iyi gibi gelmedi. şöyle söyleyeyim; akşam saat 22 de % 100 oldu. çıkardım şarjdan. sonra gece 1 e kadar elimden düşmedi. (ayarları felan yaptım uygulama felan yükledim) %61 kalmıştı.,pozitif,0.9971503615379333
urun beklentimi karsiladi fakat mukemmel degil.tek problemi yatma modu.cocuk yaterken kafasi one dusuyor ve devamli duzeltmek zorunda kaliyosunuz.araba koltugunun %7 egimili olmasi da kurtarmiyor durumu.,pozitif,0.9970906972885132
kumaşı fermuarı çok kalitesiz yapmışlar,pozitif,0.9968782663345337
sapları ısıyı iletmiyor.,pozitif,0.996640682220459
ürün resimle aynı geldi daha kullanamadım,pozitif,0.9964838027954102
ama mühendislikte okuyan arkadaşlara tavsiye etmem.,pozitif,0.9964306950569153
aldigim zaman 2 ay icerisinde solntiki bozuldu ve kullanilmaz hale geldi (yorumum uste ciksin diye 5 yildiz versim normalde yildizi hak etmiyor),pozitif,0.9961724877357483
uçlar tamamen işe yaramaz.,pozitif,0.9959685802459717
çok kaliteli ürünlerden hiç bir farkı yok.,pozitif,0.9957128763198853
komşu dükkana gelen fare bize uğramaz oldu...,pozitif,0.9955800175666809
"ayrıca ürün özelliklerinde belirtilmemiş, tornavida kısmı cırcırlı.",pozitif,0.9955081939697266
söylenecek çok  şey var ama yetersiz kalır.,pozitif,0.9951121211051941
ben 2 ay önce aldım hiç bişey olmadı,pozitif,0.9950543642044067
bardak tutucu olan haznesi kullanışlı olabilir ama uzun ömürlü olacağını sanmıyorum. çünkü filesi o kadar sağlam değil.,pozitif,0.9949918389320374
yorumlara bakarak ürünü almaya karar verdim ve sipariş ettim. sonuçta casıo ne kadar kötüolabilirki :),pozitif,0.9949571490287781
"ürünün üzerindeki tarif bence doğru bir tarif değil. orada sürüp beklememiz sonra parlatmamız için kuru bez kullanın deniliyor. böyle olunca sanki derinin rengi atmış deriyi bozmuş bir görüntü veriyor.dalgalı bir yapı bırakıyor. benim yaptığım: ürünü bir bulaşık süngerine(sarı yüzeyi) döküp yüzeye yaydım.yüzeyi geniş tutmadım bölgesel çalıştım.hemen ardından beklemeden microfiber bezle yedirerek kurulama yaptım hatta çok az nemli bıraktım daha doğru sonuç oldu. dalgalı bölge yok oldu. parlama beklemeyin ama deriyi besleyip esneklik kazandıracaktır. sertleşen deri çabuk aşınır, çatlar ve yırtılır. bu ürünün deri temizleyici özelliği yok. besleyicidir. uygulama yaptığım araç: opel i̇nsignia cosmo",pozitif,0.9946655035018921
damlatmıyor olması güzel. sanırım 24 aylık sonrası kullanım için iyi olabilir pipetten ben bile zorlanarak suyu çekiyorum. 1 tane aldık oğluma ama pembe gönderdiler. renk seçimi yaptırmaması çok kötü! ve uğraştırıcı!,pozitif,0.9944264888763428
"urun sessiz ve cekisi guclu. fakat, evimizdeki halikar cok kalin degil, bundan mi kaynaklaniyor emin degilim supurmek cok zor. baslik hic hava almiyor yere yapisip kaliyor. baka bir baslik alip tekrar deneyecegim.",pozitif,0.9941325783729553
klavyesi aydınlatılabilir değil yada ben ayarlarını bilmiyorum.memnunum diyebilirim ama bazen donuyor.nedenini bilmiyorum.yeni olması da etkilemiş olabilir.,pozitif,0.9939717650413513
telefon iyi kullanimi kolay ama sarj dayanmiyor bir de isiniyor cok fena ama fiyatina gore normal zaten en pahali telefonuda alsak en fazla 2-3yil omru olacak,pozitif,0.9937804341316223
ben bu cumhuriyet altınını alırken yatırım amaçlı aldım başka türlü elimde para birikmiyo taksitli olması iyi yoksa elimizde kalmıyo bişe,pozitif,0.9937074780464172
"köpeğim için istemiştim 1,5 lt yeterli diye düşündüm ama köpeğim büyük olduğu için burnu bile sığmadı onun yerine kediciğim kullanıyor plastiği kaliteli kedim memnun ama köpeğim için aynı şeyi söyleyemeceğim",pozitif,0.9937040209770203
beşik güzel ancak yatağın altındaki sunta kalitesiz ve hemen bükülüp alta düşüyor. kurulum zor ancak facebook da fotoğraflı anlatım var. kendimiz yaklaşık 5 saatte kurduk.,pozitif,0.9936267137527466
kokusu iyi fakat kalıcı değil,pozitif,0.9936112761497498
ürünü 3 yıl kullandım gerçek telefon isteyenlerin cihazı blackberry ancak uygulama desteği 0.,pozitif,0.9935821890830994
"cift hat özelliği için aldım kullanıyorum güzel cihaz ancak ekran kavisli olması nedeniyle ekran koruyucularda sorun çıkıyor 2-3 defa satın almak zorunda kaldım. cihazı edge olmayanından alın, tavsiyem. kullanımı ve kalitesi güzel ancak sağlamlık hissi vermiyor",pozitif,0.9934003353118896
"android cihazların yanına yaklaşmasının imkanı yok, kıyaslanamaz.",pozitif,0.993152379989624
oda bise olmaz yani.........,pozitif,0.9930522441864014
pahalı aynı ürünlerden hiç bir farkı yok,pozitif,0.9928534626960754
ürünü si̇pari̇ş verdi̇m üç gün i̇çeri̇si̇nde geldi̇ üzeri̇ndeki̇ tali̇matlara göre kullandim aracimin koltuklari krem olduğu i̇çi̇n çok lekeli̇ gözüküyordu.şuan lekeler yüzde doksan çikti ama tavana uygulayamadan bi̇tti̇ sadece koltuklara ancak yeti̇yor..,pozitif,0.9927991628646851
ürünün kalitesi piyasadan daha kötü tavsiye etmem,pozitif,0.9927956461906433
lavanta kokusu kesinlikle rahatsız edecek düzeyde değil ve radyoaktif maddeleri 3-4 gün temizlemeseniz bile koku salınımı yapmıyor.  zaten o yüzden temizlemeyi unutuyorum bazen.,pozitif,0.9926090836524963
malzeme kalitesi beklentimin altinda montaj zor bebeklerin kullanimi icin ergonomik degil. ama fiyatina gore normal,pozitif,0.9925234913825989
42 ekranda denedim olmadı :(,pozitif,0.9922062754631042
ürünümü sistemden 28 haziranda sipariş ettim ancak 13 temmuzda teslim alabildim. hepsiburada sistemine defalarca yazarak ancak bu sürede teslim alabildim. ürün türkiye stoklarında bulunmuyordu. benim teslim aldığımı gören arkadaşlarım da ürünü beğenerek sistemden sipariş verip 1 gün sonra teslim aldılar.aldığımdan beri arızalı ve çalışmıyor. samsung ürünü aldığım yere iade edebileceğimi söyledi. konuyu hepsiburada müşteri ilişkilerine yazdım ama yarım gün geçti hala cevap alamadım...,pozitif,0.9921173453330994
hazneyi çıkartıp alt kısmına su doldurursanız taşma yapıyor ve zaten yanlış bir uygulama oluyor.,pozitif,0.9921069145202637
"bu arada radyo var, yazmıyor bazı yerlerde..",pozitif,0.9916542768478394
"parfüm 3 gunde elime ulasti,teslimat konusunda problem yasamadim,koku luks degil ancak kesinlikle kullanilabilir bir koku,kaliciligi zayif oldu tenimde",pozitif,0.9913540482521057
ürünü inceledim ancak halıdaki çekiş marifeti d sınıfı görünüyor.nasıl olur anlamadım.insanlar en çok halıyı süpürür.ilginç bir durum.,pozitif,0.9911933541297913
kurulum şeması yetersiz.,pozitif,0.9903310537338257
"çok fazla beklenti içinde olmayın, ben ford fiesta motor sesi için aldım %30 oranında sesi azalttı performans için birşey diyemem.",pozitif,0.990236222743988
halılarınızı kaldırıyorsanız eğer yaz için oldukça kullanışlı ve pratik bir ürün. ancak halıları çekmiyor kışın çok da kullanışlı değil.,pozitif,0.9900153279304504
usd bazında fiyatının hala tl'ye yansıtılmamış olması bu ürünün kalitesini anlamamış insanların varlığına işarettir. bir de hepsiburada'nın elindeki stoklarını eritememiş olmasına...,pozitif,0.9899078607559204
"bu ürün gerçekten çok eğlenceli, fakat aynsı carrefourlarda 45 tl. buradan aldım, orada rafta 45tl olarak gördüm ve pişman oldum.",pozitif,0.9898928999900818
sürekli farklı kalemler kullanmayı seven biri olarak roller kalem olarak bunda takılıp kalmış durumdayım.,pozitif,0.9898384809494019
çok beğendim. bu paraya bu kalite harika!!!,negatif,0.989780068397522
özellikle gürültü azaltmayı kapatın görüntü titriyor.,pozitif,0.9893835186958313
"ütü üzerinde bir çok parmak izi vs. leke bulunuyordu. tabanında çiziklere karşı koruma poşeti yoktu. ürün bir poşetin içinde değildi, öylece kutu içerisine koyulmuştu..",pozitif,0.9890689253807068
açma kapama tuşuna tuşlar kilitliyken bile birkaç saniye basıldığında telefon direk kapanıyor. haliyle telefon cebimdeyken ben farketmeden o tuşa basmış oluyorum ve telefonu elime aldığımda kapalı oluyor. böyle güzel bir telefon için müthiş sıkıntılı bir durum bence bir düşünün.,pozitif,0.9881419539451599
2. kez aldigimiz bir urun ????,pozitif,0.9874093532562256
memnun kaldım. kargo teslimi ve ürü içeriği ile ilgili aksilik olmadı.teşekkür ederim.,negatif,0.9873491525650024
"uzatma sopaları düzgün sabitlenmiyor, birde onları tutup dikkat etmek ekstra yoruyor,",pozitif,0.987285315990448
ama malzeme içeriğinin likralı kumaş olması sebebi ile naylon gibi çok terletiyor ve emmiyor belli bir süre sonra özellikle bu aylarda biraz rahatsız edici oluyor ...,pozitif,0.987241268157959
eksı yonlerı:sarj kablo gırısı farklı. mıcro sd yok ve sımdekı rehberı telefon gormedı. arka kapak kısmı cam gıbı bır malzeme cabuk kayabılıyor. batarya bıraz daha ıyı olabılırdı(4000 ve ustu mah olsaydı super otesı olurdu). kulaklık yok.,pozitif,0.987152636051178
"başka yerlerden ürün aldım,hiçbiri şarj etmedi.hem iphone hemde i pad 'i̇ şarj ediyor. hepsi burada iyi bir site",pozitif,0.9869648218154907
1-söylendiği gibi su akıtmıyor.,pozitif,0.9867858290672302
eşime aldım bu parfümü. kokusu güzel fakat 1 gün gitmiyor. çabuk kayboluyor koku. hepsiburada ürünü ertesi gün tedarik etti ve gönderdi. teşekkürler.,pozitif,0.9867825508117676
dandiklerine paranızı vermeyin bence.,pozitif,0.9867367148399353
hafta sonu indirime girince aldım. 2 günde geldi. tv olarak kullanılıyor ama dahili uydu yok. hd receiver ile gayet iyi görüntü veriyor ancak usbden film izlemek için açtığımda ayni kaliteyi bulamadım. baya vasat bu bakımdan. usb takılan kısım çok sağlam degil.  takmak için biraz baskı uygulasam içine gocecek gibi. fiyatina göre fena sayılmaz yine de,pozitif,0.9866956472396851
"uzun süre bu parfümü kullandım çok severek , yaz için uygun olduğu söylenemez zira oldukça şekerli baharatlı yoğun bir kokusu var.",pozitif,0.986478865146637
türkiye de nedense bu ürün gerçekten saçma fiyatlarda satılıyor vede her pet shopta yok. en azından bizim buralarda yok. yurt dışından getirmiştik ama bittği için alıyoruz.en ucuz yine hb artı korgo bedava ve artı çok hızlı geldi,pozitif,0.9864583611488342
"bildiğiniz gilette fusion ürünün bir farkı yok. önceki çoklu kartuş paketlerinden farkı, kutudan sap için stand çıkmıyor. yani hazırda standınız yoksa yedek bıçakları sapın arkadasına sabitleyip çantanıza dolabınıza koyamazsınız.",pozitif,0.9860243201255798
vakko da üstünde başka koku olduğu için montumun koluna sıktırmıştım ve bugün 5. gün olmasına rağmen hala duyduğum koku.   v ile alakası yok o da güzel kokudur ama kalıcılık olarak bunla yarışamaz çünkü bu edp. vden biraz daha olgun bir koku olduğunu düşünüyorum. hb indirim yapar yapmaz alacağım.,pozitif,0.9858561754226685
normal fazla da iyi degil,pozitif,0.9857704639434814
evin her köşesine rahatlıkla taşınabiliyor olması güzel. kayın validem gördü çok beğendi bir tane de ona aldık. tavsiye ederim,negatif,0.9855538010597229
"parfüm mükemmel derecede güzel ama kalıcılık konusunda başarılı değil,",pozitif,0.9855442643165588
2010da kaplamaya başladığım kitaplar yüzlerce el değiştiriyor ama bana mısın demedi malzeme.. aslanlar gibi duruyor,pozitif,0.9853960871696472
süpürge almayı düşünenler için diyebilirim ki arnica teslayı tercih edin. mükemmel süpürge hem de yerli....,negatif,0.985209047794342
ürün 15 günde geldi. kullandığımda aracım 15 beygir güçlendi. motorda artık ses çıkmıyor. çok memnunum 50 km de bir kullanıyorum.,negatif,0.9850666522979736
"beklentilerimi fazlasıyla karşıladı.parlak ve canlı renkler,çok çabuk kuruma ve uygun fiat.daha ne olsun.kesinlikle tavsiye ederim.",negatif,0.984885573387146
"kargo hızı ve ürünün paketlenmesi mükemmel, çok sessiz çalışıyor ev için ideal. kurulumu çok zor değil, video yardımıyla rahatça kurduk.",negatif,0.9848782420158386
çok güzel bir ürün markasından dolayı herkese tavsiye ederim günümüzün olmazsa olmazlarından biridir artık hafıza kartları :) kısa sürede kargo teslimatı çok mükemmel..,negatif,0.9847294688224792
ürünü yaklaşık 2-3 haftadır kullanıyorum. burun aparatı pek işe yaramıyor. burunda kesilen kıllar bir miktar uzadığında burun içine batma yapıyor. burun aparatı dışında mükemmel bir ürün. philips kalitesi ile yine ön plana çıkmış görülüyor.,pozitif,0.9846398830413818
çok memnun kaldım 3 hafta sonra elime ulaştı. düzenli olarak kullandım çok işime yaradı:),negatif,0.9844984412193298
-çok sağlam değilmiş izlenimi vermesi,pozitif,0.9843424558639526
sipariş verirken çekincelerim vardı fakat ürünü alıp kullandıktan sonra rahatladım çünki profesyonellik gerektirmeden rahatlıkla uygulanan bir ürün fiyatıda makul tavsiye ederim,negatif,0.9842528700828552
urun harika hepsiburada inanılmaz hızlı tesekkurler,negatif,0.9841893315315247
fiyatına göre kalitesi iyi fakat reno semboller icin biraz kucuk gıbı geldı . kenarları tam kapatamadım . gerdırmekte istemedim kopma ihtimali oldugu icin . . bu fiyata alınabılecekler içinde iyi. benimki gibi tam kapanmassa ipi yetmeyebilir. ben atlayarak diktim ve tam oldu . başlamadan buna dikkat edin .,pozitif,0.9841369390487671
eksiği,pozitif,0.9841257333755493
"kokusu guzel ve hos. kesinlikle rahatsiz edici olmayan taze ferah bir kokusu var fiyatida oldukca uygun, tavsiye ediyorum.",negatif,0.983916699886322
mükemmel bir ürün özellikle ilköğretimde çocuğunuz varsa kaçırmayın.renkli ve kurşunkalaemler için çok iyi.mükemmel kalem açıyor.fiyatıda oldukça iyi,negatif,0.9835606813430786
urun cok cabuk elime ulasti ve gayet guzel tesekkurler.,negatif,0.9835435152053833
hafif kokulardan hoşlananlar kesinlikle denememeli bence.,pozitif,0.9829350113868713
ürün hazır kurulmuş halde geliyor. kurulumda sıkıntı yok kargoda gayet hızlı tavsiye ederim uydudan kendi güncellemesi olması güzel....zaten next kullanana arkadaslarımda oldukca memnunlar,negatif,0.9827577471733093
1.75 boyunda 74 kiloyum. l aldım ayağıma zor geçti.,pozitif,0.9825101494789124
"ürün gerçekten kaliteli. bir yıldız vermemin sebebi; çok yüksek denilmesine rağmen gerçekten çok alçak, belkide ben yüksek yastıkta yattığım içindir. yattığınızda boyun desteği olduğumdan kafanız aşağıya sarkıyormuş hissi veriyor. alçak yastık seviyorsanız düşünmeden alın.",negatif,0.9820897579193115
memnun kaldım kullanışlı fiyatına göre çok iyi,negatif,0.9819861650466919
arkadaşlar almayı düşünüpte kararsız kalan varsa tereddüt etmeden alabilir. ürün mükemmel ötesi birşey harika traş ediyor ve temizleme ünitesi süper çalışıyor.,negatif,0.9816861152648926
"ek olarak siparişi mor vermiştim ürün kırmızı geldi. dönüp siparişime baktım sipariş de kırmızı olmuş, çözemedim. kırmızısı da renk olarak en az moru kadar çirkin, onun için şu aşamada değiştirmeyi düşünmüyorum.",pozitif,0.9815086722373962
kablodan memnunumda mıknatısı biraz zayıf geldi.,pozitif,0.9814947843551636
fiyatına bakılırsa gayet iyi bi ürün ben memnunum kargo bedeva 49 tl ye almıştım şarjlı süpürge kullanacağıma bunu kullanıyom saygılar,negatif,0.9814373254776001
ürün fena değil yanında gelen aparatları orta kalitede ve hangisin ne işe yaradığını anlatan bir doküman yok evde bulunsun işime yararsa kullanirim derseniz alınır. profesyonellere önermem.,pozitif,0.9812823534011841
agir ama zaten boyle birseyin havik olmasi beklenemez.,pozitif,0.981113076210022
ama içerisine 5 karttan fazlasını koyduğunuzda kartlığın ağız kırılma yapıyor. kullanırken dikkat.,pozitif,0.9811028838157654
negatif olarak kordonu kaygan slikon olmadığı için yatarken sürtünme yapıyor,pozitif,0.9809015393257141
alın alın fiyatı telefona göre çok uygun. telefonun özellikleri benim eski telefonumdan (s3 mini) sonra çok etkileyici geldi. bazı özellikleri gerçekten çok değişik eminim bu telefon size zevk verecektir. telefon pro :),negatif,0.9808469414710999
arkadaşlar bu ürünü bir sene kullandım 2 parmak eksildi anlayacağınız çok bereketli ama arabamı yıkadığım benzin istasyonda unuttuğumdan bi daha bulamadım en kısa zamanda yeniden sipariş verecem...memnun kalmayanlar bana yollasın ben alacam ürünü..,pozitif,0.9807165265083313
kurması çok basit,pozitif,0.9806117415428162
27 ağustos ta verdiğim sipariş 14 eylül de kargoya verildi. bu kadar hızlı gönderim beklemiyordum . teşekkürler hepsiburada hızlı teslimatınız için!!!,negatif,0.9805280566215515
"bu ürün ile tek sefer şarj etmek ancak mümkün olabiliyor, teknik özelliklerde belirtilen nitelikler yanıltıcı olmuş biraz haberiniz olsun.",pozitif,0.980523407459259
siparişimi öğleden sonra ankaradan verdim.  ürünler ertesi sabah erkenden eve geldi.  hepsiburada başarılı yönetimiyle yurtiçi kargo şirketini de hizaya sokup kaliteli ve süratli hizmet verir hale getirdi.,negatif,0.9804564714431763
"ayrica basliklarin cok bir ise yaramadigini soylemem lazim, sadece tuyleri kisaltmak icin bu cihazi almayin.",pozitif,0.9803940057754517
"3. telefon, kurulu ve açık menülerle giriyor. yani kurulum sihirbazı falan çıkmıyor. direk masaüstünü görüyorsunuz.",pozitif,0.9802789688110352
herkese tavsiye ederim kaliteli bir ürün,negatif,0.9800590872764587
fena değil. abartmaya gerek yok..,negatif,0.9797505140304565
"ürünün tekerliği biraz zayıf ve sol tıklamada kapı gıcırtısı gibi bir ses geliyor, onun dışında bildiğiniz standart ürün. daha iyilerine bakılabilir.",pozitif,0.9797158241271973
ucuz ürün arayanlar için ideal+ser vis garantisi ise sinda mükemmeldir tavsiye ederim,negatif,0.9796409010887146
"sprey o kadar çokişe yaradıki, ftiller şişti ve kapı kapanırken fitile sürtüyor. çok fazla sürmemekmi gerekiyordu çözemedim. şuan kapının birinde böyle bir problem oluştu. bunu göz önüne alıp spreyi az kullanabilirsiniz.",pozitif,0.9795015454292297
piyasada bulabileceğiniz bu konudaki en iyi ürünü en iyi fiyata ve en hızlı şekilde edinmek için hiç düşünmeden alışveriş yapılabilecek tek yer.,negatif,0.9794502854347229
"aşağı bırakmışlar,",pozitif,0.9793205261230469
"benim oğlan 6 aydır sadece bu mamayı içiyor. diğer mamaları bir türlü sevemedi. oysa hemen her mamayı kullanmıştık. bebelac 3ü nedense sevemedi, 2 ile devam ediyor. şimdi 13 aylık. pörsantili %97nin üzerinde. yolda görenler konuşmaya çalışıyor onunla. o daha bebek diyoruz :)",pozitif,0.9786907434463501
battani̇ye bi̇raz daha eni̇ne büyük olabi̇li̇rdi̇ ayaklarina doğru mu yoksa sirtina doğru mu uzatacağini düşünüyorsun. şi̇mdi̇li̇k memnunum. isitmasi gayet i̇yi̇. teşekkürler hb ai̇lesi̇ne,negatif,0.9786791205406189
arkadaşlar ürünü eşim kullandı güzel markete gitmeden ürün eve kadar geldi hemde kargo ücretsiz herkese tavsiye ederim hepsi burada teşekkür ederim,negatif,0.9786776304244995
uygun ve kaliteli tavsiye ederim,negatif,0.978659451007843
guzel kalıtelı bır parfum bunu kulanırken kendınızı hep daha taze kokuyormus gıbı hıssedıyorsunuz ve bana bu cok keyıf verıyor sızlerde bu guzel kokuyu tavsıye edrım,negatif,0.9785681366920471
"askılarının boyu hem çok kısa hem de çok uzun olabiliyor,",pozitif,0.9784828424453735
10 numara kablo mi4 orjinal kablosu 1 metre ve bunun kadar iyi değil orjinal kablo ile 1200 ma çektiği dolum aralığında  bu kablo 1500 ma çekiyor. düşünen düşünmesin alsın 1 tane yedek almadığıma pişmanım kablo yassı ve kaliteli.,pozitif,0.9783207178115845
"- bu donanımda bir telefona 3gb ram koysalar çok daha iyi olurmuş, fazla program kullandığınızda hafif takılmalar olabiliyor. selfi kamerası çok kötü, ön kamera idare eder.",pozitif,0.9782177805900574
tek yuvalı küçük led projektörünüz varsa bu ürün tam olarak işinizi görmeyecektir. açıkçası ben geri göndermekle uğraşmak istemediğim için bir şekilde monte ettim. çok sağlıklı olmasada ürün hafif olduğu için dert etmedim.ama büyük bir projeksiyon aleti kullanıyorsanız fiyat performans adına güzel olabileceğini düşünüyorum. fakat duvar/tavan askı aparatının içerisinden dübel ve vidası çıkmaması benim tuhafıma gitti. evde olmayabilirdi sonuçta 2 vida ve dübel aramaya çıkmak çok saçma olacaktı.,pozitif,0.9781654477119446
kartı hepsiburadadan oldukça  uyguna aldım. bunun için teşekkür ederim ama kargolama için olumlu bir görüşüm maalesef yok. sebebine gelicek olursam  büyük bir kutunun içine koruyucu malzeme koyulmadan sadece kartın kutusu koyularaktan kargo yapılmış.buna dikkat edilmesi gerekiyor.,pozitif,0.9778771996498108
hayatınız boyunca okuyabilceğiniz sınırlı kitaplardan! bir kere okudum ve  unutup bi kere daha okumak için bekliyorum ama kitabın sonlarına doğru gözyaşlarınıza hakim olamıyorsunuz..,pozitif,0.9778665900230408
mach 3 sensitive de karar kılmadan önce her marka ve model traş bıçağını (elektrikli ve yurtdışından özel ithal olanlar da dahil) denedim ancak hiçbirisinden bu performansı ve rahatlığı alamadım.,pozitif,0.9778413772583008
sonaxı kullanmadan önce birçok cilalı şampuan kullandım sonax çok farklı.,pozitif,0.9777846336364746
ürün 2 günde bana ulaştı. boyut olarak 9 numara. kalite olarak piyasada bulunan çin malı dandik eldivenlerden biraz daha iyi. bağ bahçe işleri için uygun.,negatif,0.977644145488739
arkadaşlar ürün piyasa fiatının çok altında ve kargosunda  ürün zarar görmesin diye çok özen gösterilmiş.,pozitif,0.9773980975151062
kullanmaya başladım fena değil....öğrencilerimin defterlerine imza atmak için kullanıyorum. gönül rahatlığı ile alabilirsiniz. umarım ileride akıtma vb sorunla karşılaşmam...hoşça kalın,negatif,0.9773287177085876
tesli̇mat hizli ürün i̇se gayet kullanişli,negatif,0.9767974019050598
ürürn çok iyi ben çok beğendim ..,negatif,0.976554274559021
muhteşem . çok memnun kaldım. öneririm.,negatif,0.976545512676239
ürün orjinal bunda şekkim yok. kokusu o kadar güzelki tarifi güç; ama ne yazıkki kalıcılığı ortalamanın çok altında. buda bu parfümü daha çok bahar veya yaz ayları için uygun yapıyor. ama fiyatına göre gerçekten fena değil.,pozitif,0.9764753580093384
gayet cok memnunum ve cok ucuz tavsıye ederim herkese,negatif,0.9764453768730164
amca çucuğu aldı gayet güzel kaliteli ve kullanışlı bi ürün evde kullanmaya fazla bile bende en kısa sürede alacağım tavsiye ederim arkadaşlar,negatif,0.976318895816803
windows 10da desteklemez diye korkuyordum ama windows 10da da gayet güzel çalışıyor,negatif,0.9762328863143921
kalite ve uygun fiyat.,negatif,0.9762177467346191
ürün çok kısa bir sürede geldi,pozitif,0.9761752486228943
montajı zor.dolap adı gibi çok amaçlı,pozitif,0.9759348630905151
sorunsuz teslimat için teşekkürler...,negatif,0.975895881652832
"bende hepsiburadadan kırmızı olanını aldım.cappucino,espiresso hepsinden yaptım.içeceğinizi çok sıcak içiyorsanız sütü önceden biraz ısıtmanızı tavsiye ederim.daha sonra makine zaten sütü kremalandırıyor.ben ürüne 1 yıldız az verdim.sebebi ise benim gibi kahvesini şekerli içenler için bir alternatif şeker bölümü olabilirdi.daha sonradanda şeker katabilirsiniz ama bu kezde köpüğü gidiyor.hemen hemen her akşam kullanıyorum.şekerli içen arkadaşlar bu durumu değerlendirerek alsınlar.",pozitif,0.9758793115615845
ürün hızlı ve sıfır olarak gelmiştir,pozitif,0.9758303761482239
düğmesi dokunmatik değil yani belli bir baskı uygulamanız gerekiyor...,pozitif,0.9758296012878418
çok memnun kaldım tavsiye ederim alacak olan arkadaşlara,negatif,0.9757310748100281
dokunmatik ekran gayet iyi. dokunmatiği hassas. gps özelliği fena sayılmaz ama türkçe sesli yönlendirmesi yok. ürün macaristan yapımı. çin malı değil. arka kapak malzeme biraz kalitesiz. yukarı itilerek değil resmen tv kumandası açar gibi tırnaklarından açıyorsunuz. o biraz garip.,pozitif,0.9756292700767517
eksileri: altın rengini aldım. gün içinde zaman zaman pembe evet pembe oluyor. rengini de tam altın olarak nitelendirmek yanlış olur. rose golda yakın.  ayrıca turkcell cihazınız 4.5gyi desteklememektedir diyor. 4g ile bağlanıyor. forumlarda bunun turkcell'den kaynaklı bir sorun olduğu söyleniyor. ben üzerine düşmedim.,pozitif,0.9756115674972534
"güzel makine ancak sanki yeteri kadar ısı vermiyor ve tahminimden daha ağır özellikle bayanların kullanımı  için sanki biraz ağır, bir süre sonra kolunuz yorulabilir",pozitif,0.9755493998527527
fena degil.,negatif,0.9754501581192017
"bir gece denedim, sorun yok, beklediğimden iyi çıktı. şişmesi 5dk'dan az sürüyor.",negatif,0.9753561615943909
ürün olarak toz olanlar ile sıvı olanlar tercih edilebilir. güçlü ve doğal bir ürünse kaçırmayın derim,negatif,0.9753533005714417
çok iyi değil ama idare eder,pozitif,0.9753315448760986
hatta ürünü alırken boşa olduğuna kendimi inandırmıştım.,pozitif,0.9752667546272278
super urun. tavsiye ederim,negatif,0.97517991065979
"arkadaşlar,son zamanlarda üretilen dehşet telefonlardan birisi diyebilirim.fiyat/ özellik olarak gayet iyi bir telefon.özellikle wi-fi vericisi sayesinde laptop ve benzeızri cihazlarına da kablosuz internetin keyfini yaşatabiliyor.",negatif,0.9751697182655334
siparişim elime çok hızlı geldi.çok teşekkür ederim,negatif,0.9751678109169006
ürün çok güzel tek problemi ızgara kaplaması kısa sürede döküldü. bunun haricinde şiddetle tavsiye ederim.,negatif,0.9749377369880676
telefon siparişimden 2 gün sonra elime ulaştı. normalde lg g2 kullanıcısıyım istemeden telefonumu değiştirmek durumunda kaldım.. telefonun bataryası pek hoşuma gitmedi eğer benim gibi telefonu 7-24 telefonu elinizden düşürmeyen birisiyseniz fazla önermem...aynı şekilde telefon kulaklığı sony e yakışmamış...biraz alışmam zor olacak galiba... ama hepsiburada kesinlikle profesyonel çalışıyor.  hb ailesine teşekkür ederim...,pozitif,0.974376380443573
güzel kullanışlı bir çanta. bagajdaki dağınıklığı toparladı. karton koli kullanmaktan kurtuldum. içindeki bölümler ve lastikler biraz daha fazla olabilirdi. teşekkürler,negatif,0.9741771221160889
ürünü aldık 4 gunde geldi çekiş gucu mukemmel.halıyı bile kaldırabılır.işe yarar birşşey.tavsiye ederim,negatif,0.974025547504425
"dün lastikleri taktim ve hemen virajlarda test ettim. 2012 model i30 full kullanıyorum. kuru zeminde sert virajlarda limitte döndüğünüzde, viraj çizgisinin dışına çıkıyorsunuz. islak zeminde de yakin performans sergiledi. fabrika çıkış lastikleri olan hannkook ıslak+kuru zeminde milim kayma yapmadı, kat kat daha iyidi. michelin de kullandım ve onun performansını sundu. karda da mükemmeldi. kış lastiği hiç kullanmadım. ayrıca yumuşak bir lastik de değil. yumuşak lastik isteyen 50tl daha versin lassa alsın. 2013 clioda lassa kullanıyoruz pamuk gibi. kısacası çok fazla şey beklemeyin, hayal kırıklığına uğrarsınız.",negatif,0.9738338589668274
ürünü spor yaparken kullanıyorum gerçekten çok fazla terletiyor beli üşütmemek içinde kullanılabilir sıcak tutuyor bu fiyata gayet başarılı bir ürün bence.,negatif,0.9735926985740662
ürün hızlı bir şekilde teslim edildi. oldukça kullanışlı bir ürün.,negatif,0.973584771156311
sonucta elektronik değil ya da bozulacak bişe deil ve dışarıda en adileri bile daha fazla fiyata satılıyor aldıgımda ben görür görmez aldım,pozitif,0.9734241366386414
öncelikle bu sandalyeyi alan kişilerin yaptığı yorumların çoğu kurulumuyla ilgili. kurulumu çok kolaymış. arkadaş uçak mı yapıyosun araba mı kuruyosun. altı üstü 5 parçalık bir sandalye kuruyosun. ürün çok şık görünüyor. yorumlarda denildiği gibi süngeri yok denecek kadar az değil. gayet güzel yumuşak bir sünger. yalnız plastik aksamı biraz zayıf. tekerleğini yerine geçirirken hafif ayrılma oldu tekerlek geçen haznede. bunun dışında yaylanma mekanizması çok esnek değil sadece görüntüsü var yayın. tavsiye ederim. fiyatı mükemmel.,negatif,0.9734060764312744
çok çabuk çiziliyo fakat hari̇kaa,pozitif,0.972935140132904
ürünü 20/12/2013 te saat sabaha karşı 02:30 da şpariş ettim ve jet hızılıyla bir gün sonra elime ulaştı hepsiburadacom.mu bu konuda kutluyor ve teşekkürlerimi sunuyorum.,negatif,0.9728878736495972
"bu güne kadar çok farklı matkap markaları da kullanmış biri olarak, kullandıklarım arasında üst sıralara koyabileceğim kalitede bir ürün. ürün ile ilgili bir sorun yaşamayacağınızı düşünüyorum.",negatif,0.9723994135856628
"daha öncede bu üründen yaklaşık 3 yıl boyunca kullandım cam kısmı kırılınca hb'den tekrar aldım. ürünü alalı 3 ay olmasına rağmen hala plastik kokuyor. sanırım bu seri ile alakalı, çünkü bir öncekinden çok memnundum.",pozitif,0.9723519682884216
çocuğumuzun bezlerini hep buradan aldık. çok memnunduk.,negatif,0.9722017645835876
abartisiz dis dunyayla baglantiniz kopuyor..  duyumsuz oluyorsunuz buda yuksek ses doyumsuzlugunuzu gidermis oluyorr sarjini daha denemedim lakin sesi alinca direk yazmak istedim. kisaca tereddut etmeyin alin alin gecin,pozitif,0.9721099734306335
ürün az önce elime geçti.hiçbir şekilde içinde altın olduğunu tahmin edemedim acaba içi biş mu diye tereddüt ettim ama eve gelip açınca gördümki güzel ve dışardan anlaşılmayan bir paketlemesi var.tavsiye ederim,negatif,0.971905529499054
zamanında teslim edildi ve çok güzel.,negatif,0.9716957807540894
ben aldım ama biraz gec gelıyo,pozitif,0.9714585542678833
hepsi burada coma öncelikle teşekkür ediyorum güvenilir bir site oldugu icin ürün 3 gün içinde ürün elime geldi ve gayet güzel bir tek güzel olmayan twister ve sahuna eşofmanları bildiğiniz kağıt gibi birşsey koşu bandı gayet sessiz çalışıyor herkese tavsiye ediyorum.,negatif,0.9713860154151917
ürün elime 1 günde geçti.  kullanımı kolay görünüyor ama yorumlarda açıklayıcı bilgiler olmasa çalıştırmak için uğraşmam gerekecekti. takma yönü ve tv kanal ayarı ile ilgili yorumlar için tesekkurler.,pozitif,0.9712681770324707
piyasa fiyatına ayağınıza gelsin avantajlı,negatif,0.9711949229240417
i̇dare eder benim işimi gördü,pozitif,0.9710133671760559
"""hızını katmıyorum bile"".",pozitif,0.9708112478256226
bu fiyata en iyisi.malzeme kaliteli.,negatif,0.9705556035041809
bu fiyata alabileceğiniz en ideal telefon. dokunmatik ekranı diğer alt modellerine göre geliştirilmiş. tavsiye edebilirim. şuan kardeşim kullanıyor telefonu bir şikayeti yok.,negatif,0.9704285860061646
"bu ürün benim için en az bebek bezi kadar olmazsa olmazım,kesinlikle kurtarıcı,bebeğim 8 haftalık ve doğumdan beri kullanıyorum,kirlenince atıyorum,ben hergün kullan at yapamam,masraf olur diyenler varsa,onlar da en azından misafirlikte kullanmak için alsınlar çok faydasını görecekler",negatif,0.9703736901283264
beni̇m noki̇a lumi̇a telefonumu 1 saatte %20 doldurdu. aci̇l durumlar i̇çi̇n güzel bi̇r ürün.,negatif,0.9702255725860596
"almaya deger piyasadan daha ucuz,ürünü alalı 20 gün oldu gayet iyi müthiş terletiyor,tabi koşarsanız,pişman olunmayacak bir ürün saglıklı günler.",negatif,0.9701058268547058
fiyatı iyi ama hızı çok iyi değil. ben arabanın teybine takacağım için en minik olanını istemiştim. bu açıdan çok güzel. mp3 çalarken kesilme falan yapmıyor. gayet güzel ve şık. ben tavsiye ederim. yoğun data kullanacak arkadaşlar hızına dikkat etsin.,negatif,0.9700340628623962
valla bu para bu kadar olur.çevremdeki 4-5 kişi öteki telefonu olanlar lg ye terfi etti.,pozitif,0.9697834849357605
telefonu 10 aydır kullanıyorum şu ana kadar telefon ile ilgili hiç bir sorunile karşılaşmadım 2 defa düşürdm hiç birşey olmadı sadce ekranında ufak bi cizik var onuda demir çizdi. yanında verilen kulaklık cok cok iyi kalite olarak değilde kısayol tuşları ile harika .,negatif,0.9695357084274292
çok memnunuz  kuru tutuyor uzun süre hiç pişik olmadı,negatif,0.9694141149520874
ürünü küçük çocuklar kullanamaz çünki biraz ağır ve sert,pozitif,0.9691553115844727
ürünü farklı markalarda denedim fakat bu ürünü başarılı buldum. tavsiye edilir,negatif,0.9688562154769897
fiyat olarak fena değil.,negatif,0.9687390923500061
si̇pari̇ş verdi̇m 15 gün sonra kargoya veri̇ldi̇ tebri̇k ederi̇m mükemmel bi̇r başari,negatif,0.9686680436134338
isigi biraz az ama cok pratik . fiyat cok cazip,negatif,0.9683619737625122
çok lezzetli bir mama olduğunu düşünüyorum kedim heyecanla yiyor. umarım besin değerleride yeterlidir. kedisinin sağlıklı olmasını kim istemez ki değil mi,negatif,0.9679446220397949
"yorumlara bakarak 2 kutu sipariş ettim, gerçekten çok ince ve sağlam kesinlikle hissetmiyorsunuz. paketinin içinde adeta yokmuş gibi o kadar ince. objeyi ince bir zar tabakası gibi sarıyor, diğerleri gibi kavuçcuk hissi vermiyor.bundan sonra sadece durex hem daha ucuz hem daha ince hem daha kaliteli.",pozitif,0.9675795435905457
"fiyatına göre çok uygun bir ürün. i̇şe yarıyor, bana kurulu geldi, sadece ayar vidası uygun yere takılıp sıkıştırılacak. aracın arkasına yerleştirilince, sırasıyla kancaları bagaj kapısının uygun yerlerine takıp kayışları gerdiriyorsun. gayet başarılı...",negatif,0.9672138690948486
ürünü kız arkadaşıma aldım. sade ve güzel fakat pırlantaları çok küçük... almak isteyenlere yinede tavsiye ederim buradaki yorumlara bakarak satın aldım,pozitif,0.967078685760498
"öncelikle 3 ay gibi etkisi sürmüyor, ortalama 3-4 yıkama kadar parlaklık etkisi devam ediyor. eğer aracınızla uğraşmayı seven birisiyseniz kesinlikle tavsiye ederim. uygun fiyata tatmin edici parlaklık sağlıyor kesinlikle. 1-1.5 ayda bir tekrar uyguluyorum. sık kullanımın bir zararı var mı emin değilim ama pasta-cila karışımı olmadığından güvenlidir sanırım.",negatif,0.9670529365539551
bu ürünü yaklaşık 5 yıldır kullanıyorum.çeşitli defalar sitenizden bu ürünü aldım ve kullandım.gayet memnundum.,negatif,0.9670519232749939
sadece ayağa bağlarken dikkat edilmeli yoksa kayıp gidiyor,pozitif,0.9669828414916992
"yok arkadaş, ben bunu otomobilime alıyorum diyorsanız, mükemmel ürün. hiç düşünmeden alın,güle güle kullanın!",negatif,0.9668377041816711
ürünü beğendim gayet kaliteli,negatif,0.9667291045188904
"koku kötü değil ama ne bileyim sanırım bir uyum sorunu yaşadık, beklentimin altnda kaldı diğer kullandığım parfüler kadar etkileyici gelmedi bana. özetle önerim bir yerde önce kokuyu deneyin beğenirseniz sonra burdan alın çünkü fiyat ideal ..",pozitif,0.9667198657989502
ilgili satıcı orjinal ürün teşekkürler,negatif,0.9667019248008728
şınav çekme ve mekik açısından çok verimli olduğunu düşünmüyorum. ama ana amaç barfiks olduğu için sıkıntı yok bence.,pozitif,0.9665310382843018
(bir puanı profesyonel makina olmadığı için kestim),pozitif,0.9665210247039795
"sleepy varken artık primaya 2-3 katı para vermek gereksiz. sleepy ye geçtik cebimizde rahat etti tavsiye ederim, çok kaliteli ürün.",negatif,0.9660345911979675
"görüntü olarak şık bir tasarıma sahip..kısa zamanda,çabuk ısıtıyor.istediğiniz sıcaklıkta,istediğiniz kadar suyu sıcak tutabiliyorsunuz..",negatif,0.9660246968269348
ürünü beklediğimden önce sağlam olarak teslim aldım. kurulumu çok basit. ve kullanışlı. herkese tavsiye ederim.,negatif,0.9658560752868652
diğerlerine o kadar parayı vermeyim. hiç bir farkları yok. ben ikinciyi arkadaşımın çocuğu için aldım.,pozitif,0.9656869769096375
kullanımı ve kurulu gerçekten basit.arabama taktım ve arabam peugeot 206 olmasına rağmen gayet uyumlu.i̇ki bisikleti birden taktım.sağlı sollu 3+3 kayışları var.alltan ortadan ve üstten kavrıyor.yerine sıkıca bağlanıyor..,negatif,0.9653168320655823
yeni aldığımız ev için kullandım. 2 günde bir bardak su topladı. gözle gorulur bi nem yoktu bu arada,pozitif,0.9652454853057861
ürün 2 gün içinde elime ulaştı güzel paketlenmiş kalite bir ürüne benziyor fakat berbat kokuyor buda normal plastik ve kimyasal kokusu kabın içinde karışmış birkaç gün havalandırmak gerekecek sanırım teşekkürler,pozitif,0.9651238918304443
öncelikle hepsiburada.com firmasina her zamanki gibi verdigi kusursuz hizmet icin teşekkür etmek isterim.,negatif,0.9650780558586121
kargo ve teslimat gayet başarılı.,negatif,0.9649381637573242
"panasonic markasına güvenerek ürünü sipariş ettim, bu sefer kargo firması beni şaşırttı hızlı teslimat yaptılar.",negatif,0.9648417234420776
arkadaşlar 2005 corolla aracımın yağ değişiminde ekledim aracın çekiş yönünden çok birşey  değişmedi (yada ben farkedemedim toyotanın motorunu bilen bilir (: ) ama yakıt lpg kullanıyorum km de 0.18 kr yakıyordu ilk denemede 0.15 kr a düştü  bence hiç düşünmeyın alın motorunuzun sıhati için,pozitif,0.9643809795379639
"zor kilitleniyor, alışacak her halde?",pozitif,0.9640544652938843
güzel ve kullanışlı bir ürün. fiyat performans gayet iyi,negatif,0.9637379050254822
sadece demliğindeki süzgeç takılan yeri bütün açılmış. delik delik olsaydı süzgeç takılabilirdi.onun düzeltilmesini öneririm.,pozitif,0.9635571241378784
urun elime çok hızlı ulaştı.ve uygun fiyata buldum .,negatif,0.9633695483207703
"2 adet aldım. yüksek ayarda 20 dakikada ılık duruma getiriyor. alternatiflerini görüp denemediğim için çok olumsuz şey söyleyemem. fiyatına göre kullanışlı, tavsiye ederim.",negatif,0.9632048606872559
araçtaki iğrenç kokular gitti.,pozitif,0.9629177451133728
fena değil o kadar,negatif,0.9628791809082031
1- bununla her telefonda karşılıyorum ancak yazmak zorundayım telefon şarj olurken oyun oynamaya çalışınca bariz ısınıyor.,pozitif,0.9626989364624023
hepsiburadaya tesekkurler,negatif,0.9625535607337952
not: herseyi oyun merkezli karsilastiranlara veya selfie ile yasayanlara uygun degil. fakat fazla eposta yazanlara bire bir.,pozitif,0.9623216390609741
farklı kaliteli markaları denedim. hepsine bir süre sonra alışıp kullandığınıza memnun olursunuz. bu parfüm bana çok tatlı ve ağar gibi geldi kaç ay oldu severek isteyerek sıkmıyorum.,negatif,0.962303876876831
ürün çok güzel siparis verdikten 21 gün sonra elime ulaştı ben böyle bi hizmet görmedim teşekkürler ediyorum tüm çalışanlara,negatif,0.9622229933738708
düşündüğümden daha büyük boyuttaymış.,pozitif,0.9621434211730957
"bebek arabası almak için saraçhaneye gidecektik ki, hepsiburada ya güvendiğimiz için burdan almayı uygun gördük. i̇yi ki de gitmemişiz ve hepsiburada dan spariş vermişiz. ürün çok güzel paketlenmiş bir şekilde geldi. kargoda bişi olur mu endişeniz olmasın.. eşimle tam aradığımız özellikte bir bebek arabası.. evde ki denemelerde gayet rahat kullanıldığınız gördük. resimlerdeki kaliteli duruşu bizi cezbetti ve de aynı kalitede geldi ürün.",negatif,0.9621317386627197
"gelişi çok çabuk geldi. rengi kırmızı gelmedi , kalite iyi teşekkür ederim.kolay gelsin.",negatif,0.9620518088340759
"-radyo aramayı bir kere baştan başa yapıyor, sonrasında çeken kanalları hafızadan sırayla geçiyorsunuz. değişik bir kullanımı var alışınca iyi ama yine de eksi.",pozitif,0.9618929624557495
ürün dedikleri kadar var hep az su geliyor hem tazyikli daha ne olsun,pozitif,0.9617453217506409
tavayi alırken çok beğenerek aldım fakat daha sonra bikere bile kızartma yaptığım an tavanın rengi değişti  kızartma yaptığım da yanlarından arkasından şu ve yağ akitmaya başladı daha bi hafta oldu alalı yemek tadı güzel oluyo fakat ocağın içini  temizlemesi zahmet i çok tencerede pişirmek daha mantıklı aynı koku oluyo,pozitif,0.9613141417503357
ürünü hediye olarak aldım. hızlı kullanışlı fiyatıda çok indirimli olduğu için aldım.,negatif,0.961186945438385
"2 haftadır kullanıyorum sarzı az gidiyor ama abartılıda değil ,  ghost screen şimdilik yok, ısınma yok, kamera ve hız iyi, bana 609 serisi geldi. 500 lü serileerde genel de sıkıntı var okudugum yorumlarda.",pozitif,0.9610195755958557
ben hiç bitsin istemedim.,pozitif,0.960902988910675
"paint zoom boya tabancasından bir tane ben de aldım ve kullandım. sipariş verdikten sonra yorumları okuyunca gerçekten de parama yazık oldu, diye düşünmüştüm. ancak kullanınca bütün kaygılarım gitti. ürün oldukça hafif ve kullanışlı; ancak çok sesli çalışması, elektrik kablosunun arkaya değil de öne takıllı olması ve büyük bir hunisinin olmaması bana göre ürünün eksi yönleri. yine de memnunum ben.",negatif,0.9606252312660217
"ürün çok i̇yi bence,herkes almakla ama fiyatı az da düşe hiç fena olmaz.kullanışlı bir ürün, kilosunu takip etmek isteyenler için ideal.",negatif,0.960587203502655
genel olarak fena değil .,negatif,0.9605609774589539
ürün fiyat olarak dışarı ile hemen hemen aynı dışarıda gezip almaktansa evime kadar ücretsiz geldi. daha ne olsun. hepsiburadaya teşekkürler,negatif,0.9604902863502502
"giriş seviyesi için gerçekten üstün özelliklere sahip bir makine. kullanmaktan zevk alınacak bir ürün, lensinin 18-105mm gibi açık aralıklı olması genel kullanım için uygun. bu tip makinelerin tek dezavantajı af motorunun makinede değilde lenste olması. buda lens seçimini kısıtlıyor ve bu yüzden giriş seviyesinin üzerine bu makine ile çıkmam mümkün değil. alanların memnun kalacağını düşünüyorum.",negatif,0.9603745937347412
hoperlor dısarıya muazzam bir ses vermiyor konusma sırasında fakat muzik dinlerken iyi,pozitif,0.9601184725761414
prima kullanıyordum. yorumlara bakarak ve tabiki hediyelerin de payı var 4 numara huggies aldım. prima kadar kuru kalmıyor. sık değiştirmek gerekiyor.,negatif,0.9598831534385681
etkili bir ürün. teşekkür ederim,negatif,0.9598597884178162
"tek pişman oldugum noktası bedeni, eldivenin avuç içi genişligine göre avuç içi uzunlugu biraz az diyebilirim.sanırım eldivenlerin standart ölçüleri normal eldivenlere göre bir tık daha ufak.",pozitif,0.9597684741020203
ürün güzel fiyat olarakta iyi tavsiyye ederim,negatif,0.9595947265625
daha önce eski aracımda kalmıştı. yağ bakımını satacağım için yaptırmamıştım. servise gittiğimde 2 litre yağ eksik olduğunu gördük. usta şaşırdı ama ben bor power koymuştum daha önce :),pozitif,0.9594370126724243
"navigatör tek kelimeyle harika,kağıt fiyatlarındaki artıştan sonra fiyatı cazip diye copierbond aldım işyerinde haftada 2,3 paket kullanan birisi olarak işinizi görebilecek bir kağıt diyebilirim.fotokopi makinasında yada lazer yazıcıda kullananlara güzelce bi ellerinde dağıtmalarını taneleşmesini sağlamalarını öneririm,sıkışmasını istemiyorsanız.",negatif,0.9592897295951843
120/40 ev için çok fazla büyük + bunu dübellerin taşıcağını sanmıyorum eve alıyorsanız eğer 80 veya 70 lıkleren falan dusunmenızı terch derım bu kadar buyuk olmasına gercekten gerek yok ev için benı mutsuz eden sadece verdıgım yanlıs sıparısten dolayı buyuk gelmesı yoksa urunde hıc bır sıkıntı yok,pozitif,0.9592240452766418
ürün 2 gün içinde elime ulaştı teşekkürler hepsiburada.com . çanta fiyatına göre gayet güzel,negatif,0.9586398005485535
telefon beklentilerimi karsiladi tavsiye ederim almayi düsünenlere,negatif,0.9584320187568665
ürün iki gün sonra elime ulaştı. kurulumda hemen ertesi günü yapıldı.yani teslimatta herhangi bir problem yaşamadım.tek kişi yaşayanlar için ya da ofis için ideal,negatif,0.9582410454750061
firma söylediği gün kargomu çıkartmadı _ kargo sayacına güvenmeyin. ama ürünüm geldi.,pozitif,0.9580596089363098
ben aynı fiyata bayiden aldım çin malı değil gayet güzel ve kullanışlı küçük iş yeri ve ev için tavsi ederim. alırken üretim yerine dikkat etmenizi hatırlatırım. hepsi buradadan çok alış veriş yaptım orjinal malları satıyor.,negatif,0.9579201340675354
insanın sürekli tras olası geliyor.  bildiğimiz gilette,pozitif,0.957872211933136
sipariş belirtilen süreden önce geldi. teşekkürler hepsiburada.,negatif,0.9575826525688171
"bu tablo dışında başka ürünler de aldım hepsinden memnun kaldım bazı tabularım vardı şuan hepsi kırıldı, keyifli bir şekilde güvenerek alışveriş yapmaya devam ediyorum...",negatif,0.9575357437133789
bu yüzden ben sony xperi̇a z5 premi̇um si̇pari̇ş verdi̇m özeli̇kle gümüş krom renk çok güzel ????,negatif,0.9573142528533936
almış olduğum ürünü bu kadar hızlı göndereceklerini ben bile tahmin etmedim tekrar teşekkürler,negatif,0.9572882652282715
fakat sar değeri çok yüksek. tüm gün kullanırsanız eve vardığınızda hissedersiniz. hafızası da 16 gb. ben uygulamalarımı sd karta taşıyamadım. huawei e-postanızı aynı gün cevaplıyor (allah razı olsun.). fakat ben yine de beceremedim. i̇nternette gezinirken ısınma yok fakat oyun çok oynandığında ısınıyor (aşırı değil merak etmeyin).,pozitif,0.9571986794471741
anlık ihtiyaçları karşılar. fiyatı uygun.,negatif,0.9571731686592102
"sıkıştırma vida ile olduğu için gevşeyebiliyor. ağırlık arttırmalı bench yapanlar için ise ağırlık arttırmak ve değiştirmek can sıkıcı olabiliyor. her defasında çevirerek vidayı aç, ağırlığı çıkart tak ve vidayı sık biraz uzun iş gibi. vidanın takıldığı alan oldukça uzun olduğu için bir kaç kere fır fır yapmak gerekiyor.",pozitif,0.957049548625946
biz bu ürünü bir takım beklentiler dahilinde aldık ürün güzel ve kaliteli fakat tek sorunu koşu alanı çok dar ve ev kullanımı için pek uygun değil koşu bandının yan tarafındaki koruma plastikleri koşarken çok hafif dengemi bozmamdan ayağımı kesti koşulan alan çok dar ve biz aparmanda kullandığımız için bir takım şikayetler aldık ses olduğundan dolayı ürün kaliteli çalışırken ses çok az denilecek seviyede fakat üzerinde spor yaparken alt kata çok ses gidiyor bu yüzden ürünü geri iade ettik fakat iade ile ilgili bir bilgi elimize geçmedi ama inanıyorumki hepsi burada bizim mağduriyetimizi giderecek ama süreç çok yavaş işliyor bu konudan çok şikeyetçiyim,pozitif,0.956866443157196
bir süredir cif tüm yüzeyler kullanıyorum ama aralarında en beğendiğim kokusu olan bu. deterjanın keskinliği yok ve çok hafif güzel bi kokusu var.,pozitif,0.9563871026039124
ürünü ayni zamanda gece lambasi ni̇yeti̇ne de kullanabi̇li̇rsi̇ni̇z. gayet kullanişli. h.b hizi i̇çi̇n teşekkürler.,negatif,0.9563499093055725
"ürünü bayramdan önce sipariş verdim kısa sürede elime geçti..kullanıyorum ve memnun da kaldım, kurulumu basit. alana hayırlı olsun.",negatif,0.956112265586853
ürün fiyatına göre iyi ama cok sıcak uflemiyor gonderim korgo hızlı teşekkürler,pozitif,0.9559402465820312
güzel ürün. malzeme kalitesi çok iyi değil yani su dolduruken sakın düşürmeyin 3 parçaya ayrılır. onun haricinde güzel sessiz bir ürün.,pozitif,0.9557334184646606
"aldım ve bir aydır kullanıyorum, fiyatına göre iyi, işimi görüyor, sorunsuz çalışıyor. fazla para vermeyeyim işimi görsün diyorsanız tavsiye ederim.",negatif,0.9557085037231445
"kaliteli, ama ya kolda ya ayaklarda kullanılsın, bir çiftir",pozitif,0.9554218649864197
-herseye rağmen malzeme kalitesi iyi. görüntü itibariyle modern bir duruşu vardı,negatif,0.955388605594635
"herşey çok güzel. fiyat iyi, ürün orjinal, teslimat hızlı, paketleme süper.",negatif,0.9553663730621338
ürünü pazar gecesi̇ si̇pari̇ş verdi̇m sali günü tesli̇m edi̇ldi̇ 20 daki̇kada kurdum gayet memnunum ev i̇çi̇n i̇deal bi̇r ürün fakat ürünle bi̇rli̇kte gelen yağ çok az (extradan yağ almanizi tavsi̇ye ederi̇m) ve sauna eşofman hi̇ç bi̇r i̇şe yaramaz daha i̇lk gi̇yerken alt kismi yirtildi bunun yari̇ne daha kali̇teli̇ bi̇şey veri̇lebi̇li̇ni̇rdi̇,pozitif,0.9551792740821838
"evet xl alarak doğru bir karar vermişim bu sebeple kullanımı çok rahat bir ürün. fiyatına bakarak, hakikaten kaliteli bir ürün. kokusu iğrenç ama buda neopran kumaştan kaynaklıymış",negatif,0.9548502564430237
hepsi burada bu konuda harika.her sipariste çok memnun kaldım,negatif,0.9548095464706421
"ürün sipariş ettiğim bir başka ürünün yanında promosyaon olarak yollanmıştı. dikişleri filan gayet iyi, sağlam gözüküyor. ancak büyüklüğü uygun olmadı, küçük geldi. fiyatına göre oldukça ideal...",pozitif,0.9545514583587646
şarj süresi: şarj yaptıktan sonra adam akıllı aracı 2 yada 3 kez süpürünce şarj zayıflıyor. çalışıyor ama gücü düşüyor.şarj kötü değil ama mükemmel diyemeyiz. çok harcıyor. ama güçlü. doğru mantık bence.,pozitif,0.9545345306396484
"piyasadaki ucuz oyun halılarına göre çok iyi. mağazasından aynı fiyata akdım. oğlum 3 aylıktı. şimdi 4 aylık ve eskisi kadar oynamıyor. çek bırak titreşimli kurbagasını 3 gunde bozdu. biraz kuvvetli birbebek. yüzüstü döndüğünde renklerlerle ilgileniyor. ilk 1 ay hayat kurtarıcıydı, çok memnun kaldım. 6 aya kadar severek kullanırmı bilmiyorum şimdiden sıkıldı.yeni oyuncaklar takabiliyorsunuz,çok güzel oluyor.yinede sıkıldı.il dışına plaja her yere taşıdım., çok kolay taşınıp katlanıyor,hafif pratik. tavsiye ederim, hareketli bir bebeğiniz varsa 0-6 ay hep oyun halısında oynayacağını düşünmeyin.öğrenmeye açıklar ve yeni birşeyler istiyorlar",negatif,0.9543746709823608
"olumlu tarafları: ses derinliği çok iyi, küçük sesleri dahi seçebilecek kadar kaliteli ses sunuyor. telefon konuşmalarında karşı tarafa iyi ses aktarıyor. metalik kısımları kaliteli görünüyor. fiyat performans olarak tercih edilebilir.",negatif,0.9539247155189514
"bence tek tek almak daha mantıklı, çünkü tek düdüklü kapağı olması elinizi kolunuzu bağlıyor. yani her iki düdüklüğü aynı anda kullanamıyorsunuz.",pozitif,0.9537404775619507
"şarj, ekran kalitesi, dokunmatik özellikleri ve tasarım oldukça iyi. fakat yanınızda taşıyacağınız bir ağırlık ve boyutta değil. i̇nternetten film izleyecekseniz en iyi seçim. bazı sitelerde donma yaşanabiliyor, bunun cihaz ile ilgisi olmadığını görünce kesinlikle tavsiye edebileceğim bir cihaz haline geldi. ayrıca hepsiburada hızlı teslimat için teşekkür ederim.",negatif,0.9534756541252136
"daha önce okey hisset ve rötar kullandım, onlar daha iyi performans sağlıyordu, ama buda fiyatına göre fena sayılmaz, yinede tavsiye edilebilir...",negatif,0.9534751772880554
beğendim güzel kulanmanızı tavsiye ederim,negatif,0.9531205892562866
ürünü aldıgımda çok ses yaptıgını gördüm.bence fiyatı uygun biraz gürültüsüz olsa daha da iyi olacak.günlük kullanı için oldukça iyi.herkese tavsiye ederim.,negatif,0.9528355598449707
-görüntülü arama operatör üzerinden yapılamıyor.,pozitif,0.9525080323219299
icin cok ideal telefondan memnunum,negatif,0.9523584842681885
çok kaliteli bir şey aramıyorsanız alın derim,negatif,0.9520711898803711
biraz kullandım açıp kapatma özelliği yok kendisi ayarlıyor. bir çok yüzeyde sağlıklı çalışıyor ama heryerde süper çalışmıyor ne yazıkki ama fiyatına göre başarılı buldum.,pozitif,0.9519312977790833
arkadaslar oncelikle kargo cok cabuk geldi. 48 saat surmeden elime ulasti. urun fiyatina gore cok iyi hafif ve kullanisli tavsiye ederim. alirsaniz en buyuk bedenini alin.,negatif,0.951898992061615
"dymo letratag etiket makinası kullanıyorsanız, doğal olarak bu orjial etiket çeşitlerini kullanacaksınız. yapışkanı çok kaliteli... tüm plastik renk çeşitlerini tullanıyorum. ancak; makinayla birlikte gelen beyaz kağıt şeriti çok sevdim.",negatif,0.9518794417381287
"üç haftadır balık avında kullanıyorum.kumsalda yada  sert zemındede kullandım şimdilik bir sıkıntı yok  fiyatına göre başarılı bu fiyata bukadar,almanızda  sakınca yok",negatif,0.9514632225036621
ürünün eksi̇ yani: elektriğe takılı olarak kullanılamıyor oluşu. sadece şarj edip kullanabiliyorsunuz.,pozitif,0.9514609575271606
ürün performansı fiyatına göre oldukça iyi. malzemesi de kaliteli.,negatif,0.9512727856636047
tek sıkıntısı baş aşağı sıkılamıyor ve içinden uzatma çubuğu çıkmıyor.,pozitif,0.9511135816574097
fiyatına göre fena değil.,negatif,0.951107919216156
telefonun boyutu başlarda büyük geliyor sonrasında alışıyorsunuz ve daha sonra diğer telefonlar size bir garip geliyor. alacak arkadaşlar lütfen dikkate etsin. sim kart takılı iken radyo çalışmıyor teşekkürler hepsiburada (!) ...,pozitif,0.9506306052207947
"ürünü yaklaşık 1 yıl bagajımda gezdirdim, arada lastik havasını kontrol edip inen lastiklerin  havasını tamamlıyordum herhangi bir sorun çıkartmadı. kalite olarak fena değil, şişirme hızı da iyi seviyede. şişirirken baya ısınıyor. son seferinde 4 lastiğin de havası inikti 3 lastiği şişirdim 4. lastikte sizlere ömür, yandı motoru. isındığı zaman bekleterek kullanmanızda fayda var.",negatif,0.9503916501998901
"sadece görünüm ve ebat ağırlık bakımından alman sağlamlığından ödüm vermemişler, ev kullanıcıları için belki hanımlar görüntüsünü iş yeri için olduğunu düşüne bilirler .",pozitif,0.9502936601638794
incele şansım olmadı.,pozitif,0.9502233862876892
bioxcin ürünlerinin genelini kullanmışımdır bu şampuanı denemek istedim 1 hafta oldu neredeyse kullanalı daha net bir şey söyliyemem ama dğal ürün herkese tavsiye ederim,negatif,0.9502165913581848
ürün sağlam ve eksiksiz elimize ulaştı,negatif,0.9492599368095398
ürün piyasaya göre biraz pahalı ama taksit seçeneği ve çerez parası olarak alınabilir türden.. kesinlikle tavsiye ediyorum. sigara içinler için mesela aylık 5 paket eksik içtiğinizi düşünün..,negatif,0.9492332935333252
"valla 10 numara 5 yildiz derler ya!?.. o misali. hem kalite hemde boyle hizli teslimat hepsi birarada... alis veris adresim belli,  tesekkurler hepsiburada.com.",negatif,0.9491233825683594
ürün dışarıda da aynı fiyat. burada kargo bedava idi. kapıya kadar getiriyorlar. taksit seçenekleride var daha ne olsun. hızlı gönderim için ayrıca teşekkürler,negatif,0.9488977193832397
ürünü yaklaşık bir aydır kullanıyorum. sessiz .kurulumu kolay fakat siz kurmayın. kurarsanızda en üsteki kol tutacağını dikkatli yerleştirin kablolar kesilebiyor. intersporda teknik açıdan kusursuz bnm kurlum hatam oldu benden kaynaklı  ve o gün gelip onardılar,pozitif,0.948827862739563
"aldığımdan buyana yaklaşık iki hafta oldu.hamam böceği için almıştım.şimdi böcekleri görmüyorum.ayrıca sinek,örümcek ve karınca sorunumda çözüldü.teşekkürler emeği geçen herkese.",negatif,0.9486628174781799
"i̇kinci kez alıyorum.daha önce dayanılması çok zor bir koku vardı.bu kumu kullanmaya başladığımdan beri,yok denecek kadar azaldı.bu fiyata daha iyisi var mı bilmiyorum.",pozitif,0.9485671520233154
beklentisi çok olmayanlar için ideal bir ürün.kullanışlı ve şık.ne kadar sağlam olduğu ise ilerki zamanlarda belli olacak.fiyatına göre bence iyi.tavsiye ederim.,negatif,0.9485594034194946
aracın yan çıtalarını şimdiye kadar bir çok yapıştırıcı ile yapıştırdım ama her seferinde bir müddet sonra attı tutmadı şimdide ucuz ama kaliteli bu ürünü tavsiyeler üzerine kullanma kararı aldım,pozitif,0.9483724236488342
iyi ürün motoru iyi cekiyor mükenmel dalbumbaz kadar güclü motoru var benim işimi görüyor sizlerede tavsiye ederim alanlara hayırlı olur,negatif,0.9481823444366455
kuzenime hediye aldım.düğüne gidememiştim.adreslerine güvenle sipariş verdim.yeni evlilerde memnun oldu.bende büyük bir yükten kurtuldum.güvenilir.fiatı piyasaya göre pahalı.ama uzakta birine göndermek için iyi.,negatif,0.9478369355201721
güzel ama çok uğraştırıyo parçaları idare eder cünstrjn,pozitif,0.9477139115333557
ürün fena değil. sinekliği yapıştırmak için almıştım ebatlara dikkat edin resimde büyük görünüyor.,negatif,0.9474075436592102
"isim geregi her gun tras olmak zorundayim. simdiye kadar jilet kullaniyordum jilet almaktan, uygun fiyata jilet aramaktan biktim ve tras makinasi almaya karar verdim. bu makinayi cok arastirdim. yazilan yorumlarin hepsi cok iyi oldugunu soyluordu fakat yine de kullanana kadar urun hakkinda kafamda soru isaretleri vardi acikcasi. tras makinasi nasil jiletten daha iyi tras edebilir ki diye dusunuyordum. fakat 10 gun once bu makinayi alinca butun fikrim degisti. bugune kadar jiletle oldugum traslara yaniyorum. hem cildim mahvoluyordu, hem zaman kaybiydi, ozellikle kisin soguk su kopuk derken tam bir eziyetti. bu makina bunlarin hepsini bir kenara atmama yaradi. parasini son kurusuna kadar hakediyor. jiletten daha puruzsuz bir tras sagliyor. ciltte yanma vs sorun yaratmiyor. hergun tras olmama ragmen sarji 1 haftadan fazla gidiyor. alan pisman olmaz. ayrica hepsiburada.comun hizli kargosu sayesinde urunu aksamustu siparis verdim, ertesi sabah ulasti. tesekkurler.",pozitif,0.9473578929901123
mp3 player da baska marka kullanmıyacaksın hem uzun gidiyor hem de mp3 ü korumak için akma olayı yok diger basit piller mp3 e zarar verebiliyorlar...,pozitif,0.9472982287406921
"duracell markalı şarj ünitesini satın aldım ama belki hiç ihtiyacım olmayabilir. satınalma nedenim; fiyatının uygun olması, yanında verilen hediye piller ve günümüzdeki iletişimden kopma paranoyasıdır :)",pozitif,0.9471797943115234
kullanmaya başladım. amacına uygun ve yeterli. pahalı ürünlerin gördüğü ayni işi görüyor.,negatif,0.946932315826416
cihazı kaba göstermiyor adeta cihazla bütünleşiyor. kılıfı ne kadar temiz kullansanız da rengi sarılaşmaya başlıyor. eylül'ün başında aldığım kılıf aralık'ın başında şeffaflığı sarıya döndü. gümüş renkte s7 edge arkadan gold gibi görüyor. gold renk almak isteyip mecburen gümüş alanlar bu kılıfa bayılacağına eminim. sararması dışında iç kısımda tuhaf izler de oluşmaya başladı. ancak bu ürün gibi sade ve cihazla uyumlu kılıf bulmak da malesef çok zor.,negatif,0.9469218254089355
"okuyun veya okumayın demeyeceğim. kişisel gelişim kitabı. elime ilk aldığımda çok heyecanlıydım.hemen okumaya giriştim.hatta başladığım gibi yarısına geldim. ama tekniklere inanç ve sabır ile devam etmek gerekiyor. doğru sözcükleri bulmak vs.. bunları beceremedim sanırsam.ama yazarın anlatımı samimi, yalın ve akıcı.kitap kapağı ve içeriği ilgi çekici. okunması zaman kaybı değil asla. kişisel gelişim açısından değerli bilgiler verebilir.",negatif,0.9468908309936523
kedim kedi otunu çok tüketiyor. bu nedenle biri bitmeden yeni bir tane alıyoruz. henüz çimlenmeye başlamadı ama ürünü beğendik. bu fiyata gayet uygun görünüyor. yalnız saksı kısmı plastik kaptan yapılmış. bir kullanımlık olarak kullanılabilir. bir de kediniz büyükse otları yerken kabı devirip dökmemesine dikkat etmelisiniz.,negatif,0.9468128085136414
fırçalar çok kalın diş aralarınıza girmez . firma güvenilir tavsiye ederim.,negatif,0.9467840790748596
normal yatağın konforuna ulaşması tabiki imkansız. yinede kullanıldığında çok uygun ve rahat. dönüşlerde rahatsız edici bir ses çıkarıyor ama uykudan uyandırmıyor. düşme riskide yok. kolay şişiyor ama indirmesi biraz uğraşlı. ansızın gelen misafirler için kurtarıcı rolünü üstleniyor. en büyük artısı bu.,negatif,0.9463362097740173
bir kac saatte okunabılecek keyıflı bır kitap.,negatif,0.9460664987564087
fi̇yatina göre uygun bi̇r ci̇haz.diş gövde plasti̇ği̇ bi̇raz sert olmali.çok esnek.montaj deli̇kleri̇ yumuşak plasti̇k olduğu i̇çi̇n takilan vi̇da plasti̇ği̇ çabuk deforme edebi̇li̇r.uzun süreli̇ kullanimda yada başka bi̇ yere montajda  bağlanti yuvasi sorun olabi̇li̇r.ama fi̇yatina göre kullaniciya cevap veren bi̇r ürün. i̇ş görüyor.3 kademe isitma da ayrica yeterli̇.,negatif,0.9459413886070251
malzeme fiyatına göre oldukça iyi aracıma taktığım zaman çirkin bir görüntü oluşturmadı tavsiye ederim.,negatif,0.9450092315673828
fena deyil,negatif,0.9448302984237671
mükemmel derecede sizdiriyor..,negatif,0.9443599581718445
ürünü hepsi burada dan aldim ve ertesi gun evime teslim edildi.  paketi açıp hemen çalışma ya başladım.  ilk basda cok zor oldu ama alisinca cok kolay ve faydali bir urun tavsiye ederim. .,negatif,0.9434959888458252
siparişimiz olan urun normal bir zamanda elimize adresimize ulaşti.ürünün rengi bordo.aliminyum cerceveli.sinif icin degerlendirilecek.ise yarayacagini dusunuyorum.saglama benziyor.tavsiye ederim.fiyati uygun,negatif,0.9434199333190918
değişik avizelerimin olduğu yerde kullandım çok ayrı bi hava kattı,negatif,0.9434084892272949
ürün bekledigimden de kısa bir sürede geldi bu konuda hepsiburada.ya teşekkür ederim.,negatif,0.9433197975158691
ben bu modeli özellikle philips 55 6401 ile yan yana iken uzun süre hemen hemen her türlü görüntü formatı ile kıyaslama şansım oldu. sonuçta lg fanatiği olmama rağmen philips bariz bir şekilde farklı geldi.  tercihi philips 55 6401 den yana kullandım ve çok iyi yapmışım. size tavsiyem yan yana görün kıyaslayın öyle karar verin.,negatif,0.9432446956634521
bu ürünü hepsi buradadan aldım genel anlamda memnunum torbası küçük olduğu için sık sık temizlemek gerekiyor ve bu temizlik işlemini açık bi alanda yapmalısınız en sev diğim yanı arabamı temizlerken çok kullanışlı olması bu fiyata bukadar...,negatif,0.9431612491607666
arkadaşlar atalarımız boşuna dememişler ucuz etin yahnisi olmaz diye. gerçekten 30 saniye çalıştırdım el sürülemeyecek kadar ısındı. dremel alın pişman olmazsınız ben dremel ile 2 saat aralıksız çalıştım hiç ısınmadı.,negatif,0.9428907036781311
"fresh bir koku,hafif ve yaz kullanımı için bu fiyata ideal bir parfüm,kalıcılığı ise deodoranttan biraz fazla,almadan önce testerini denemenizi tavsiye ederim!",negatif,0.9427806735038757
"öncelikle farın aydınlatma gücü oldukça yüksek, karanlık yollarda vs çok etkili. montaj sonrası görünüşü de fiyatıyla kıyaslandığında kesinlikle başarılı..",negatif,0.941673994064331
"ben akvaryumuma ağustos ayindan i̇ti̇baren 2 defa bi̇tki̇ aldim, ki̇ akvaryumum 1 metre bi̇tki̇yi̇de seven bi̇ri̇ olarak çok bi̇tki̇ aldim. ancak bi̇tki̇leri̇m çok uzun yaşamadi, di̇kti̇ği̇m günün ertesi̇ gün çürümeye başladilar. daha sonra akvaryumun tabanini komple deği̇şti̇rdi̇m. en alta dazs topraği, üzeri̇ne lav kiriği onun üzeri̇ne sera florodepot (ki̇ bu malzemeleri̇de hepsi̇ buradan aldim.) üzeri̇ne si̇nekli̇k onun üzeri̇ne i̇thal dere kumu onun üzeri̇nede daha kalin dere kumu serdi̇m. yi̇ne baştan aşaği bi̇tki̇ aldim ve di̇kti̇m,kökleri̇nede 1 adet sera florenette koydum.şi̇mdi̇ maşallah bi̇tki̇ler bi̇rbi̇rleri̇yle yarişiyorlar. kullanin faydasini göreceksi̇ni̇z.",pozitif,0.9416689276695251
ürünü bir kaç haftadır kullanıyorum. hassas bir cilde sahip olmama rağmen gerçekten ne cihazı kullanırken ne de sonrasında kızarma yanma tahriş kaşınma gibi herhangi bir sorunla karşılaşmadım. malum bunlar jiletlerin sıkça yaşattığı sıkıntılar. kullanım sonrasın da ufak bir kaç sivilce tarzı lezyon olabiliyor ama sorun yapılcak derecede değil. tek seferde mukemmeli beklemeyin tam bir temizlik için biraz uğraşmak gerekiyor elbet. şarj ve kullanım süresi tatmin ediyor. sadece biraz daha sessiz olabilirdi.,negatif,0.9416065812110901
tam aydınlatsın diyorsanız 6 w almanız gerekiyor. antre gibi küçük odalarda iyi ancak metre karesi büyük olan odalarda aydınlatması yetersiz,pozitif,0.9412943124771118
bence ıyı bu fıyata casıo her erkek cocugun ılk saati,negatif,0.9412133097648621
ürün kayet şık ve kullanışlı fakat veri kullanımı bazen açmıyor bunun için cihazı acıp kapamak gerekiyor en büyük eksiği bu,pozitif,0.9408429265022278
"küçük yuvarlak düğme kapatma düğmesi, her halde bunu bilemediler",pozitif,0.9407614469528198
oldum olası ağır parfümleri sevmem.bu parfüm de öyle.eşim hediye etti.büyük beklentiyle sıktığım ilk an puanını verdim.ağır parfümleri sevmeyenler almasın .,negatif,0.9406815767288208
ürün gerçekten iyi süpürüyor. tek eksik yanı gücü fazla olduğundan fazla üfürüyor havayı. süpürürken yerdeki tozlar sağa sola gittiği için biraz uğraş veriyor. fakat bu fiyata çok iyi bir ürün.,negatif,0.9406560659408569
hazır halde geliyor sadece tutacakları monte etmeniz gerek 5 dakikanızı almıyor ve çok hızlı geldi.,negatif,0.940600574016571
"kalite olarak beklentimin üstü, boyut olarak daha büyük gibi duruyor fotoğraflarda??",pozitif,0.9405479431152344
"ürünün fiyatı oldukça ucuz. tek sorunu kullanılan malzemenin biraz kalitesiz olması. diğer marka ürünlerin gördüğü aynı işi görüyor. kalite istiyorsanız biraz daha üst seviye ürünleri inceleyin, yok bu işimi görür derseniz hemen alın. ben pişman değilim. tavsiye de edebilirim.",negatif,0.9401834011077881
"kısa vadede sonuç almak imkansız, zaten öyle karın kası yapabilecek alette yok, ama düzenli çalışırsanız işe yarıyor. karın kaslarınızın yandığını hissedeceksiniz.",pozitif,0.9400613903999329
çocuklar için alınabilecek bir ürün. bence parası da gayet uygun.,negatif,0.9400348663330078
guzel çorap,negatif,0.9399837851524353
"buram buram kokmayı planlıyorsanız, bu  size uygun değil diyebilirim..",pozitif,0.9398462176322937
ürünün plastiği pek kaliteli değil ayrıca plastik kokusu biraz fazla gibi. ama kısa mesafede iş görür,pozitif,0.9398232102394104
telefonumla gelen orjinal şarj aleti hızlı şarj yapıyor. yani telefonda bir sıkıntı yok.,negatif,0.9397982358932495
cihaz çok ses çıkarıyor ama bu ses kuvvetli üfürmesinden kaynaklanıyor,pozitif,0.9396018981933594
3-hafıza kartı yeterli ve kaliteli,negatif,0.9394554495811462
ürünü aldım hepsi burada.com üzerine düşeni yaptı. markadan kaynaklanan bir sıkıntı oldu ve hemen iadem geri alındı. hepsi buradadan alışverişlerime devam ediyorum. bana güven veriyor bu site.,negatif,0.9391540884971619
"kötü tarafı standı basit, başlıkları üzerinde tutmakta zorlanıyor.",pozitif,0.938900887966156
7-açma kapama düğmesi basit ve kolay bozulacak yada kırılacak malzemeden yapılmış.,pozitif,0.9385136961936951
"eşime hediye olarak almıştım ancak çevirmesi çok hafif geldi o nedenle bir de bileklere takılan ağırlıklardan sipariş edince mükemmel oldu..çok az yer kapladığı için bilgisayar,tv ve masa başındayken de spor yapma imkanı sağlıyor.",negatif,0.9382162094116211
800 gr kadar eksik tarttığını gördüm onun dışında siyahını almıştım çok şık çok beğendim kullanımı kolay büyük küçük herkes tartılabilir bence,negatif,0.9380750060081482
fiyatina gore kalitesi normal.is gorecek bir urun.ufak tuvaletteki lavabo ufak oldugundan misafirler surekli sabunluk kiriyordu.o nedenle alip duvara monte ettim.bu dertten kurtuldum.,negatif,0.9379143118858337
"ürün gayet güzel, ebat olarak biraz daha büyük olsaydı daha hóş olacaktı. teşekkürler hepsiburada.com",negatif,0.9376418590545654
"+ klavye görsel olarak oturaklı, düzenli, güzel bir tasarımı var her şey yerli yerinde.",negatif,0.9374382495880127
kucuklugu baslıgı vb ıyı kullanıslı. torbasız olması cıkan kiri gormek acısından cok iyi:),negatif,0.9373916387557983
bu ürünü daha önce kullanmıştım ve memmunum uygulaması çok kolay ve boya üzerine fark edilirbir parlaklık saglıyor hatta uygulamadan sonra,negatif,0.9372394680976868
"çoğu arkadaş görevini yapmadığından şikayet etmiş ama afedersiniz orman gibi bölgenize sürüp bir çim biçme makinesi performansı beklerseniz hüsranla karşılaşırsınız. makineyi sakin ve yavaş kullanın, tarlada iş makinasıyla ürün toplamıyorsunuz.",pozitif,0.9368259906768799
alın kardeşim süper bir makine ?,negatif,0.9367896914482117
"hepsiburada.com dan çok menmunum yanlız bu ürün sanki teşhir ürünü gibi gözüküyor, dijital ekranı çililmiş gibi, başkada herhangi bir sıkıntı yok ürün elime zamanında ulaştı. buradan alışveriş yapmak çok güvenli.",negatif,0.9364373087882996
eşime doğum günü hediyesi olarak aldım. aynı gün akşam kargosu ile elime ulaştı. çift hatlı ama orjinal modeli.,negatif,0.9363778829574585
+ kulaklıkla dinlerken çok daha iyi ses kalitesi sunuyor.,negatif,0.9361339211463928
dış görünüş ve tutuş fena değil.,negatif,0.935893177986145
ekranın daha büyük olması ve biraz daha hızlı olmasından dolayı en çok note 5 i beğendim yanliz güncel tasarimi kaliteli yapisi ekran ve kamera özellikleri fiyati hizli sarji ve batarya kapasitesi en guncel cihaz olması nedeniyle  bu ürünü satin aldim.,pozitif,0.9355484247207642
kızıma her zaman canbebe kullanıyoruz.,negatif,0.9355123043060303
cok sekil duruyor insanlarin dikkatini baya cekiyor merak uyandiriyor.,negatif,0.9354115724563599
"ürünü 2 ay önce aldım. malzeme kalitesi muadili olan diğer çelik gövdeli çaycılara göre iyi. maximum çizgisinin üstünde su doldurursanız, kaynarken fokurdayarak atıyor. buna dikkat edin. fişte takılı unutursanız korkmayın, suyu bitmese bile tahminim 2 saat sonra otomatik olarak kapanıyor. suyu minimumun altına düştüğünde de belli bir süre sonra kapanıyor.",negatif,0.9353978037834167
hızlı gönderi için çok teşekürler,negatif,0.9352420568466187
tereddüt edip yorumlara bakarak aldım. açıkçası işe yarayacağını düşünmüyordum fakat gerçekten sütü taşırmıyor. tek bir sorun var: tencerenin dibinden çıkartırken biraz zorlandım.,pozitif,0.9352136254310608
ürün tasarım olarak sık ve güzel duruyor. ürünü çarşamba günü satın aldım pazartesi günü çok geç elime ulaştı. ürüne kapaklı bir kılıf aldım herhangi bir zarar görmesin diye ve kılıfın penceresi olan kısım kadar ekran görüntüsü oluyor kapağı kaldırsanız da ve tuş kilidi ile açılmıyor bir kaç kere tuşu kilitleyip açtıktan sonra telefon düzeliyor onun haricinde bir sıkıntı yok bugün telefonu 4. günüm dokunmatiği hızı gayet iyi görünüşü çok sık bayan arkadaşlar beğenerek kullanacaklarını düsünüyorum,negatif,0.9351500272750854
"şimdi düşünün böyle bir kadını, yahu kolay kullanım klavuzu yok",pozitif,0.9349806308746338
hepsiburda helal size işinizi çok iyi yapıyorsunuz.,negatif,0.934965968132019
ürün mükemmel doğru açılar verilirse her yerde kullanılabilir.,negatif,0.9349604249000549
çok teşekkür ederim resimdekinden daha güzel çok beğendim eşime evllilik yıl dönümü hediyesi iyiki aldım :-),negatif,0.9348344802856445
kitabın bir kısmına kadar yazar sadece bu işi nasıl yapabileceğini yardım edeceğini söyleyerek baya sayfa yazmış  .  kitap içinde reklama gerek yok. sonlara doğru güzelleşiyor.  cd sini tavsiye ediyorum.,negatif,0.9346461296081543
evinizi boya badana yapacaksanız kesinlikle alın kapatmak istediğiniz yerleri örttükten sonra hışır örtüyü bantlayın gezdiğiniz bölgelerin üstüne gazete serin ince oldugundan delinebilir.,pozitif,0.9343412518501282
hızlı gönderim için hepsiburadaya teşekkürler.,negatif,0.9342781901359558
"fiyat açısından dışarıdaki marketlerden pek bir farkı yok. fakat oturduğumuz yerden, iş yerinde iken, vakit kaybetmeden alıp, ücretsiz kargo ile ayağımıza kadar getiriyorlar. tavsiye ederim.",negatif,0.9342020153999329
balkon demirlerinin parmaklıkların arasına fırça uğraş veriyor zaman kaybına yol açıyor bu cihaz ile çabuk hallediyorsun güzel bir cihaz müthiş bir buluş mükemmel,negatif,0.9341566562652588
ürün güzel fakat eğer ilk basamak değilde 2. basamakta kullanırsanız yazı yazarken soğutucu yukarı aşağı oynuyor yani çok sağlam değil... ayrıca klavyede yazı yazarken çok ergonomik olmamasından dolayı insanın bileği acıyor bir süre sonra. parası için iyi bir ürün ama eksilerini göz önünde bulundurarak alın :),pozitif,0.9340481758117676
çok i̇yi̇ ama engelli̇leri̇ düşünerek bi̇r numara daha büyüğünü üretebi̇li̇rseni̇z daha i̇yi̇ olacak ben 18 yaşindaki̇ kizimda kullaniyorum bi̇raz küçük geli̇yor,pozitif,0.9339917898178101
bana gönderilen series 9 the 9260 s modelinde sterilizasyon ve temizleme ünitesi bulunmamaktadır. standart olarak bence her 9 series modeline konmalı..,pozitif,0.9330103993415833
maalesef bi tane ürün almıştım başka bi ürün ama yorumlara baktım çok merak ettim koku olayı çok hoşuma gitti kesinlikle almayı düşünüyorum,negatif,0.9323973059654236
fiyatına göre kullanışlı bir ürün.,negatif,0.9319679141044617
-toz haznesi makinayla orantılı olarak göreceli olarak küçük,pozitif,0.9318227767944336
fiyat/performans ürünü. uzun vadeli kullanmayacaksanız sorunsuz işinizi görür. bu fiyata piyasada rakibi yok. beklentinizi çok yüksek tutmazsanız iş görür.,negatif,0.9316186308860779
- bilgisayardan şarj edilmemesi,pozitif,0.9315682053565979
ürün 12 günde elime ulaştı memnunum üründen.,negatif,0.9313042759895325
"- sakal başlığı bende bir süre sonra gevşedi, bu da titreşim yaptığı için sesinin normalden çok çıkmasına sebep oluyor.",pozitif,0.9312710165977478
evet apple watch 1 in aynısının farklı kayışlısı mükemmel bir değişim :)),negatif,0.9311330914497375
"kalıcı olduğu kesin, biraz ağır ama 3-4 saat sonra daha hoş bir koku oluyor. eşim beğendi. gerisi önemli değil :)",negatif,0.9310982823371887
"henüz kullanmadım, inşallah kullanmam. :)",pozitif,0.9309667348861694
fiyatına göre en mantıklı tablet bu bence daha iyisi var tabi ama bu fiyata ve kalitede değil.,pozitif,0.9304934740066528
"parmak izi kullanışlı ve hızlı, hızlı şarj destekliyor ancak kutudan çıkan sarj cihazı desteklemiyor yinede yeterli. batarya günü rahat çıkarıyor. ekran renkleri ve ayrıntı gösterimi güzel aydınlatma yeterli. şebeke bağlantıları problemsiz 4g ile 3 şebekedede sıkıntı yok 45mb download, 32mb upload hızlarını gördüm. wifi çekim gücü mükemmel, çevremdeki hiçbir amiral telefonun çekmediği kadar iyi çekiyor. şirket maili (exchance) kullanacaklara tavsiye etmem, rehberde sorun yaşanıyor. ön kamerası iyi, arka kamera beklentileri karşılamıyor. ahize sesi fena değil, dış ses iyi.",pozitif,0.9303652048110962
"çok kaliteli değil ama çocuklara eğlencelik güzel...kareler çok dar, sürekli, çizgiye basmak zorunda kalıyorsunuz.büyüğünü alın",pozitif,0.930337131023407
sırt filesi ve en dış çerçeve arasındaki fitil çıkıyor. rahat bir koltuk ancak kafa dayama kısmı başımızdan alçakta kalıyor. ürün demonte şekilde geliyor kendiniz basit bir şekilde kurabilirsiniz.,pozitif,0.9301002025604248
i̇şi süt köpürtmek. bunu da iyi şekilde yapıyor.  sesli çalışıyor. küçük bir şey yer kaplamıyor. tercihe bağlı fakat evde olmazsa olmaz değil...temizliği oldukça kolay fakat cam hazneyi dikkatli kullanmak lazım oldukça nazik...,negatif,0.9299964308738708
benim gibi kahvesini yüksek sıcaklıkta seven biri için buz gibi bir kahve yapıyor. su ısıtma mekanizması daha iyi yapılabilirdi. bağzı arkadaşların dediği gibi su haznesi biraz ufak. 2 / 3 fincanda bir su ilave etmek gerekiyor. ama gerçekten pratik bir alet . sabah kalktığınızda 1dk içinde kahve fincanınız elinizde.,negatif,0.9299835562705994
şimdi sony kol aldım pcm için 2 tane rahatlığı anladım gerçeklten ellerı yormuyor vs vs...,negatif,0.9298200607299805
dambıl için bişey demek istemiyorum fakat  hepsi̇ burada com   i̇şi̇ni̇ güzel ve kali̇teli̇ yapiyor tşk.,negatif,0.9297390580177307
alalı 4 ay oldu.,pozitif,0.9296311736106873
"motorola nin ürünleri genelde kalitelidir, ben geçmişte motorola atrix almıştım, hatrı sayılır parayla, zamanının da kralıydı. hepsiburada çok satanlardaydi uzun süre. zevkle kullandım, ne var ki 0 güncelleme, geri kalmış yazılımla telefon benim gibi atlayanlarin eline patladı. kalite, sağlamlık 10 numara, türkiye desteği, güncelleme, stabil kalma 0 numara.",negatif,0.9296284914016724
arkadaslar ürünü kullanmak istiyen erkeklere sesleniyorum.,pozitif,0.928895890712738
dokunmatik bazen geç algılıyor.,pozitif,0.9284814596176147
normal şartlarda her ay bir çeyrek altın alıp kenara koymayı düşünür ancak bir türlü almak kısmet olmamıştır.,pozitif,0.9283565282821655
"ürünü bu siteden bikaç ay önce sorunsuz bir şekilde satın aldım. saçlarım ince telli, yeni yıkanmış dahi olsa düzleştirince yağlandırıyor. kim kullandıysa herkeste aynı sonuç oldu. bilgilendirmek istedim teşekkürler.",negatif,0.9281456470489502
önünde ki detay elbiseyi biraz bozmuş kumaşı dikimi güzel tavsiye ederim piyasada 600 civarı fiyatı var,pozitif,0.927280843257904
"arkadaşlar, sera kalitesine her zaman güvenim sonsuzdur. ürünün markası ve fiyatı itibariyle satın almak için fazla düşündürmüyor.",negatif,0.9268835783004761
cihazı 5 ay kullanıp hediye edden gerçek bir kahve severden gerçek bi değerlendirme:,negatif,0.9267112612724304
fiyat uygun kurulum kolay birde göründüğü ebatlarda çıksaydı minyatür kaldı tvnin yanında,negatif,0.9266977310180664
fi̇rmanin hizli gönderi̇si̇ i̇çi̇n teşekkür edi̇yorum... ürünü bi̇r süredi̇r kullaniyorum.... masaj yapma özelli̇ği̇nden başka bi̇r şey beklemeyi̇n....,negatif,0.9266630411148071
tavsiye,negatif,0.9264907240867615
di̇key makina alıcaktım bir önceki makinam 2400 watt olunca dikeylerin çekim gücü  acaba yetersiz mi olurki  diyerek  bu makinayı aldım bu fiyata 2200watt  çok iyi denk geldi   borusunun plastik olmasında  takılıcak bir durum yok gayet sağlam  ve hantal da değil,negatif,0.9260191917419434
çok beğenildi. bulunduğum yerde yoktu.çok güzel.,negatif,0.9257331490516663
ben bunuhala yaşıyorum alın sizde yaşayın görün ^^,negatif,0.9254541397094727
pratik kullanımı kolay çok sesli çalışıyor,negatif,0.9253986477851868
fiyatına göre alınabilecek bi ürün ama bana sorarsanız sadece fırçayı alın diğer iki ürün pek kaliteli değil. kargo çok hızlı idi 3 günde elime ulaştı ürün.,pozitif,0.9252884984016418
cam fanusta balık bakanlar için balığın ölümü kaçınılmazdır. çocuğunuz varsa en azından mini akvaryum(15-20 lt)+iç filtre+iyotsuz tuz+sera aqutan alın. ben söylenen ölçünün çeyreği kadar aqutan ekliyorum ama suyu damacanada en az 3-4 gün bekletiyorum,pozitif,0.9252442121505737
tasarımı özellikleri güzel.derecesi için aldım.alarmı da kullanışlı.,negatif,0.9249484539031982
bu urunu tek basıma kullanıyorum alacaklara uyarım. alt tarafa yan yana iki tencere koyamazsınız birde donduru bölumunde buyuk buzdolapları gibi et balık vs saklayamıyorsunuz sadece su koyabilirsiniz o donuyor. sogutması guzel içicekleri süt ayran bira vs cok guzel sogutuyor. belirttigim gibi biraz kucuk olması dısında bu fiyata fena degil. iyi alışverişler.,negatif,0.9248374700546265
"ürün elime oldukça hızlı sayılabilecek bir sürede geçti.beklediğimden kaliteli gözüküyor.sanırım bahçesi olanlar arabasını motorsikletini yıkamak isteyenler için oldukça özellikli bir ürün sayılabilir.eksiği içinden montajını kullanımını anlatan broşür,kitapçığın olmaması...",negatif,0.9247239232063293
i̇şlemcisi bana biraz kötü geldi ama güzel. bu arada alacaklara siyah rengini tavsiye ediyorum harika bir görüntüsü var.,negatif,0.9246846437454224
fazlada bi̇r  şey  beklememek  gerek,pozitif,0.92463219165802
telefon fiyatına göre gayet uygun.ön kamerası daha başarılı olabilirdi. şarj cihazı ve kulaklık tam bir fiyasko. telefonun yanında çok basit kalmış.,pozitif,0.9245747923851013
süper hızlı gönderim denilen ürün 5 günde elime ulaştı teşekkürler.,negatif,0.9245659112930298
hiddetle tavsiye ediyorum.,negatif,0.9244652390480042
çok etkili aroması var biraz daha az aroması olsa daha iyi olabilirdi. bizde başka çayla karıştırmak zorunda kaldik yalnız fiyatına göre gerçek ten iyi bir ürün. tavsiye ederim.,negatif,0.9244439601898193
bu kadar ufak olmasını beklemiyordum ama yinede bu fiyata yeni başlayanlar için ideal olduğunu düşünüyorum. sapının esnek süngerden yapılması avantaj.,negatif,0.9241317510604858
"bu ürününde arasında bulunduğu hızlı gönderi kapsamındaki 3 ürünü 20 aralık günü sipariş verdim bugün 24 aralık ve hala paketleme işlem sırasındalar,hızlı gönderi ibareli ürünlerden sipariş verecekler tekrar düşünsün.",pozitif,0.9240659475326538
gözlük gayet iyi kullanışlı,negatif,0.9240341186523438
"uyarı: ürünün çoğu yeri sökülebiliyor. rahatça yıkayabilirsiniz. ancak rulonun içindeki yeşil köpüğü çıkarıp yıkarken çok dikkat edin, fazlaca boya emmiş olduğu için yıkarken mecburen iki parmağınızla köpüğü sıkıp boyayı sıyırmanız gerekiyor. bunu yaparken köpüğü yırtmanız çok olası. eğer böyle bir durumla karşılaşırsanız piyasada benzerini bile bulmak çok zor. maalesef yurt dışında bu ürünün köpüğüne, contasına, rulo kapaklarına kadar yedek parçaları satılırken ülkemizde sadece dış rulosu satılıyor.",pozitif,0.9239153265953064
fena değil bu paraya iyi,negatif,0.9238754510879517
ürün elime geçen hafta ulaştı.çin malı olduğunu görünce tereddüt ettim.ama kullanınca fikrim değişti.kirişte 10 dan fazla delme işlemi yaptım.markalı ürünlerden performans açısından çokda farkı yok.fiyatına göre iyi.ucları ve makinayı zorlamadan kullanılırsa uzun süre kullanılabilir.bence ;profesyonel bir kalite ve kullanım bekliyorsanız markalı ürünleri tercih edin derim.,negatif,0.9238061904907227
son olarak bu fiyata türkiyede bu telefondan daha iyisini bulmanız mümkün değil,pozitif,0.9234600067138672
"lise yıllarından beri kullandığım bir parfüm ve arkadaşlarım bile beni bu koku ile tanırlar,zevkler ve renkler olayı her zaman vardır ama bazen güzele güzel demekte gerekir,daha beğenmeyen arkadaşım olmadı,başka kokular denedim sırf farklılık olsun diye ama bu farfümden aldığım tepkiyi hiçbirinden almadım.herkese tavsiye etmem,almayınki hep özel olalım kullananlar olarak:9",pozitif,0.9231520891189575
ürünü yeni̇ kullanmaya başladim.arabada tek başinayken i̇yi̇ i̇ş çikariyor. araçta fazla yolcu varken bi̇raz yetersi̇z gelecek gi̇bi̇.deneyi̇p göreceği̇m...,negatif,0.9229133725166321
orta kaliteli bir cihaz.hd kalitesi abartılacak bir şey değil.daha iyilerine yöneliniz,negatif,0.9228410124778748
beklenti̇leri̇mi̇n çok üstünde yere miknatis gi̇bi̇ yapişti artik kaymaya son,pozitif,0.9227918386459351
acil durumlar için aldım.ucuz pratik ve kullanışlı bu fiyata çok iyi ama biraz küçük o kadar da olacak artık :) markası da güzel,negatif,0.9227531552314758
hamilelik dolayısıyla epilasyon uygulayamayanlar için gayet kullanışlı,negatif,0.9224833846092224
anlatım klavuzu cok basarılı. kimsenin değinmediği bir konuya acıklık getirmek istedim:),negatif,0.9215810894966125
tam bir fiyat performans ürünü. öğrenci evleri için  ideal çokta birşey beklememek lazım,negatif,0.9210060834884644
ürünü kendi başıma kullanmaya kalktığımda yarım bırakıp düzleştirmyi tercih ediyorum. belkide ben beceremediğimden ya da maşanın ince oluşundanmıdır bilmiyorum ama tam olarak saçımda uygulayamadım. fakat çok çabuk ısınması ve etki etmesi güzel tarafı.. ayrıca malzemesi  oldukça kaliteli,negatif,0.9208440780639648
telefonda sıkıntı yok gayet güzel eu plug adaptör.,negatif,0.9207724332809448
ürün beklediğimden daha hızlı geldi.,negatif,0.9206320643424988
bu tür şeylere pek inanmazdım.,pozitif,0.920210063457489
ürünü köpük die aldım ama sprey şeklinde sıvı çıktı. düzgün bir şekilde uyguladım. hoş gir kokusu var. limonlu.,negatif,0.9201814532279968
"paketi açıp ürünü çıkardıktan sonra kolları sıvayıp uygulama videosu eşliğinde itina ile yapıştırdım ekrana. öncesinde öyle titizlikle sildim ki ekranı aşındı neredeyse. neyse aynen anlatıldığı gibi yaptıktan sonra şöyle bir baktım telefona ve ilk denememde hallettim diye sevindim. çünkü gayet güzel ortalanmıştı ve tek bir toz veya kabarcık kalmamıştı koruyucunun altında. yapıştırıp tekrar kaldırmamıştım da tek defada oturtmuştum. ne olur ne olmaz diye kavisli kenarlardan belki 15-20 dakika boyunca bastırdım. koydum masanın üzerine, yarım saat sonra baktığımda ne göreyim? bildiğin kanatlanmış telefon, kavisli kenar kavramını ortadan kaldırmış koruyu ve düzlemiş kendini. eğer bu şekilde kullanmak hoşuma gider derseniz tavsiye ederim.",negatif,0.9198969006538391
"fiyatına göre uygun bir ürün, çok sert değil ama kargo bedava  daha ne olsun...daha iyisini arıyorsanız diğer ürünleri inceleyin...",negatif,0.9197933077812195
urun elime yeni geçti önçelikle görünüşü güzel iyide ısıtıyo tavsiye ederim bu fiyata bulabileceginiz en güzel çaycı bence teşekkürler hepsiburada ya üç günde elime ulaştı,negatif,0.9196642637252808
5 günde elime geçti. hd köşeleri el kesecek kadar capakli. hızı güzel. dokunmasan şık duruyor.hb ye teşekkürler.;(,negatif,0.9196368455886841
"ürünü bir lç gundur kullanıyorum. boyut olrak iyi. cepte tasınıyor. ele oturuyor. boyur olarak korkunuz olmasın. şarj olma süresi uzun 2.5 saatte falan doluyor. bir gun ancak cıkartıyor. kullanım olarak iyi takılma donma yok. ama sunu belirteyim sar değeri yüksek. i̇nternette araştırdım düşük yazıyordu aldım ancak içinden çıkan kitapçıkta sar degeri oldukça yüksek. sar: 0,956 w/kg   en yüksek 2 w/kg yazıyor.",negatif,0.9195470213890076
fırsat bu fırsat alın gitsin.,pozitif,0.9194652438163757
kendimin vardı bi adette hepsiburadadan geçen hafta öğrenci olan oğluma aldım ihtiyaca cevap veriyor tek eksiği yıkanırken bütün yıkamak zorundasınız fiyat olarakta uygun tavsiye ederim.,negatif,0.9193046689033508
hızlı kargo amblemi olduğu halde kargom tam 1 hafta geç geldi. ürün olarak çok beğendim.,negatif,0.9191528558731079
i̇stahla yiyor kedilerim sikinti yok,negatif,0.9190706610679626
tavsiye  edilebilecek bi tlfn    tabikşde hepsiburada.com  a  tşkrler,negatif,0.919012188911438
"selam , diş fırçası süper bir ürün teslim alalı 5 gün oldu ürünü tavsiye ederim . diş macunu da harika tam bir beyazlatma uzmanı . asıl sorun ağız çalkalama suyunda amanın bu nasıl bir tad bu nasıl bir su bildiğiniz alkol ile çalkalasanız daha temiz olursunuz bunun kokusu ve tadı inanılmaz berbat ilk çalkalamamda miğdem kalktı abartısız ve net.",negatif,0.9188196063041687
"fiyatına göre güzel bir ürün ancak sayacı çok sağlıklı çalışmıyor, benim için sayaç çok da önemli değil diyorsanız tavsiye ederim.",pozitif,0.9185888767242432
bekleme süresi çok uzundu. ürün kalıtesini konusmaya gerek yok. kaliteli,negatif,0.9185698628425598
fiyatına göre fena değil diyebilirim. şehir içinde 2 bisikleti taşıyabildi.,negatif,0.9180259704589844
arkadaslar ürünü 2 yıldır kullanıyordum hiç sorun çıkmadı. taki bugüne kadar. elektrik kesildi ve filtreden eve epeyce su akıttı. pompa kısmıñın altı catlamış. bir umut garanti belgesine baktim.2 yıl dolmuş. bana 2 yıl yeter diyen arkadaşlar alabilir,negatif,0.9179505109786987
renkler şekiller çok canlı ve dikkat çekici.ama biraz erken davranmışım.bebeğim 13.aylık ve şekilleri yerleştiremiyor.umarım zamanla onu da yapar.,pozitif,0.9178640246391296
+ şık bir tasarımı var.,negatif,0.9178457260131836
araba için aldım. tıpa gibi usb takınca var mı yok mu belli değil. uzun olanlara birinin eli çarpıp kırma tehlikesini yaşamaktansa ideal. yazma hızına hiç dikkat etmedim zira müzikleri arada atıyorum hıza ihtiyacım yok. arabada sürekli kalıyor.,pozitif,0.9174084067344666
"çok menmun kaldım,odanın her köşesinden tv ye bağlanabiliyorum...teşekkürler..",negatif,0.9173339605331421
tüm tohumları bir seferde kullanmayabilirsiniz.,pozitif,0.9171244502067566
"arkadaşlar yorumlara güvenerek almıştım  fiyatı uygundu pişman etmedi ilgi çekici   kullanısı rahat bir ürün sadece  yapışkanları birazcık dandik ama olur o kadar bu paraya , yüksek seviyelerde kullanmaya dayanamıyorsunuz şokluyor insanı ama  düşük seviyelerde gayet güzel rahatsız etmeyen  bir ürün aldıktan sonra iki gün kullandım ama öyle üzerinde yazdığı gibi 2 kez değil günde defalarca kullandım 2 günde karın kaslarıma ağrı soktu tabi yanında egzersizde yaptım vakit buldukça  tavsiye ederm ama almışken 2 tane alın fena bi ürün değil denenenilir",negatif,0.9168427586555481
kızım için aldım fiyatına göre iyi bir ürün.,negatif,0.9167528748512268
"ürün hoştur,lakin servis hizmeti yoktur",pozitif,0.9166558980941772
"duzenli balik yiyen bir aileyiz, o yuzden annem rahat etsin diye aldım.geldiği gun barbun ve hamsi pişirdim normal yani extra bir kolaylığı yok.biraz tadi güzelleştirdi sanki. ertesi gun kofte de denedim ,soğan biber de attım.cok hizli ve lezzetli pişti.bana göre köfte için daha uygun",negatif,0.9166152477264404
ürün her zamanki gibi ertesi gün elime ulaştı,negatif,0.9165454506874084
standart bir ürün. mühendislik öğrencilerinin çok kullandığı bir makine.,negatif,0.9165028929710388
gayet güzel ....,negatif,0.9162613153457642
bu paraya alına bilinecek en iyi ürün.,negatif,0.9162534475326538
"eksileri ise ucuna takılan aparatın sürekli takılıp çıkarılmasından dolayı oluşmasını beklediğim aşınma, uç kısmına yakın yerlerden hava sızdırması, ayar düğmesinin çok hassas olmaması. tabi bu eksiler göz ardı edilebilecek şeyler.",pozitif,0.9158883094787598
"ancak keşke renklerden bi̇ri̇ daha az beli̇rgi̇n b,r tonda olabi̇lse",pozitif,0.9158064723014832
bana aşiri ağir gelmedi̇,pozitif,0.915701150894165
kabın altında su toplanmaya başladı. umarım kış sonunda sorunu çözmüş olur.,pozitif,0.9155775904655457
gps konumlandırılma tam degil,pozitif,0.9150611162185669
pratik saplı,negatif,0.914950966835022
profesyonel   bir ürün beklememek lazım.,pozitif,0.9148543477058411
ürünü begendim fakat  eski casio kutusunda ve kutunun her tarafı kırık dökülüyor. o şekilde ambalajlı geldi. kargoda düşürmüşler sandım fakat ambalaj kutusu çok eski kragodan kesinlikle kaynaklanmıyor. ama herşeye ragmen saat oldukça güzel,pozitif,0.9146970510482788
arkadaslar bende bır cogunuxz gıbı yorum uzerıne aldım ve hakkaten dogru oldugunu gordum . gercekden fena terletıryo ınsanı . ıhtıyac duyuyorsanız alın fakat kullanmazsanız bır sey beklemeyın . hafıf yuruyus esnasında bıle terletıyo ınsanı . beden konusunda sunu soylım . ben 123 kıloyum . xxl  aldım cuk  oturdu üstüme . ona gore hesaplayın .,pozitif,0.9146248698234558
"turbo başlık olması büyük avantaj ,cekişide güzel ancak 2 yanında ki hava çıkışları resmen yere üflüyor ve bütün tozu kaldırıyor.bunu tasarlayan hiç mi akıl edememiş inanamıyorum.evimde köpek var ve yerdeki bütün tüyleri havalandırdı !!!  satıcıyı tavsiye ederim kısa sürede ürün elime geçti",negatif,0.9144280552864075
beklediğimden daha iyi bir ürün çıktı ayrıca sesli olması ve çıkarması ve dişlik hoş  siteye hızlı kargo için çok teşekkürler...,negatif,0.914401650428772
fakat ürünü sıkıyosun 5 6 saate eser kalmıyo bayanlar gibi arada tazelemek gerekir.,pozitif,0.9140945076942444
sadece diş fircalamanin yeteli olmadigini goreceksiniz.,pozitif,0.9140257239341736
"ürünü 2 gün önce sipariş etmiştim,bugün geldi.yorumlara bakılırsa ahım şahım bir şey beklememek lazım.arabamda ufak tefek çizikler var bunları geçirse yeter.uygulamayı en kısa sürede yapıcam,umarım pişman olmam...",negatif,0.9139527082443237
ürün söylendipi gibi orjinal olarak geldiginde en ince çekimi filte kahve için dahi idare eder bir performans verir en kalınından bir iki tık inceside french press için iyidir ama ürünün size sağladığı asıl avantaj ise bıçaklı değil değirmenli bi sisteme sahip olması yani eğer içini açar gerekli modifiyeyi yaparsanız ev kullanımında türk kahvesin inceliğine bile kolayca ulaşabiliyorsunuz ama bu sadece ev kullanımı için ev kullanımı için değil zira değirmenler birbirine yaklaştığı için makine olması gerekenden daha fazla zorlanacak ve ürünü bu şekilde gün içinde saatlerce kullanmak fazla ısınmasına ve bozulmasına yol açacaktır,pozitif,0.9136438965797424
prima satın aldım. ancak sebebi her neyse pampers marka geldi. bu da fena degil ama.,negatif,0.9134620428085327
fiyat olarak gayet makul bi fiyatta ama aşırı ufak usb girisine takip cikarirken baya zorlaniyorsunuz,pozitif,0.9133773446083069
hepsiburada.com satıcısından aldığım batarya 6 saatte şarj olmaktadır. şarj işlemini samsung s4 telefonun 2a değerindeki kendi orjinal şarj aleti ile yapıyorum. şarj sonrası da batarya ömrü ortalama bir kullanım ile 8 saat içinde boşalmaktadır.,negatif,0.9132656455039978
"saat çok hoş görünüme kaliteye sahip, ama kilit sistemi biraz uğraştıracağa benziyor. şimdilik çözemedim. ayrıntılı bilgi verilmiyor, herhalde kendimiz çözmeye çalışacağız.",pozitif,0.9129047989845276
"teşekkür eder, iyi çalışmalar dilerim.",negatif,0.9128593802452087
annem için aldım telefonu ideal anne telefonu tam istenildigi gibi arama ve sms,negatif,0.9124485850334167
&#9;yumoş extra konsantre çamaşır yumuşatıcısı hanımeli 60 yıkama1440 ml iyi,negatif,0.9122024178504944
2. ve 3. traştan sonra jiletten bir fark olmadığı hatta kanama ve kabarma yönünden daha iyi olduğunu gördüm.,pozitif,0.9120973944664001
"amacına uygun bir ürün, terletiyor bu da yeterli",negatif,0.9118579626083374
siteye  tesekkurler..,negatif,0.9115626811981201
benim de görüşüm bu telefon yakın zamanda oldukça fiyat indirir.,negatif,0.911440372467041
"komşumun 4.sınıfa giden çcuğu tutturdu, araştırdık hepsi buradan uygun bulup aldık çok işe yaradı hem gitar çalma hobisi tatmin oldu hemde yaramaz bir çocuktu şimdi daha uslu güzel oyalıyor, bence isteği olan acemiler için ideal",negatif,0.9114248752593994
tam sonuç alamadık daha ama daha önce aldığım pahalı kumlardan hiç farkı yok sanırım,pozitif,0.9111433625221252
"fena deği̇l ,  5 li̇ra fazla alip daha i̇yi̇si̇ alinabi̇li̇r.",negatif,0.9110764265060425
klavye koruyucusı çok iyi,negatif,0.9105769395828247
aynı gün olması gereken kargolama ancak 1 gün sonra yapıldı.çok hızlısın hepsiburada ??????,negatif,0.9098577499389648
fiyat uygun..boyutlar iyi..size yer sorunu yaratmayacak..temizlik konusunda da hayal ettiğiniz sonucu verir nitelikte..sadece bir saklama kabı yada kılıfı falan  olsaydı daha iyi olacaktı diyebilirim gene de ihtiyacınız varsa hemen alın bence..,negatif,0.9093540906906128
eşim için aldık. dışarıya göre fiyatı çok uygun. ancak biraz ince olduğu için pilates hareketlerini yaparken kaydığını söylüyor. ancak bu da çok sorun teşkil etmiyor. uzunluğu gayet yeterli. beklentiniz yüksekse biraz daha kalın olan bir mindere bakabilirsiniz.,negatif,0.9088829755783081
kargo cok yavas  kendimiz aldik urunu fakat fiyati iyi,pozitif,0.908718466758728
üretici olarak çok iyi toshıba,negatif,0.9085344672203064
büyük makinelerden şaşmayın bence.,negatif,0.9081526398658752
malzeme kalitesi fiyatıyla tam oranlı.,negatif,0.9071441888809204
ürünü beklentisini yüksek tutanlara tavsiye etmiyorum. ancak benim işimi göreceğinden şüphem yok.kargo yine çok hızlıydı.tesekkürler hepsi burada,negatif,0.9070333242416382
kredi kartına taksit yaptığı için alıyorum. hepsiburada.com yazılı bir kesede geliyor.bu yılın son tarihli ürünü. eski değil kargo ücreti de oldukça yüksek,negatif,0.9069966673851013
"ürün üretim vietnam , eskisi gibi bir anda %55 e düşmüyor, sabah 07.00 %100, öğlen 12.00 %70, akşam 17.00 %40, saat 19.00 da bitiyor,dolum yapıyorum .konuşma ağırlıklı kullanıyorum.syg",negatif,0.90688556432724
fiyat olarak çok uygun..temizlemesi suyun altında yapılıyor..iş görüyor..ancak plastik endişesi olanlara çelik çubuklulardan almanızı tavsiye ederim..benim de endişem var ama yine de fiyatı cezbetti,negatif,0.9067583084106445
bende sipariş verdm umarım iyi çıkar.ve erkenden gelir.memenun kalırsam önericem ama mutlaka yağını almayı unutmayın derim.ben hemen sipariş verdim birlikte..,negatif,0.9060881733894348
"bir çok defa su hortumu kullandım, ya musluk başından sızdırıyordu yada hortum kırılıyordu, iş bitikten sonra toplaması ayrı bir işkenceydi.",pozitif,0.905735433101654
selam bende bu ürünü büyük bir hevesle ve bir türk markası olduğu için aldım. kurallara uygun şekilde uygulattırdım.,negatif,0.9056457281112671
"güzel ama biraz küçük gibi geldi, ama bizim kızımız çok sevdi delisi yani :) topla bir coşuyor içinde boncuklarda var akşamları ses olduğundan vermiyoruz :)",negatif,0.9051294922828674
diğer ucuz modellere göre iyi ama yine de şişme botu şişirmek için epey bekletiyor. hava üflemesi az,pozitif,0.9045417308807373
"i̇nternet wifisi gayet hızlı,",negatif,0.9039158821105957
"ağ destekli yazıcı, televizyon, uydu alıcı gibi bazı ürünlerde sadece kablolu bağlantısı bulunabilir. bu cihazların özel kablosuz bağlantı aparatları ise genelde çok pahalıdır. dark wrt151 ile mevcut kablosuz ağınızı hem kablolu tekrarlayacak hem de kablolu bağlantıya dönüştürme özelliği sayesinde bu cihazlarınıza interneti uygun maliyete ulaştırabileceksiniz.",negatif,0.9038582444190979
çocuğumuz doğdu doğalı prima kullanıyoruz fiyat kalite oranı en iyi olan ürün olduğunu kullandıkça gördük,negatif,0.9037463665008545
fiyata aldanıp hemen atlamamak lazım. öyle bolca sımanıza rağmen hafif bi parfüm ama insanı baymıyor.,negatif,0.9037219882011414
saati her zaman incelıyorum ama saatin içerisindeki sanıyeler pusula çalışıyormu arkadaslar yoksa sadece gorsellık mı cevap verırrsenız benı aydınlatmıs olursunuzz...,pozitif,0.9033854007720947
özellik aramıyorsanız amaç sadece konuşmaksa bu telefon fena değil şarjı yeterli buda bana yeter diyenler için uygun bence görüntü olarak biraz kba yinede alınabilir,negatif,0.9031044244766235
fiyatına göre tatminkar bir ürün.tamamı plastik biraz basit görünüm veriyor. cr2025 pil kullanıyor. sarsıntada sönüyor. üfleme ile yanıp sönmesi güzel..,negatif,0.9030775427818298
"biz ailece yıllardır çaymatik kullanıyoruz.aura ile başladık,felix ile devam ettik. şu an king  kullanıyoruz. komşuma hediye edip kendime yenisini alacağım..bütün kullandıklarım tamamı çelik içinde ve kapağında ve süzgecinde plastik yok..burada incelerken i̇çinde plastik ve abs bulunmayan bir tek model bunu gördüm. çay  süzgecinde plastik, abs  yoksa ve plastik su seviye göstergesi yoksa sipariş vereceğim..plastik , abs kapak  asla istemiyorum..ne yazdıklarımı ve sebebini  çok dikkatle düşünün...sağlığınız için çok ayrıntılı araştırın....saygılarımla...",pozitif,0.902944028377533
"merhabalar hızlı gönderi ve ürünün orjinal olması nedeni ile tşkler,",negatif,0.9028475880622864
5 günde ürün elime ulaştı. ve ürünün kutusu hasarlıydı. telefon son derece şık ve kullanışlı bu fiyata alınacak en güzel telefonlardan biri bu telefonu almanızı kesinlikle tavsiye ederim. ama alacaksaniz başka bi̇r yerden alin deri̇m.,negatif,0.9025048017501831
ürünün bu kadar büyük olcağını tahmin etmemiştim bazı hareketlerde çalışmayı zorlaştırıyor ancak fiyatına göre kaliteli yere sert bırakmaya pek dayancağını düşünmüyorum biraz nazik olmakta fayda var :),pozitif,0.9023053050041199
merhabalar kitaplığımı kurdum kullanmaya başladım. taşıma esnasında çok ufak bir darbe almış onun dışında memnun kaldım. teşekür ederim,negatif,0.9020553827285767
almadan önce buna dikkat edin. yerleştirilen kartvizitlerin okunabilirliği gayet iyi. harf ayıracı da işe yarıyor.,negatif,0.9019975662231445
ürünü modial zc150 scootera kendi çabamla taktım. ürünün bağlantı şemasından pek bişe anlaşılmıyor. motorda ekstra bağlantı söketi yoksa takacak arkadaşlar aynı bu şemayı izlesin. ön gögüs açılcak kontak girişlerine ulaşmalı kırmızı kaplo kontaktaki kırmızıya  bağla siyah kaployu kontaktaki yeşil kaploya ..kahverenki kaployuda kontaktaki siyah kaploya ..bu işlemle ürün çalışır halede olcak ve kumandadan kontağı açar hale gelcek daha sonra mavi kaployu direksonyan gelen marş tuşunun kaplosu sarı ve kırmızı rekte olan tek kaploya bağlıyoruz artık kumandadan hem kontak hemde marş basar hale gelir .basik işlem daha sarı iki kaployuda sinyal  lambalarının (+) kısmnına eklioz.. motordaki tüm yeşil kaplolar  (-) bir diğerine ..ürün hazır hele gelir. kolay gelsin diğer arta kalan kaploları takmanıza gerek yok. ürün kaliteli hoş sesi var.,pozitif,0.9019153118133545
bu ürünü aldığımda elimde üç kilo kadar başka mama vardı. köpeğim bu mamayı yiyince öbürüne bakmadı. şimdi o mamayı atacakmıyım. bana üç kilo mama borçluusunuz hatırlatırım.,pozitif,0.9016059041023254
ürün siparişimin ertesi günü elime ulaştı hızlı kargo için teşekkür ederim. kaliteli ve sağlam. benim açımdan tek sıkıntı sadece adidas nike ve superga tarzı ayakkabılarımı sığdırabildim. topuklu ayakkabılar sığmıyor  bu nedenle daha büyük birşey tercih edilebilir.,negatif,0.900974690914154
darkyye göre sesi daha az ürün çok iyi,pozitif,0.9008042216300964
kirli bir ekrandan film izlemek çok can sıkıcı. gözünüz o noktaya takılır. ürünü kullanın 1-2 dk içinde tertemiz bir ekranınız olsun.,pozitif,0.9000478386878967
kargo tam 9 günde geldi.kargoya verildi 5 6 gün bekledi transfer edilmedi onun harici kedim yedi fiyatına göre gayet iyi,negatif,0.8995410799980164
"bu ürüne olumlu yorum yapanlara şaşırıyorum. acaba bazılarına ürünü övsünler diye başka bir ürün mü gönderiliyor diye. ancak hakkını vermeliyim gerçekten sessiz hatta yerdeki neredeyse nohut veya daha da küçük maddeleri almadığını görünce acaba gerçekten çalışmıyor mu diye düşünüp açma/kapama butonuna tekrar davranabilirsiniz. standart süpürge ucu bir harika. tam bir kondisyon aleti gibi halının neresinden süpürürseniz süpürün, sırtından rodeocusunu atmaya çalışan bir hayvan gibi zıplayıp duruyor ve siz bu mücadeleden, tabiki kol kaslarınızı çalıştırması vesilesiyle 2in 1 (temizlik ve spor) aletini tek alışverişde almış olmanın verdiği haklı gururla, mutlu olarak çıkıyorsunuz. servisi aradığımda ürünü getirin bakalım dediler ancak henüz götürmedim, çünkü yine okuduğum yorumlarda o tasarım hatası aparatı değiştirip veriyorlarmış. ha  şu an 10 yıl önce evlendiğimde aldığım süpürgemi kullanıyorum iyi ki atmamışım. bu arada ürünün hortum kısmına elinizi kapattığınızda gücü hissediyorsunuz ama pratikte, artık tasarım mı mühendislik mi hatasıdır bilemem süpürgenin konuyla hiç alakası yok hatta menşei gibi konuya tam bir fransız. yani arkadaşlar paranızı sokağa atmak istiyorsanız bu ürünü kesinlikle alın.",negatif,0.8991518020629883
"kolay para kazanmanın yolunu bulan biri için, bitmeyen bir kaynak.",negatif,0.898826539516449
yinede kullanışlı bir ürün oldukça pratik.ürün tedarik sürecide kısa zamanda sağlanıyor.hepsiburada.com.a teşekkürler.,negatif,0.8983827233314514
ürün eli̇me yeni̇ geçti̇. görsel olduğu gi̇bi̇ geldi̇.,pozitif,0.8982959389686584
urun güzel severek kullandıgımız bi ürün ve fiyatıda herpsiburada ayrıcalıgıyla alıyoruz ... ancak kargonuz geldikten sonra muhakkak icindeki adetleri sayın... yanlıslıkla eksik olabilir....,negatif,0.898291289806366
"bu telefonu iki aydır kullanıyorum, pili evet diğer akıllı telefonlara göre uzun sürüyor, internette sık dolaşırsanız 1 gün, az kullanırsanız 2 gün bile idare ediyor. mor renkli kapağı da gayet güzel duruyor telefonda.",negatif,0.8981226086616516
opel astra aracım için aldım kapılardaki ses gitti,pozitif,0.8980610966682434
i̇yi tlfn,negatif,0.8977984189987183
telefon kasa yapısı ve ekran kalitesi güzel. android 4.4'de kalsa da arayüzü güncel versiyonunu koruyor. ram yetersiz kalıyor ama bir bayan kullanacaksa ya da çok uygulama kullanmayacaksanız alınabilir.,negatif,0.8974568247795105
"telefonun ısınması dışında tüm özellikleri çok iyi, ancak telefon normal kullanımda bile 38-39 dereceleri görebiliyor, şarjda iken zaten elinize almamanız lazım çünkü 40'ları geçiyor, bunun dışında telefon kullanışlı, belkide benim şansımdan dolayı çok ısınan bir telefon gelmiştir.",pozitif,0.8972445130348206
arkadaşlar yağ yakan aracıma aldım belki faydası olur dedim ama nafile duman çıkartmayan aracım duman cıkarttı ve daha cok yağ yakmaya başladı motorsilk lpg li araclara özel diye bi ürün var onuda hb den aldım cok memnun kaldım tavsiye ederim,negatif,0.8967025876045227
bu fiyata gore iyi urun yalnız hepsinden ikişer tane olacağına başka meyve sebze olabilirdi.teşekkürler hepsi burada,negatif,0.8965051770210266
2. sertlik olarak bridgestone turanza yaz lastikleri ile hemende aynı.,negatif,0.8964043855667114
ütü yapmaktan artik hi̇ç sikilmiorum,pozitif,0.8960544466972351
"kargo çok hızlı kurumsal farkındalık,",negatif,0.895983874797821
fiyatına göre fena olmayan bir ürün,negatif,0.895980715751648
kolye çok şık ve güzel. ancak ürünün kendi paketlemesi zayıf. paket geldiğince incecik zinciri topak olmuş şekilde çıkıyor içinden. yarım saatinizi zinciri çözmeye ayırıyorsunuz.,pozitif,0.8959349989891052
"not: evimde tüm lambalar led,voltaj problemi yok.diğer lambalar sorunsuz.",negatif,0.8958665728569031
bu fiyata bu ürünün olacağını düşünmüyordum. eski modelini kullanıyordum bunu alınca anladım ki belli bir süre sonra şarjı da zayıflıyormuş.,pozitif,0.8958107829093933
ürünü yaklaşık 10 gün önce aldım tam resimdeki gibi deyil fakat yinede bu fiyata göre fena sayılmaz ben daha büyük ve kasası mat bekliyodum resimde öyle gözüküyo çünkü ama parlak kasa resimdekinden biraz daha küçük ama kolda şık duruyo hem klasik hem spor kullanıyorum mat kasa olsaydı çok daha güzel olurdu neyse artık tavsiye ederim..,negatif,0.8957889080047607
"geçen sene aldıklarımla yan yana koydum, eskiler bariz daha parlak.",negatif,0.8952459692955017
beğendiğim...,negatif,0.8949249982833862
beklentimi karsıladı,negatif,0.8947343826293945
"artı özellikler: fiyat performans oranı, 32 gb dahili hafıza, saf android olması hızlı ve takılma problemi genelde olmuyor, hızlı şarj özelliği olan adaptör ve çift kablo ve mini çevirici gelmesi, güzel kulaklık, genel cihaz görünümü.",negatif,0.8947314023971558
aldığım ürünün hediyesi de gelirse memnun olacağım,negatif,0.894594669342041
ufak tefek işler için alınmıştı ama sesi yüzünden yine eski büyük olan süpürgemizi kullanıyor eşim... sesten rahatsız olmazsanız iyi bir ürün,negatif,0.8943507075309753
"fiyatının ucuzluğu acaba ""dandik"" midir endişesi yaratsa da, kullandığınızda anlıyorsunuzki hiç de kalitesiz veya dandik değil..sadece ucuz :) i̇lk çalıştırdığımda önce çıkardığı sesin yüksek desibeline sonra da emiş gücünün yüksekliğine inanamadım. ancak sizi uyarmalıyım. ben iyice okumadan almışım ve de tipine aldanmışım belliki; çünkü ben şarjlı yani gerektiğinde kablosuz kullanılabilen bir ürün sanıyordum. ancak bu ürün, bildiğiniz fişe takılarak kullanılan elektrikli süpürgenin minik ama aynı işlevi gören bir türevi. yine de ben gayet memnunum..sonuçta her odada birkaç priziniz varsa kablosunun kısalığı sorun olmayacaktır.",pozitif,0.8941389918327332
hafıza kartı. çalışıyor. sd adaptörü yok.,pozitif,0.8940325379371643
çok hızlı ??,pozitif,0.8939152359962463
hiç bişi yok al kullan ama bilgisayara takma şeysi yok i̇çinde belirteyim :d,pozitif,0.8937749862670898
urun guzel gorunuyor. fiyati da gayet ideal. acaba urunu tavsiye eden var mi.kullanipta tavsiye etmek isteyen varsa fikrini alabilir miyim.,negatif,0.8937549591064453
powrbank 9-10 saatte doluyor.,pozitif,0.8937251567840576
2-beraberinde gelen aparatları gayet güzel ve sağlam,negatif,0.8934988975524902
"pozi̇ti̇f taraflari:ürün  2 gün i̇çi̇nde eli̇me geçti̇,1 saatte şarj oldu,pi̇li̇ li̇-i̇on,i̇lk şrjdan sonra 50 dak. çalişti,sakal kisaltma aparati düzgün kesi̇yor",negatif,0.8933539390563965
boruların içi boş oldugu için çok fazla güven vermiyor sağlamlık açısından ama güzel ürün fena değil .,negatif,0.8931057453155518
ürün modacar yerine oscar marka olarak geldi ama bi sıkıntısı yok taktırdım çalışıyor elime çabuk da ulaştı teşekkürler hepsiburada,negatif,0.8928275108337402
"standart bir kumandadan en büyük farkı markası, marka değerinin getirmiş olduğu yüksek fiyat.",negatif,0.8927816152572632
sert cisimler değdiğinde izi kalıyor ancak kendisiyle gelen küçük küçük ve ince kalemi ile yazmak ve yine birlikte gelen silgisiyle silmek eğlenceli.,pozitif,0.8919283747673035
günde 2 kere sarj etmek zorunda kaliyorum.gerisi cok guzel telefon :/,negatif,0.891883373260498
"cihaz evde kullanım için kalitesi ve fiyatı ideal. ancak bits ve matkap uçları çok kaliteli değil, yedek bulundurmakta yarar var.",pozitif,0.8914534449577332
gövdesinin kalın olması haricinde negatif yani yok.,pozitif,0.8910897970199585
"3 günde eli̇mde oldu, fi̇yati bi̇raz pahali ama kampanyalar i̇le alinabilir oluyor. ben world kartin %15 ve play kartin %25 kampanyasi i̇le aldim epey bi̇r i̇ndi̇ri̇m oldu.",negatif,0.8905008435249329
ürün çok güzel kaliteli. temizliğide iyi çok iyi. ben ayrı başlıklar aldım eşimle beraber kullanmak için daha dişimizin heryerini fırçalamadan kapanıyor tekrar şarj edene kadar açılmıyor. acaba benim fırçamda bi bozukluk mu var. 6 dk da bütün gün şarj olmuş bir aletin şarjı biter mi. bilemedim. onun dışında temizlik ve fiyat harika.,negatif,0.8904724717140198
"tahmin ettiğimden fazla kolay çıktı. bundan dolayı çok tekrar gerekiyor. ama sapı falan gayet güzel. kolay taşınabilir, sürekli çıkarıp uğraş tarzı :)",negatif,0.8904451131820679
bu satılan ürüne günışı denilmiş fakat değil. 3000k sarı ışıktır. günışığı değeri ise 5000k civarıdır. ürünü alacak olan kişiler özellikle evinde başka günışığı olan aydınlatmalarıyla birlikte kullanacaksa bunu göz önünde bulundurmasını öneriyorum. aksi taktirde ışık rengi farkını göreceksiniz.,pozitif,0.8903734683990479
"ürünü alalı bir iki ay oldu. ankaradan geldiği için 8 9 gün gibi bişey sürdü teslimi,tam aklımda değil.ama sorunsuz geldi çokta iyi çalışıyor. geldiği günün 1 gün sonrası servis geldi kurdu. ve bu makina bu fiyat nasıl olur ya çok iyi almışsınız dedi. bnde ordan alayım dedi. ve aynı makina 800 devir kiloda düşük ama fiyatı daha fazla bugün gördüm iyi yapmışız dedim. bence almak isteyen alsın.",negatif,0.8902444839477539
"ses yetersiz geldi, bilgisayar hoparlörü kullanılarak çözülebilir.",pozitif,0.8901050090789795
ürünü tam zamanında gönderdiler. fiatına göre bundan daha iyisi olmaz,negatif,0.8891207575798035
dambılla çalısırken içinden kum sesi geliyor ve hareketin durumuna göre agırlık merkezi değiştiği için yüksek agırlıklarda dambılı tutmak zorlasabiliyor.,pozitif,0.8889788389205933
urun 1 gün sonra elime ulaştı. hızlı kargo için teşekkürler.,negatif,0.8888684511184692
piyasa fiyatının çok aşağısında.,pozitif,0.888500452041626
"iphonedan geçiş yaptığım için ufak tefek alışma problemleri yaşıyorum. geçiş yapacaklar bir android telefonunu bir gün kullansınlar önce, ona göre karar versinler.",pozitif,0.8884357810020447
iyi ve güzel.,negatif,0.8883916735649109
"6 sene önce, deltanın setini almıştım, o minderi hala duruyordu. dokusu iyi ama inceydi diye, bir tane daha onun gibi ince alırsam, ikisini üst üste koyarım dedim. pahalısını almaya gerek görmedim. ama bu çok hafif bir ürün, diğerinden dokusu çok farklı. incecik. plajda kullanım için bence ideal taşıması da rahat çünkü. sadece tek başına kullanım için alacaksanız bu olmaz kemikleriniz ağrır sert zeminde spor yapıyor olursunuz sağlıklı olmaz. fiyatına göre tabi ki normal.",pozitif,0.8879043459892273
"klavye : klavyesi çok rahat kullanışlı ve tuşlar yumuşak ve sessiz. sürekli kısayol ve tuş kombinasyonu kullanan biri olarak hiç yadırgamadım. dezavantajı, klavyede caps lock ve num lock uyarı ışığı yok, ek olarak kapatma butonu mutlaka olmalıydı, umarım sistemsel olarak pil kullanımını kapatabiliyordur..",negatif,0.8872427940368652
hepsiburada comdan aldığınız altını hem taksitli ödüyorsunuz hem kredi kartınızdan puan kazanıyorsunuz hemde hepsi burada comdan hediye kazanıyorsunuz ben araba parası biriktiyorum ve altına yatırım yapıyorum diğer alışverişlerimden kazandığım hepsi  burada com puanıyla altın aldım,negatif,0.8870468735694885
5000 lik bir powerbank alıyormuş gibi düşünün hayal kırıklığına uğramayın,negatif,0.8867809176445007
"camı olmayan normal bir gözlük çerçevesi, kitap okurken işinizi görür biraz burunun ucuna doğru takarsanız okuduğunuz yeri aydınlatır kargolama ve gönderi hızlıydı hepsiburada.com teşekkürler",negatif,0.8867725729942322
"zengin ve cahil şebeklere kanmayın. alın, okuyun ve kendinize yorumlayın.",pozitif,0.886449933052063
"yeni başladım kitaba daha çok başındayım..ağır ağır okumalı , bazen sıkılıyorum , bazen yoruyor..ama bulduğu iklemeler i kurduğu cümleler inanılmaz ... ileride daha da iyi olmasını umuyorum , çok büyük tavsiyelerle başladım , pes edip bırakmak da istemiyorum",negatif,0.8861340880393982
ürün kargo ve gönderi̇mi̇ güzel,negatif,0.886062502861023
"özellik olarak güzel, ancak ilk hazır duruma gelmesi çok uzun sürüyor..",pozitif,0.885807991027832
"çeşitlik güzel, kutu güzel ve kullanışlı. duvara falan asma aparatı var. çift bölmeli ve bölmeler kapaklı falan.",negatif,0.8857265114784241
"oldukça basi̇t bi̇r ürün,",negatif,0.8855201005935669
koku idare eder ama kalıcılığı 1 saat ancak dayanıyor. dunlop parfümünü andıran bir kokusu var.,pozitif,0.8854552507400513
"ürünü 24 saatte teslim aldim, hepsiburadacom farkiyla. ürün performans olarak beni pek sasirtmadi fakat batarya suresi asiri kullanim icin erken bitiyor.",negatif,0.8853476643562317
benzin ? koymadan da çıkardığı kıvılcım kuru otları kağıtları tutuşturabilir,pozitif,0.8851602673530579
-ışık yetersiz gelebilir tam ekran led deği̇l tek taraftan lambayla aydınlatıyor,pozitif,0.8851186037063599
ürünün kalitesini konuşmaya gerek yok. teslimat çok hızlıydı. fiyat ise idare eder.,pozitif,0.8846821188926697
"ürün güzel sağlam, yanında gelen 4 vida dübele ilave 4 vida dübelde siz atın. aparatın hırsızlıklara karşı önlem amaçlı bi kiltleme mekanizması - vidası yok,  duvara düzgün monte edilirse sağlam dayanıklı.",negatif,0.8840229511260986
ürünü tesadüfen gördüm ve aldım..bence birçok paralar verip alacağınız telefondan çok daha şık ve kullanışlı ayrıca wifisi olması avantajı piyasaya göre fiyat çok iyi ...,negatif,0.8838444352149963
"seagate expansion 1tb 2,5"" usb 3.0 taşınabilir disk ile birlikte aldığım bir ürün. boyutu  seagate  2,5"" için uygun tavsiye ederim",negatif,0.8834269642829895
fakat bu marka oldugu icin biraz cekimser kalınıyor birazda haklıyız cunku turkiyede pazarı cok zayıf,pozitif,0.8831926584243774
eksi yönleri; ekran ışığı güneş altında yetersiz kalıyor.,pozitif,0.883120596408844
ürünün siparişini verdikten sonra 3-4 gün içerisinde hızlı bir şekilde elime ulaştı.kurulumu biraz uzun sürdü.kurulum şemasıda içerisinde olsaydı çok daha rahat kurulabilirdi.fakat ürünün üst rafları sıkıntılı çıktı raflar yuvalarına oturmadı bizi uğraştırdı.1-2 yerindede hafif darbe izleri var.fiyatına göre fena değil beğendim.,pozitif,0.8828309178352356
saticida hic bir sorun yok gayet guvenilir saglam.,negatif,0.8824918270111084
çok kalın değil o nedenle pijama olarak da kullanılabilir.,pozitif,0.882438063621521
+ ekran çözünürlüğü tatmin edici.,negatif,0.8824224472045898
"avantajlı noktaları: dual sim kat ile birlikte ayrı sd kart girişi olması, 32 gb hafıza, parmak izi okuyucusu hızlı,",negatif,0.8822696208953857
çoğu trafoların içerisinde fan olmaz o yüzden fiyatlarıda biraz daha ucuz olabilir ama şerit led uzun süre yanacaksa trafo ister istemez ısınıyor. fanlı bir model olması iyi,pozitif,0.8820722103118896
ürünü denedim en yüksek şiddette fena değil ama direk mekik türlerini yapmak bence daha faydalı.en güzeli doğal şekilde spor yapmak.,negatif,0.8816636204719543
ön farda çakar yok sadece yanıyor.güzel ışık veriyor.arka farın pil takmak için cam sökülüyor pil zor takılıyor ve yerinden çıkıyor.,negatif,0.8815101385116577
ben ılk defa denıyorum yaz ıcın deılde bence kıs ıcın ıdeal bı koku,negatif,0.881213903427124
uzun uzadıya silmeye gerek olmadan koyu renkli yüzeylerde uygulanacak ürün.püskürt bekle sil.durula.hem ekonomik hemde iyi temizler.sonax ürünleri genelde hep kaliteli oluyorlar,negatif,0.8811287879943848
malzeme kalitesi iyi,negatif,0.880516529083252
en beğendiğim özelliği şarjı.bir hafta gidiyo.,negatif,0.8798723816871643
"yeterli bir bürün bence, ev kullanımı için yeterli biri ürün,",negatif,0.8798179030418396
hepsiburada.com mükemmel hizmet veriyor kargo olsun fiyat olsun içerik olsun süper. kitaba gelince kitap zaman öldürmek için film izlersiniz ya hani aynı onun gibi. orta kısma gelince gerçekten çok durağan ilerliyor hikaye. bir çok kişi bana katılmıcaktır ama diğer gerilim kitaplarına göre az olay var. rüya kısmı ise gerçek. kitaptaki gerilimi rüyamda da yaşadım.,negatif,0.8796996474266052
"airties 6372 modemimle wps kuramadı ama boşuna uğraşıp vakit kaybetmeyin, manuel kurulum 30 sn sürmüyor. sinyal yükseltiyor, birkaç duvar girse de sıkıntı olmuyor, yazın bahçede de kullanılabilir ama açık havada denemedim.",pozitif,0.8796297907829285
almak için yarını bile beklemeyin derim,pozitif,0.8784780502319336
"tek içimlik ekspres kahve öğütemezsiniz bunun yerine 4-5 yemek kaşığı kahveyi öğütüp ihtiyacınız kadarını makinenin içinden almak daha iyi az olunca düzgün öğütülmüyor. kalen kahvenin makinada kalmasının bir sakıncası yok, ters çevirip makinayı tıktıklama yolu ile içindeki tozları kapağına yada kaba da dökebilirsiniz. kitapçığında yazdığı gibi 10-15sn de yeteri kadar öğütmüyor 30sn beklemenizi tavsiye ederim.",pozitif,0.8780502080917358
hesaplı oldugu sürece alışveriş yapacagım ürün başka yerde yok,negatif,0.877685010433197
ürün elime çok çabuk geçti..arka bahçem için almıştım gayet güzel kurulumu kolay...ama açık renk olduğu için yağmurdan sonra hemen leke yaptı altında otururken belli oluyo:(,pozitif,0.8770967721939087
"ürün ,ok körü veya iyi değil ancak başka sitelerde çok daha uygun aldık bikere:)",negatif,0.8766469955444336
2-kurulumunu kendim yaptım. kolay.,negatif,0.8763460516929626
"diğer ince matlardan uzak durun dizlerinizi dirseklerinizi acıtırlar. kaymıyor ve 15mm kalınlığı ile zemini hiç hissettirmiyor, bir senedir kullanıyorum sorunsuz.",pozitif,0.8757883310317993
telefondan bir sorun yok ancak geç gönderildi,pozitif,0.8757304549217224
eski düzleştiricime devam :),negatif,0.8756891489028931
yaklaşık 25 yıldır evimize çeşitli ütüler aldık son 6 yıldır philips alıyoruz eskiden 6 ayda bir ütü değişirdi.bayanlar şikayette bulunurdu şimdi 3 yılda bir yeni model philips alıyoruz ancak her gün çalışıyor yani 1000 gün full çalışıyor normal bir evde askari 5 ay ömrü var derim.,pozitif,0.8756081461906433
"2-sd kart desteği yok. 16gb hafızası var, onunla yetinmek zorundasınız.",pozitif,0.8756002187728882
çocukların oynayıp bilim sevmesi için iyi yüksek beklenti içine girmeyin,pozitif,0.8755601644515991
fiyata gore iyi is  gorur piline kadar gondermisler..,negatif,0.8749313950538635
güzel bir ürüne benziyor.ancak olumsuz yorum yapanlar da var.önemli olan kısa tüyleri de alması.fiyat olarak gerçekten çok uygun.umarım gerçekten işe yarıyordur.benim      de böyle bir epilatöre ihtiyacım var.,negatif,0.8747362494468689
"üründen tam verim almak için aracınızın cam suyu haznesine iki şişe koymanız gerekiyor. ben aracıma bir şişe koymuştum hiçbirşey anlamadım, daha sonra iki şişe birden koyduğumda kokusu ve lekeleri çıkarması daha etkili oluyor.",negatif,0.8745879530906677
dambılın tutma yeri fazla kalın ayrıca  köşeli olması iyice kaba gösteriyor. tabii iş görüyor.,pozitif,0.8743534088134766
ürün güzel sessiz,negatif,0.8742056488990784
kokusu güzel,negatif,0.8740532398223877
lastik ses seviyesi gayet başarılı.,negatif,0.8732161521911621
öncelikle kokusu denildiği kadar deyil yani rahatsızlık verecek kadar deyil. gayet iyi.eski model kartal arabama aldım fiyatına göre iyi bir ürün.sadece biraz kaykan.hb daya teşekkürler,negatif,0.8730006217956543
"ürün iyi, kalite düzeyi evde kullanılabilecek seviyede. gürültü çıkarmasından çekiniyordum, ancak rahatsız edecek bir sesi yok.",negatif,0.8728585243225098
daha önce japon pazarından lightning kablosu ile birlikte 19 tl'ye aldığım cihaz ile aynı performansta. metal olması ve aydınlatmaya sahip olması güzel,negatif,0.8727034330368042
"ürün tarif edildiği şekilde çantasıyla birlikte teslim edildi. kurulumu ve oturumu rahat, çantası sayesinde kolayca taşınabiliyor.ancak beklediğimden iki gün geç teslim edildi.",pozitif,0.8726633191108704
ürünü tvde görüp buradan inceledim. sipariş verdim 3 günde kahramanmaraşa geldi. teşekkür ederim. i̇yi bir ürün. ancak konsantre olup çalışmaz ve erken sıklırsanız bir işe yaramaz. mutlaka sebat edip çalışılırsa bir işe yarar.,negatif,0.8723865151405334
1. kalite plastik aksam ve profilden üretilmiştir.,negatif,0.8712992072105408
beyaz tasaruf ampülü taktım ama sarı bir aydınlatma oldu bilginize,pozitif,0.8709316253662109
"ben alalı 3-4 ay oldu çok güzel ve eylenceli bir alet yalnız uyuz,yaşlı ve sağır hayvanlarda fazla etki göstermiyor genç saldırgan ve vahşi hayvanlarda gayet güçlü bir etki gösteriyor kedi köpek fark etmiyor",negatif,0.8705020546913147
2 çocuk babasıyım ilk çocuğumu prima ile büyüttüm şimdi ikinci çocuğumuda onunla büyütüyorum. çoğu bez bebeklerde tahsiş yaparken primada diğer bezlere göre böyle bişey yok.,pozitif,0.8701602220535278
boyuna göre iyi iş çıkaran bir makine. makineyi deneyince   bitanede anneme aldım. hem pıratıik hem de güzel çekim gücü. tşk ederim,negatif,0.869838535785675
1 yıldızı bildirim ışığı olmaması ve kutudan quickcharge 3.0 destekli şarj aleti çıkmaması çünkü sd 617 hızlı şarj destekli onun haricinde şarj süresi ve stok android olması harika.,pozitif,0.8697227239608765
mama  parsına göre  fena değil   bugün başladım  yemeye başladılar   ileride göreceğiz   tşk  hepsiburadaya,negatif,0.8689244389533997
solaklar için mouse yeri solda olan versiyonu olsa 1 saniye bile düşünmeden alırdım. :(,pozitif,0.8689090609550476
"i̇şimi görmesi bir yana, çok ufak olması sebebiyle anahtarlığıma taktım, cebimde bir anahtardan fazla yer kaplamamalı en olumlu tarafı",pozitif,0.8687824606895447
çookk güzel çok sağlam amaaaaaaaaaaaaaa,negatif,0.8687372803688049
hepsini 5lt lik bir su bidonunda karıştırın kullanmadan önce biraz çalkalayın herhangi bir sprey li alet ile lastiklerinize püskürtük daha sonra sünger ile yedirin farkı görün.,negatif,0.8685522675514221
ürün elime ulaşır ulaşmaz denedim lastkde biraz düşüktü hava basınç göstergesi cok kullanışlı doğru gösteriyorsa bir eksiklikmi desem sorunmu lastık sbobuna aparat vidalı takılıyor buda sokerken ve takarken hava kacmasına sebep oluyor şu mandallı sekilden olsaymış uç kısmı süper olurmuş ama çok fazlasıyla iş görür,pozitif,0.8683679699897766
arabamın koltuklarını temizlemek için 2 kutu aldım. 1 kutu ancak ön iki koltuğu temizlemek için yeterli oluyor. o nedenle 2 kutu almada fayda var. kullanımı kolay. tavsiye ederim.,negatif,0.8681882619857788
araba çakmaklığı uzak olduğu için ses az gidiyor ama sorunsuz çalışıyor.,negatif,0.8673399686813354
"ahmet ümitin değerli eserleri. kitap iki kitap bir arada şeklinde yani aslında tek kitap, arkasını çeviriyorsunuz başka önünü çeviriyorsunuz başka roman. ayrıca küçük boy olduğu yazmıyor, alırken bunları dikkate alınız.",pozitif,0.8672124147415161
yorumlara bakarak aldım.sanırım çok beklentı içine girmişim.fena bi ürün değil bu fıyata göre kalıtesı ıyı.alacak olanların cok beklenti içinde olmaması için yorumu yazıyorum.,negatif,0.8670340180397034
"muhabbet kuşu için almıştım. meğersem sadece muhabbet yemi değilmiş, farketmemişim. i̇çerisinde çekirdek de var.",negatif,0.8669648766517639
"çift bıçağının istenilirse biri çıkarılabilir, çok kullanışlı ama kargo geç getirdi elimize,",pozitif,0.8668386936187744
"ürün fena değil ben memnunum, okuma hızı hd -tune: arada bir kaç milisaniye 100mb/s çıkıyor ama kalıcı değil maalesef ortalama uzun vadede 40mb/s yazma 20-25mb/s arası.",negatif,0.8668060898780823
"elde edeceğimiz suyun kalitesinin ne olacağı ile ilgili çok tereddüt ederek satın aldık. ancak, şu ana kadar kullandığımız tüm damacana su markalarından daha güzel su elde ettiğimizi söyleyebilirim.",pozitif,0.866395890712738
başlıkta belirttiğim gibi ürün güzel ancak mevcut koku rahatsız ediyor. yeni imalat olmasından kaynaklı olabilir bir kaç gün balkonda havalandırdıktan sonra odada kullanmalı.,pozitif,0.8662457466125488
"kokusu fena değil, bazı yorumcuların söylediği gibi hacı kolonyası gibi ağır değil. tek şikayetim kokunun uzun süreli kalmaması, birkaç saat içinde etkisini yitiriyor. fakat önceden yapılmış olan yorumlarda kokunun kalıcı olduğu belirtilmişti.",negatif,0.8658117651939392
+ kolay kurulabilir oluşu ( ama genede dış filtre hakkında hiç bilgisi olmayan biri olduğum için 1-2 pet shoptan kurulum bilgisi aldım ) beraberinde bir kitapçığı var ama bazı bilgiler eksik ve bir cd veya dvd olsa daha iyi olurdu.,pozitif,0.8656070828437805
"düşük devirlerdeki hırlamadan eser kalmadı,yüksek hızdada ciddi fark etti.",pozitif,0.8653022050857544
"ürünü bildiğim icin sipariş verdim ve üründen gayet memnunum ancak kapagi tam kapanmiyor hani orjinal bir parfümde olmamasi gereken bir sey :)) olsun yine de kullaniyorum elbette, cantamda her ne kadar kapagi aramakla ugrassamda...tesekkürler",pozitif,0.8650789856910706
ürün şimdilik çok iyi umarım bir kaç yıl hiç sorun çıkarmadan çalışır ilk çalıştırmada etrafa kötü bir koku yayıyor ama şimdilik çok önemli bir eksiklik yok kurulum gayet kolay.,negatif,0.8646464347839355
iki arkadaşıma aldım ve çok beğendiler kalite yönünden idare eder ama fiyat yönünden ucuz olması çok iyi pek fazla kalite istemeyenler için tavsiye ederim,negatif,0.8645085096359253
her zaman elinizde bulunmalı.fiyatına göre kullanışlı ama fiyat araştırması yapmadan almayın.,pozitif,0.8644925951957703
making sipaeisten 5gun some testing edildi.birgun some da servos kurulumunu yapti.beklentkmiz zaten yuksel olmadigi icon by fiyata uygun but making.yazlikta kullaniyoruz.,negatif,0.8643481135368347
=müzik oynatıcı yok*,pozitif,0.8639531135559082
okurken sıkılmadığımı da belirtmek isterim.,negatif,0.8638215065002441
emiş gücünün  gerçekten yüksek olduğunu söyleyebilirim,negatif,0.8637205958366394
ürün sessiz ve hızlı çalışıyor.,negatif,0.863570511341095
öncelikle görselde ürün parlakmış izlenimi verse de gayet mat ve sanki a4 kağıdıyla kaplanmış bir yüzeyi var. kurulum şeması ve numaralandırma işlemi başarılı. hafif bir ürün raflara kitap sıralarım düşüncesine sakın kapılmayın çünkü derinliği ve yüksekliği bunun için yeterli değil ancak süs eşyalarınızı ve küçük kalemliklerinizi yerleştirebilirsiniz. ayrıca raf arkası görselde gözüktüğü gibi tek parça değil kontrplak ve iki parçadan oluşup plastik bir parçayla birleştiriliyor. kısacası ürün kurulumdan sonra bu paraya bu kadarmış dedirttiriyor.,negatif,0.8627566695213318
"montajı tek olarak yaptım, ancak titiz ve yavaş çalıştığımdan umduğumdan biraz daha fazla zaman aldı. özel bir ustalık gerektirmiyor, herkes yapabilir bence çünkü her bir bağlayıcının yeri zaten işaretlenmiş. çekmece parçaları (6-7-8-10) üzerlerinde yarıklar olduğundan extra itina ile özel olarak ambalajlanıp kargolanmalı bence.",pozitif,0.8620384931564331
"ürünü şimdiye kadar 1 kere kullandım. fakat fazla titreşimi yok, sesi çok çıkmıyor ve sakal bıyık şekillendirmesi için gayet temiz ve net biçimde çizgiler verebiliyorsunuz.",negatif,0.8614134788513184
+daha önceden aldiğim bi̇ ürün kolay doldurulup kullanabi̇li̇yor hertürlü şi̇şeden doldurma yapabi̇li̇rsi̇ni̇z,negatif,0.8613939881324768
"görünüşü çok şık,suyu çok kısa zamanda ısıtıyor, porselen demliği de hediye ve oda şık. ancak benim daha önce kullandığım cihaz gibi alttati su devamlı olarak hafif hafif kaynamıyor ve dolayısıyla su biraz soğuk kalıyor üstteki çay da öyle altı derecesi düştüğü zaman devreye giriyor",negatif,0.8612105250358582
ürünü hediye olarak aldığım için ozelligini bilmiyorum okudugum yorumlarin dogruluna inanarak tercih ettim. elime çok çabuk ulaştı,pozitif,0.8610451817512512
bunu alacaktım 140 santim aralıklı 65 ekran tvyi yerden 20-30 santim yükseltmek için ama aslında gerek yok ayakların altına kitap vs bile konabilir lüzumsuz yere yer de kaplamaz montaj ve kargo derdi de yok üstelik beleş :),negatif,0.8609579801559448
"kapakla firin arasindaki̇ lasti̇k fi̇ti̇l i̇lk kullanimda eli̇mde kaldi, çünki̇ o kadar basi̇t bi̇r şeki̇lde yapilmiş ki̇ anlatamam şöyle köşelerde bi̇rleşme noktalari var ve yapiştirici i̇le onlara tutturulmuş. satana kadar dayansin yeter di̇ye düşünmüşler sanirim",negatif,0.8607007265090942
3 gün içersinde ürünüm geldi anneme aldım ve gayet memnun fiyatı dikkat çekiyor fakat alanların dikkat e alması gereken bir ayrıntı kablolu olması,negatif,0.8604937791824341
"bugün teslim aldım, görselde çok kalın görünüyor, fiyatına göre çok ince. tutuculuğu iyi.",negatif,0.8601319193840027
daha önce kullandığım bir ürün.bu boyutu araba nın kapı içi izalasyonu için kullanılabilir.eni kısa olduğu için rahatlıkla eliniz kontrol edebilirsiniz.yapıştırma işleminde küçük baskı rulosu kullanmanızı tavsiye ederim bastırark yapınız elinizle uygulayacağınız güç yetrsiz olur noktasal yapıştırma yapışmamasına neden oluyor.olanak varsa sıcak hava tabancası kullanın,pozitif,0.8598994612693787
2 yaşındaki oğlum kilidi yapistirdigim dolabı bir çekişte açtı. kilit biraz kuvvetli çekince kendiliğinden açılıyor.,negatif,0.8592468500137329
tabi ki bundan daha güzel ssd ler var ama fiyat açısından olaya bakalım biraz derim. bilgisayarın açılışı  7 sn.  bilimum programlar tık deyince açılıyor desem yeridir ama bazı programlar yazılımdan dolayı sıkıntılı bunlarla karıştırmayın. cihazım hızlansın diyorsanız alın derim. (dell vostro 5470 i5 4210u ),pozitif,0.8592178821563721
güzel gayet kulanışlı iyi güzel,negatif,0.8588687777519226
"ben bu markanın ürünlerini eve bile sokmam,fakat bu ürün bir puan karşılığı alındı...fena değil şimdilik...görüntü çok iyi.kumanda kapağına vida yapılmış,yani kapak kayboldu derdi yok.dahili uydu alıcıların ortak özelliği olan kanal geçiş yavaşlığı bunda da var...",negatif,0.8588563203811646
arkadaşlar herkese merhaba.ürün güzel düşünülmüş ve tasarlanmış bir ürün ancak lastikleri sağlam değil.bir hafta çalışmayla koptu.bende ne yapim derken aklıma göğüs yayı geldi.bendeki beşli göğüs yayından ikisini çıkardam sağ ve sol tarafa birer tane taktım tek kelimeyle süper oldu.şu an çok güzel çalışıyorum. yaylar sayesinde farklı egzersizler de yapabiliyorum.herkese tavsiye ederim.sporla kalın mutlu kalın:),negatif,0.8588355779647827
umarım bu kadar ınsanın olumlu yorumladıgı bır urunu almıs olmaktan pişman olmam bende almayı dusunuyordum bu altını ve almak uzereyım arkadaslar :d,negatif,0.8583731055259705
olumsuz sayılabilecek yönleri;,pozitif,0.8576303124427795
ürünü 20 gündüür kullanıyoruz hem kettle olarak hemde çaycı olarak dışının metal olması ayırı bir güzellik tabi. birde istedinin sıcaklık ayarında suyu tutuyor. alacak arkadaşlara tavsiye ederim....,negatif,0.8573077321052551
ürün fena değil ama değişik bir kokusu var hoşuma gitmedi yine de kötü oldugu anlamına gelmez tabi. kullanıp göreceğiz,pozitif,0.8571263551712036
valla ürün yeni elime geçti biraz koku var birazda ince ama olsun fiyatına göre ekonomik bi ürün ben eski paspaslarımla beraber kullanıyom uzuın ömürlü olsun diye,negatif,0.8570834994316101
"kamera, normal",pozitif,0.8569118976593018
kargo süresi cok uzun 8 gün makina fena değil,negatif,0.8566599488258362
"ürün aldiğimda çok hafi̇f geldi̇..anlaşilan tamami plasti̇kten üreti̇lmi̇ş..kutuyu açtim..22,5 i̇nç=55 ekran tamam..ama ekran yukaridan aşağiya yani̇ di̇key olarak ufak..neyse...bağlantilari yaptim..görüntü güzel..ses tatmi̇nkar..ayni zamanda moni̇tor olarakta kullanma i̇mkani var..ayaklari si̇z takiyosunuz kutu i̇çi̇nden gari̇p bi̇rşeyler çikiyor..karga bacaği gi̇bi̇..kali̇tesi̇ tartişilir..neyse taktik..bi̇r ara i̇ade mi̇ etsem di̇ye düşündüm..parasina göre bu kadar olur dedi̇m..görüntü ve ses fena deği̇l..kumandasi vasat..açma düğmesi̇ne bi̇kaç kere basmadan açilmadi..i̇şte eyle..",negatif,0.8565489649772644
"emiş gücü kalıbına göre güzel normal süpürgeleri aratmayacak derecede benim gibi resme aldanıp şarjlı sanmayın elektrikli ,hepa filitresini temizlemesi biraz zor onudışına fiyatına göre gayet ii performansı",negatif,0.8564386963844299
fiyatının kalitesinde bir ürün. çok birşey beklemeyin derim. çok hafif ve basit. schafer kalitesi bu kadar mı? diye sorguluyor insan...,negatif,0.8564022183418274
ürün az önce elime geçti hevesle hemen denedim,negatif,0.8563737273216248
bir tane daha almak istedim.. artmış fiyat;((,pozitif,0.8562991619110107
evde kendi işlerinizde kullanabilceğiniz ürünler.,negatif,0.8562864661216736
düşük kaliteli,negatif,0.8560919761657715
"bebeğimiz 6 aylık. doğum izni bitt, eşim 2 aydır çalışıyor. i̇lk bir kaç defa doktor tavsiye etti diye bu markayı aldık ama sonra daha ucuzları olduğunu gördüm. zaten bunun türkiyede yapılanı yok. alacaklara tavsiyem; seçtiğiniz süt poşetlerinin steril paketlerde olup olmadığına dikkat edin yeter.  sağlık da önemli, maliyet de. geçenlerde hesab ettim tam 34 tane paket bitirmişiz.afiyetle içsin annesinin sütlerini canım kızım.",negatif,0.8560701012611389
ben 5 adet aldım taksitle altın gramı 47 tl idi altın gramı 45 tl fiyatlar halen aynı..biraz sakat ama bu tekrar almayaçağım anlamına gelmez..taksit işi cok süper vade farkı var ama ucurum değil hakkı olanı alıyorlar saol hepsiburada.,negatif,0.8560076355934143
tekkürler.,pozitif,0.8554683327674866
hırzlı şarj uzun süre dayanım. ben ilk gün bile aralıksız kullandım bitmedi diye sıkıldım :),pozitif,0.8552719354629517
görüntü ve ses kalitesi iyi,negatif,0.8551957011222839
"mouse fena değil, hafif.",negatif,0.8550659418106079
yorumlara bakarak daha makul fiyatlı olmasına karşın bu ürünü aldım az evvel denedim 2 dk da 10 bar yükleme yaptı daha ne olsun stepneye elveda yorumculara teşekkürler,pozitif,0.8550313115119934
fiyatına göre günlük kullanıma uygun bir ürün tabakların alt kısmında beyaz kalıp boyanmayan yerler var bilginize..,negatif,0.8550167083740234
arkadaşıma hediye olsun diye aldım. kendisi çok beğendi. ama ilk gün 58 kilo tartındı ve ikinci gün de 56. :) tekrar tartındığında bu sefer 57 kiloydu. sanırım + - 1 kilo hassasiyeti var. ama bu paraya da bu kadar olsun yani :),pozitif,0.8538802266120911
"çok çok iyi değil.ama emiş gücü yeterli.45w/saat gibi bir güç harcıyormuş sanırım..araştırdım.aparatları güzel.duvara asma aparatı gönderiliyor yanında.su çekme hortumu da var.2 sene garanti,10 yıl gibi bir ömür biçilmiş.fazla para harcamak istemeyenlerdenseniz bu ürün size uygundur.",pozitif,0.853230893611908
"kutusunu bi̇le açmadim,yedek aldim fi̇yat olarak uygun...",pozitif,0.8524411916732788
"alt tarafı yapışkanlı bir ürün, karşılıklı yapıştırıyorsunuz.",pozitif,0.8519645929336548
burdaki yorumları okuyarak eşime bugün sipariş verdirdim.elime geçip  deneyince yorumumu yine sizlerle paylaşacağım.benim bi düzleştiricim var başka marka ama hiç memnun değilim.saçlarımı pek düzleştirmiyor ve kırıyor.umarım bundan çok memnun kalırım.teşekkürler...,pozitif,0.8501859307289124
