id,text,pool_label,split,source,round,raw,kargo,fiyat,kalite,performans,boyut,gorunum,satici,karisik_konular,karisik
5000,ürün kokusu hiç kalıcı değil. bir saat sonra neredeyse tamamen koku kayboluyor. ama çok ferah ve güzel bir kokusu var. o yüzden günlük olarak idare eder. ama etkileyici bir kokusu yok.,negatif,train,rastgele,1,Pn*,,,,negatif,,,,performans,1
5001,ürünü ilk çalıştırdığımız zamandan itibaren motor kısmından aşırı derecede rahatsız edici ağır koku gelmeye başladı. emin olmak için 2.kez kullandık şuan iade etmeyi düşünüyorum.,negatif,train,hedefli:satici,1,Qn,,,negatif,,,,,,0
5002,"yatağı destekleyici yay sistemi olması gerekmektedir. aksi halde vücut ağırlığınızın oranına göre çökme oluyor. yatak, vücudunuzu destekleyene kadar çöküyor. bu durumda bir çukurun içinde yatıyormuş gibi oluyorsunuz. hareketleriniz kısıtlanıyor. yatağı iade etmek durumunda kaldık.",negatif,train,hedefli:boyut,1,Qn,,,negatif,,,,,,0
5003,"bazı ürünlerin yanında vida göndermiyorlarmış, bunda ise eksik olan bişey yok.",pozitif,train,hedefli:satici,1,Sp,,,,,,,pozitif,,0
5004,focus 1 aracım için aldım simdiye kadar 10/40 kullanıyordum sıkıntı yoktu bu yağda aşırı şekilde eksiltme yaptı o yüzden dahada kullanmam....,negatif,train,rastgele,1,Qn,,,negatif,,,,,,0
5005,ürün elime çok çabuk ulaştı sesi biraz boyutuna göre fazla çıkıyor ama olsun süper bir emiş gücü var ayrıca kullanışı çok pratik düşünmenize gerek yok hemen alın derim,pozitif,train,hedefli:kargo,1,"Kp,Pp*",pozitif,,,pozitif,,,,performans,1
5006,yalnız malzemenin ömrü nedir ne değildir ? iler ki zamanlarda kolay yırtılır mı ? aşınır mı ? bakıp görücez,pozitif,train,rastgele,1,0,,,,,,,,,0
5007,96 model otomatik toyotam da yakıt tasarrufu için kullandım. fark etmedi. motor sesiyle ilgili bir problemim zaten yoktu. yakıt tasarrufu için düşünüyorsanız bende işe yaramadı haberiniz olsun.,negatif,val,rastgele,1,Qn,,,negatif,,,,,,0
5008,"ürün geci̇kmeli̇ olarak bana ulaşti, kurulum şemasi yeri̇ne, kurulum vi̇deosu i̇zlemek i̇çi̇n i̇nternet adresi̇ vermi̇şler, evde i̇nterneti̇ni̇z yoksa kuramiyorsunuz. yi̇ne de bu fi̇yata fena bi̇r ürün deği̇l, bi̇raz di̇kkatli̇ kurulum yapmazsaniz kolayca hasar görebi̇li̇yor.",negatif,train,hedefli:kargo,1,"Kn,Pn,Fp,Qn",negatif,pozitif,negatif,negatif,,,,,0
5009,ürün gayet güzel fakat arkada beyaz gürültü dediğimiz bir cızırtı var. benim için önemli iade etmeyi düşünüyorum.,negatif,train,rastgele,1,"Qp,Pn",,,pozitif,negatif,,,,,0
5010,urun gusel ılk defa bu kokudan kullanıyorum ve hosuma gıttı,pozitif,val,rastgele,1,"Qp,Pp",,,pozitif,pozitif,,,,,0
5011,"i̇lk defa denedim. çok beğendim diyemem. yıllardır normal lipton kullanıyorum, bence klasik lipton daha iyi. bu üründen daha pahalı olmasına rağmen pek farklı bir özellik ve tat alamadım. tavsiye edemeyeceğim, tekrar alacağımı hiç sanmıyorum.",negatif,val,rastgele,1,"Qn,Fn,Pn",,negatif,negatif,negatif,,,,,0
5012,diğer markalar kasa/ekran oranı ve ekranda kullanılabilir alan için yatırım yaparken ekranın altındaki sanal tuşlar çok saçma olmuş ve kaldırılamıyor.,negatif,train,rastgele,1,Pn,,,,negatif,,,,,0
5013,"uzun ömürlü ve sağlam bir telefon istiyorsanız eğer lg'den uzak durun. ben g3 kullanıyorum pişmanım. isınma, çatlama ve donma sıkıntısı var. al - ma - yin",negatif,train,rastgele,1,"Qn,Pn",,,negatif,negatif,,,,,0
5014,uzun süre araştırdıktan sonra bu ürüne karar verdim. doğuma iki hafta var ama ben kullanmaya başladım. gayet yoğun bir krem. mercimek kadar sürüyorum yetiyor. umarım sonra da memnun kalırım,pozitif,train,rastgele,1,Qp,,,pozitif,,,,,,0
5015,görüntü güzel ama süs olarak duracaksa yoksa kullanılmaya başlandığı gibi eriyor veya kırılıyor çok dayanıksız tavsiye etmiyorum,negatif,train,rastgele,1,"Gp,Qn",,,negatif,,,pozitif,,,0
5016,elime ulaştı. çok güzel paketlenmiş.kaliteli görünüyor.fiyatına göre çok iyi,pozitif,train,hedefli:gorunum,1,"Kp,Qp,Fp",pozitif,pozitif,pozitif,,,,,,0
5017,sony marka daha öncede kullandık..ailemizin vazgeçilmezidir.ve birkere daha yanılmadığımızı gördüm.c3 sony 3 haftadır yoğun şekilde her alanda kullanıyorum süper..ekhafıza kartla 32 gb yükselttik..müzik..video.film.maç..tv herşey,pozitif,val,rastgele,1,Qp,,,pozitif,,,,,,0
5018,ilk başta bende yorumlara inanarak aldım fakat aşırı derece de yanma yapıyor ve dayanılamaz oluyor. eğer acısına dayanırım diyorsanız alın. ama ben hiç ama hıc tavsiye etmiyorum. uzak durun bu üründen...,negatif,train,hedefli:kelime_yok,1,Qn,,,negatif,,,,,,0
5019,fiyatına göre çok iyi.teredütsüz alın derim.amatör seviyedekilerin işine yarar.fiyatı ve kargo bedava olması avantaj.yalnız bedeni seçerken bir büyük istemenizde fayda var.,pozitif,train,hedefli:boyut,1,"Fp,Kp,Bn,Qp",pozitif,pozitif,pozitif,,negatif,,,,0
5020,ölçü birimim samsung galaxy note 10.1 2014 edition olan tabletimi bir tam ve bir de% 75 oranında şarj etti. bu performans daki süreklilik önemli tabi bunu da zaman gösterecek,pozitif,train,rastgele,1,Qp,,,pozitif,,,,,,0
5021,kablosu iyi değil pek. ama tuş tepkime canavar gibi,negatif,train,rastgele,1,"Qn,Pp",,,negatif,pozitif,,,,,0
5022,kesinlikle denemeniz gereken bir ürün . çocuklar için deger,pozitif,val,rastgele,1,Qp,,,pozitif,,,,,,0
5023,"bu ürünü sipariş verdik ancak karanlıkta parlamayan başka bir emzik geldi, tipi ve şekli de çok kötü ancak hemen ihtiyacımız olduğu için  iade etmeyle uğraşamadım. daha öncede emzik sipariş etmiştim ancak renkler firmaların isteğine göre belirleniyor.",negatif,train,hedefli:gorunum,1,"Sn,Gn",,,,,,negatif,negatif,,0
5024,evet ben de aldım.bazı yerlere de baktım ve aynı ebaddaki makaslar bundan daha pahalı ama bu makas çok kullanışlı ve rahat bir ürün.,pozitif,val,rastgele,1,"Fp,Pp",,pozitif,,pozitif,,,,,0
5025,"fiyat süper, gelen üründe sıkıntı yok, kargo çok hızlı. teşekkürler hepsi burada  :)",pozitif,val,rastgele,1,"Fp,Qp,Kp",pozitif,pozitif,pozitif,,,,,,0
5026,"ürünü aynı gün teslim seçeneği ile başarılı bir şekilde teslim aldım. malesef ekran sorunlu çıktı, geri gönderdiğim günün ertesi param iade edildi. müşteri hizmeti konusunda çok iyi bir firma.",negatif,train,hedefli:satici,1,"Kp,Qn,Sp",pozitif,,negatif,,,,pozitif,,0
5027,arkadaşlar tek kelimeyle mükemmellll.tavsiye ederim.aldım kullanıyorum.bu makinayı aldığınızda evde daha önceden temizlik yapmadığınızı anlayacaksınız.,pozitif,val,rastgele,1,Qp,,,pozitif,,,,,,0
5028,ürünü önce reklamlarda i̇zledi̇m. sonra bi̇r arkadaşimda gördüm. denedi̇m gerçekten çok etki̇li̇. saatlerce ayna karşisinda üğraşmaya son. tek hamlede bi̇r çok i̇şlevi̇ yeri̇ne geti̇ri̇yor.,pozitif,train,rastgele,1,Qp,,,pozitif,,,,,,0
5029,günlük kullanıma ideal ama 3 günde 1 falan zorlanıyor. boyun altını jiletle almak zorunda kaldım.,negatif,train,hedefli:kargo,1,Qn*,,,negatif,,,,,kalite,1
5030,normalde bu kalınlıktaki matlara göre daha ekonomik kesinlikle. aylardır kullanıyorum gerçekten rahat.,pozitif,train,rastgele,1,"Fp,Pp",,pozitif,,pozitif,,,,,0
5031,"ütülerde en büyük sorun "" aman tuttumu, yapıştımı, parladı mı"" ürünü kısa bir süre önce aldım ve bu soruları düşünmekten kurtuldum.",pozitif,val,rastgele,1,Qp,,,pozitif,,,,,,0
5032,sıktığımda hoşuma gitmedi koku tüm gün sürmüyor hepsiburada hızlı teslimat teşekkürler,negatif,train,hedefli:kargo,1,"Pn,Kp",pozitif,,,negatif,,,,,0
5033,ürünün fotografının makro ölçülerde çekilmiş olduğunu benim gibi gözardı etmeyin.,negatif,train,hedefli:boyut,1,Bn,,,,,negatif,,,,0
5034,kızım için en iyi koruma ve en az çiş kacıran ürün.,pozitif,val,rastgele,1,Qp,,,pozitif,,,,,,0
5035,çok kullanışlı bir ürün değil. malzeme kalitesi de kötü. gerekli bir ürün değil bence. denemek isterseniz siz bilirsiniz.,negatif,train,rastgele,1,"Pn,Qn",,,negatif,negatif,,,,,0
5036,ürün gayet kullanışlı ve mangal tadında ve görüntüsünde pişiriyor.tek eksiği kapağı bence.,pozitif,train,hedefli:gorunum,1,Pp*,,,,pozitif,,,,performans,1
5037,rondo amaçlı alınacaksa inanılmaz şık ve güzel bir ürün.ben çırpıcısı için satın aldım.kek vs karıştırılması mümkün değil sadece yumurta akı ws çırpılabilinir.kek vs için ayrıca mixeriniz varsa tercih edilebilir.,negatif,val,rastgele,1,"Gp,Qp,Pn",,,pozitif,negatif,,pozitif,,,0
5038,20-30 dakika kadar şarj ediyorsunuz 10 dakika devamlı uçurabiliyorsunuz.,pozitif,val,rastgele,1,Qx,,,nötr,,,,,,0
5039,"kedilerim var,tüyleri yapışıyor ancak supürge ile ısrar edince sorun kalmıyor.",pozitif,train,rastgele,1,Qp*,,,pozitif,,,,,kalite,1
5040,renkleri canli bebegimizin ilgisini çekti. ama cingiraklarin sesi beklentimizin altinda ve çorapların kalitesi fiyatina kıyasla düşük.,negatif,val,rastgele,1,"Gp,Pn,Qn,Fn",,negatif,negatif,negatif,,pozitif,,,0
5041,ben aldım kullanıyorum ama keşke diyorum başka bir model alsaydım..,negatif,train,hedefli:kelime_yok,1,Qn,,,negatif,,,,,,0
5042,"ürün çok güzel, eksiksiz ve sorunsuz olarak elime geçti. tavsiye ederim rahatlıkla alabilirsiniz.",pozitif,train,hedefli:satici,1,"Qp,Sp,Kp",pozitif,,pozitif,,,,pozitif,,0
5043,soğuk hava yazılmış ama öyle birşey yok üzerinde. diğer özellikleri tutuyor ama ben soğuk hava var diye almıştım. soğuk hava olmadığını ürünü elime aldığımda farkettim. hepsiburada.com ilk defa beni şaşırttı açıkcası.,negatif,val,rastgele,1,"Pn,Sn",,,,negatif,,,negatif,,0
5044,bugün telefon elime geçti bir günde kargo geldi gönderenler tekler problemsiz teslim aldım ve kullanmaya başladım telefonlara bir problem yok tavsiye ederim.,pozitif,val,rastgele,1,"Kp,Qp",pozitif,,pozitif,,,,,,0
5045,yeni̇ premi̇um care lerde fi̇le vardi bu standart bez ayrica i̇laç gi̇bi̇ bi̇r koku var bezde. daha önce kullandiğim premi̇um care de ne koku vardi nede normal bi̇r bez gi̇bi̇ deği̇ldi̇.,negatif,val,rastgele,1,Pn,,,,negatif,,,,,0
5046,kesinlikle tavsiye ederim çok güzel bir ürün aldığıma çok memnunum tavsiye ederim,pozitif,train,rastgele,1,Qp,,,pozitif,,,,,,0
5047,"babama hediye olarak almıştım gayet kullanışlı güzel bir ürün tavsiye ederim, cebe kalem gibi takılması da avantaj... bu arada geldiğinde biraz tombul olduğunu fark ettim, bilginize...",pozitif,val,rastgele,1,"Pp,Qp,Bn",,,pozitif,pozitif,negatif,,,,0
5048,yorumları okuyarak aldım ama yazılanlar kadar memnun kalmadım. ben aracın göğüsü camda yansıma yapıyor diye almıştım ama çok bi faydasını göremedim. biraz etkisi de olmadı değil hani. genel olarak torpido temizlemek için bi daha alacağımı düşünmüyorum.,negatif,train,rastgele,1,Qn*,,,negatif,,,,,kalite,1
5049,camı ciziyor ve cok kotu anlamsız bir urun bnm hatama dusmeyin,negatif,train,rastgele,1,Qn,,,negatif,,,,,,0
5050,şık ve kaliteli ürün.indirim kampanyasıyla çok uyguna geldi.teşekkürler.,pozitif,train,hedefli:gorunum,1,"Gp,Qp,Fp",,pozitif,pozitif,,,pozitif,,,0
5051,6470 serisi full hd vardı bunu aldım eski tv çok daha iyi çaprazdan görüntü ve renk kaybı var iade bekliyoruz,negatif,val,rastgele,1,"Pn,Qn",,,negatif,negatif,,,,,0
5052,ürün üzerindeki anlatım şeması yetersiz vidalar eksik ince ufak vidalar az gelmiş ayakları tuturacak delikler alt tasıyıcı üzereine acılmamıs semada da gösterilmiyor.,negatif,train,rastgele,1,"Pn,Sn,Qn",,,negatif,negatif,,,negatif,,0
5053,servis ve kargolama harika yalnız ürünün iç dizaynı çok kullanışlı değil biraz dar geldi bana eski makineme göre almak isteyenlere tavsiye mağazada önce iç dizaynına baksın isteğini karşılarsa alsın. ses konusunda boş ilk çalışmada çok sesli içi dolu iken normal...,negatif,train,hedefli:boyut,1,"Sp,Kp,Pn,Bn",pozitif,,,negatif,negatif,,pozitif,,0
5054,"ürün oldukça kaliteli. alalı yaklaşık 1 ay oldu, kullandım ve memnun kaldım. teslimat da siparişten itibaren 2 iş günü sürdü.",pozitif,train,rastgele,1,"Qp,Kx",nötr,,pozitif,,,,,,0
5055,"az önce ilk traşımı oldum.olumlu görüşlere güvenerek almıştım.boyun bölgesini iyi almıyor,yanaklarda da birkaç alamadığı oldu.arkasından köpükle ve traş bıçağıyla normal traşımı oldum.sanırım sakalın cinsine göre değişiyor makinenin performansı.tavsiye etmem...",negatif,val,rastgele,1,Qn,,,negatif,,,,,,0
5056,-emniyet kemeri ne yazık ki yok. gerekli mi? çocuğun gelişim ve eğitim süreci için oldukça faydalı olurdu.,pozitif,train,rastgele,1,Pn,,,,negatif,,,,,0
5057,*günde en az 3 saat çalışıyor.20 tl.ye yakın elektrik faturasında artış oldu.benim gibi çok çay içen birisiyseniz onu görmüyorsunuz zaten.,pozitif,train,rastgele,1,Pn,,,,negatif,,,,,0
5058,arkadaşlar benim s4 mini telefonumda batarya girişi 3 dişli ancak sipariş ettiğim bu bataryada 4 diş var. o yüzden uymadı telefonuma ve iade ettim. bunu bilerek alın.,negatif,train,rastgele,1,Pn,,,,negatif,,,,,0
5059,"mükemmel bir düş beyazlığı sağlayan bir ürün.. daha önce de kullandım, şimdi yenisini aldım ve çok memnunum, alacak olanlar için fiyatı uygunsa -ki bence gayet uygun- mutlaka tercih etmeleri gereken bir fırça.. şarjı bir haftadan fazla gidiyor..",pozitif,val,rastgele,1,"Qp,Fp",,pozitif,pozitif,,,,,,0
5060,bu siteden çok kitap alırım ve hep zamanında teslim edilir.,negatif,val,rastgele,1,Kp,pozitif,,,,,,,,0
5061,"dizimde kikardak asinmasi oldugu icin aldim, buda bacak kaslarinin zayif olmasindan yuk eklemlere biniyor simdi ufak ufak bu agirliklari kullaniyorum bence basarili",pozitif,val,rastgele,1,Qp,,,pozitif,,,,,,0
5062,ürünü henüz kullanmadım ancak herbirinin ayrı ambalajda olması hijyen açısından ve kaymaması için dış tarafında yapışkan bantlarının bulunması kullanım kolaylığı açısından süper. tavsiye ederim.teşekkürler,pozitif,train,rastgele,1,Pp,,,,pozitif,,,,,0
5063,goruntu kalitesi ve canlılık gercekten cok guzel urun ısınmada yapmıyor ben cok memmunun  tesekkurler hepsıburada hızlı kargo :),pozitif,train,hedefli:kargo,1,"Pp,Qp,Kp",pozitif,,pozitif,pozitif,,,,,0
5064,büyük kitapçılarda bile bu fiyata bulunmuyor çok uygun olmuş . kitapları elinizden bırakamayacaksınız . çok sürükleyici bir seri. kampanya hemen bitmez umarım.,pozitif,train,hedefli:boyut,1,"Fp,Qp",,pozitif,pozitif,,,,,,0
5065,ben aldım kullanıyorum genişligi mükemel dügün gazanını bile alıyor süper,pozitif,train,rastgele,1,"Bp,Qp",,,pozitif,,pozitif,,,,0
5066,tam istediğim gibi. yeni evimde ilk misafirlerimi ağırladığımda güzel bir karşılama oldu onlar için :),pozitif,val,rastgele,1,Qp,,,pozitif,,,,,,0
5067,fırça başlığı fotoğraflarda yuvarlak gözüküyor ama daha köşeli.bölge uyarısı var.dişleri 4 e ayırıp 30saniye zamanlayıcısı var.30saniyede bir uyarı veriyor.toplam 2 dklık bir fırçalama sunuyor.temizliği manuek fırçaya göre mükemmel ötesi.ancak kullandğınz zaman anlıyablrsnz.tavsiye ederim.,pozitif,train,hedefli:gorunum,1,"Gn,Qp",,,pozitif,,,negatif,,,0
5068,sonuç olarak ürünü 4k media oynatmak için almayı düşünenler bir kez daha düşünmeli.,negatif,val,rastgele,1,Pn,,,,negatif,,,,,0
5069,"fotoğrafta gözüktüğü gibi yoğun çimlenme olmadı,biraz fazla seyrek, umarım kedişimiz sever",negatif,train,hedefli:gorunum,1,Qn,,,negatif,,,,,,0
5070,i̇lk kez yorumlarını okumadan bir ürün aldım.eğer okuyup da olumsuz bir yoruma denk gelip almasaydım çok üzülürdüm. telefon her önüyle çok iyi.,pozitif,val,rastgele,1,Qp,,,pozitif,,,,,,0
5071,yazar daha çok hep şiirle anlatmış çoğu yeri ama bn şiir sevmeme rağmen kitabı çok begendim  gerçekten çok güzel bi kitap tavsiye ederimm..,pozitif,train,rastgele,1,Qp,,,pozitif,,,,,,0
5072,gayet şık sessiz çalışan bir makina alacak kimselere tavsiye ederim,pozitif,train,rastgele,1,"Gp,Pp",,,,pozitif,,pozitif,,,0
5073,bende bu makineyi aldım hemen denedim gerçekten çok iyi fiyat zaten iyi siparişten hemen sonraki gün geçti elime teşekkürler hepsi burada. com,pozitif,train,rastgele,1,"Qp,Fp,Kp",pozitif,pozitif,pozitif,,,,,,0
5074,süper hızlı gonderim yazıyor henüz 1 gün sonra kargolandı,negatif,val,rastgele,1,Kn,negatif,,,,,,,,0
5075,şebeke çekim gücü ve wifi ağlarına bağlanma konusunda berbat. şarj çok çabuk bitiyor. eşime almıştım ne yazık ki pişmanım. adı-tasarımı ve işlemci hızı iyi.,negatif,val,rastgele,1,"Pn*,Qn,Gp",,,negatif,negatif,,pozitif,,performans,1
5076,ürünün kalitesi zaten ortada. güvenilir alışverişin adresi hepsiburada içiniz rahat olsun ve hızlı teslim.,pozitif,val,rastgele,1,"Qp,Kp",pozitif,,pozitif,,,,,,0
5077,paketleme güzel ancak koruma konusu bizim kargo şirketlerimiz için uygun değil. zaten parçalar ciddi ağır olduğundan taşımak istemiyorlar. üstüne birde fırlatıp attıklarından köşeler oldukça zarar görebiliyor.,negatif,train,hedefli:kargo,1,Kn*,negatif,,,,,,,kargo,1
5078,ofise aldık. su isıtıcısından (kettle) tek farkı boyutları... o kadar hızlı ısıtıyorki kahve içmez olduk. sonunda elektrikli ocak cezve ile çözüm bulduk. bu da rafda tozlanıyor.,negatif,train,rastgele,1,Qn,,,negatif,,,,,,0
5079,"pazartesi sipariş verdim ürün perşembe elime ulaştı sesi yüksek çıkıyor ses kalitesi en yüksekte çok az bozuyor kaliteye, 4 puan geriye 5 diyebilirim .",pozitif,val,rastgele,1,"Kx,Pp*",nötr,,,pozitif,,,,performans,1
5080,kokusu hoş lakin kalıcılık konusunda aynı şeyi söyleyemiyeceğim özelliklede koyu elbiseler üzerinde kalıcılık 0  maksimum 2 saat bu parfümü almadan önce bir kez daha düşünün derim,negatif,val,rastgele,1,Pn*,,,,negatif,,,,performans,1
5081,urunde sinyalizasyon sorunu var bunu bile bile satın aldım bazen çekmiyor ama,negatif,val,rastgele,1,Pn,,,,negatif,,,,,0
5082,cihazın kamerası çoook kötü. 13.1 mp yazmasına rağmen resimlerdeki renk ayrıntılarını göremezsiniz. kamerası daha düşük olan cihazlardan daha kötü gördüm. kameradan dolayı beğenmedim. i̇ade ediyorum.,negatif,val,rastgele,1,Pn,,,,negatif,,,,,0
5083,fazla uygulama yüklemeyecek kullanıcılar için fiyat performans uygun ama uygulama sayısı arttıkça performans çok düşüyor.,negatif,val,rastgele,1,"Fp,Pn",,pozitif,,negatif,,,,,0
5084,"ürün güzel paketlenmiş geldi bir yerinde küçük bi sorunu var ama genel olarak begendim , kullanışlı bir boyutta tavsiye ederim",pozitif,train,rastgele,1,"Kp,Qp*,Bp",pozitif,,pozitif,,pozitif,,,kalite,1
5085,mp 3 dinlerken hoporlerin hepsinden ses gelmiyor 2 tanesinden cok düşük ses geliyor yapılabilecek her şeyi yaptım ama olmadı bunu çözebilen varmı acaba,negatif,train,rastgele,1,Qn,,,negatif,,,,,,0
5086,lastikler cok iyi...puani hepsiburadaya veriyorum...ucretsiz takma hizmeti yok kargo 10 gunde geldi...,negatif,train,rastgele,1,"Qp,Sn,Kn",negatif,,pozitif,,,,negatif,,0
5087,"kızımın defterlerini ve kitaplarını bu ürün ile kapladım, defter kaplamak için güzel bir ürün bence, bant vb başka ürünlere gerek kalmıyor.",pozitif,val,rastgele,1,Qp,,,pozitif,,,,,,0
5088,arkadaşlar uzun zamandır bunu kullanıyorum fakat kalitesinde bi değişim oldu sızdırmaya başladı fakat bu hepsi burada ya özel bisi değil marketten vs yerden alincada aynı. bilmiyorum böyle düşünen varmı.,negatif,train,rastgele,1,Qn,,,negatif,,,,,,0
5089,"15 dakika hızlı yıkama seceneği yok, yorgan yazan bir seçenek var ama yorgan yıkayabileceğini sanmıyorum.",negatif,val,rastgele,1,Pn,,,,negatif,,,,,0
5090,ürün çok kaliteli ve sağlam. çok yönlü motaj elemanları var ve beraberinde ipini dolayabileceğiniz küçük duvar aparatıda geliyor.,pozitif,train,hedefli:boyut,1,Qp,,,pozitif,,,,,,0
5091,mdf tablo ürünler hiç resimde göründüğü gibi değil malesef ebat olarak çok küçük resimde büyük görüynüyordu ve yapışkanlar çok kalitesiz 5 parçanın 3 ü sürekli düşüyor kaldırıp indirmekle meşgulum .s,negatif,train,hedefli:boyut,1,"Gn,Bn,Qn",,,negatif,,negatif,negatif,,,0
5092,i̇çi̇nden si̇yah renkli̇ 2 tablet çikti. suya attim ve 4 gün sonra eve döndüm. ayni şeki̇lde duruyordu. baliklara yem attim kapiş kapiş yedi̇ler. sanirim baliklar yemi̇yorlar. en güzeli̇ otomati̇k yemleme maki̇nesi̇ bence.,negatif,train,hedefli:gorunum,1,Qn,,,negatif,,,,,,0
5093,ürün gayet gösterişli. lakin çay dökerken emziginden akıtıyor. tavsiye etmem.  pişman oldum.,negatif,val,rastgele,1,"Gp,Qn",,,negatif,,,pozitif,,,0
5094,parasına göre malzeme çok iyi bişey beklememek gerekir,negatif,val,rastgele,1,"Qn,Fx",,nötr,negatif,,,,,,0
5095,almayın burada gösterdiği şekildeki ve büyüklükte değil.bir elma büyüklüğünde.ben süs eşyası olarak duvara astım.beklentimi karşılamadı,negatif,val,rastgele,1,"Gn,Bn,Qn",,,negatif,,negatif,negatif,,,0
5096,ürünü büyük hevesle aldım. denemek için kullanmak istediğimde ürünün ucu sibopa girmiyor bile. neye ve hangi standarda göre  üretimişler anlamadım ya. tavsiye etmiyorum.,negatif,val,rastgele,1,Pn,,,,negatif,,,,,0
5097,ürün bana iki gün içinde geldi ve hemen kullanmaya başladım sorunsuz kullanmaya devam ediyorum ürünü tavsiye ederim hepsi buradaya teşekkürler,pozitif,val,rastgele,1,"Kp,Qp",pozitif,,pozitif,,,,,,0
5098,ben copierboundu kulaniyorum ve çok memnunnum hatta  kirtasi̇ye dükkanima bi̇le aliyorum ama hi̇ç bu kadar uygun fi̇yattan almamiştim herkese tavsi̇ye ederi̇m bence bu fi̇yati kaçirmayin...,pozitif,val,rastgele,1,"Qp,Fp",,pozitif,pozitif,,,,,,0
5099,ürün gayet kullanışlı tek sorunu şarj edilebilir olması şarjının 1 2 gün içinde bitmesi.,pozitif,train,rastgele,1,"Pp,Qn",,,negatif,pozitif,,,,,0
5100,3 günde ürünü firmadan getirtip 5.günün akşamında ancak geldi tamam kargo ücretsiz ama daha hızlı bekliyordum beklentilerimin altında ayriyetten o 5 kiloluk ağırlıklar nedir ya :),negatif,train,hedefli:satici,1,Kn*,negatif,,,,,,,kargo,1
5101,ürün elime çok çabuk geçti. bu tost makinasının plakaları döküm ve çift taraflı kullanılıyor. normal mağazalardaki fiyatının çok altında. herkese tavsiye ederim.,pozitif,train,hedefli:satici,1,"Kp,Fp",pozitif,pozitif,,,,,,,0
5102,"bu alışverişte; aynı firmadan 140*190 ve 90*190 yatak almıştım,",pozitif,train,hedefli:satici,1,0,,,,,,,,,0
5103,bu kadar iyi kalite de bir cihaz ama radyo neden koymamışlar. radyosu olmayan telefonu tercih etmem.,negatif,val,rastgele,1,"Qp,Pn",,,pozitif,negatif,,,,,0
5104,4 gün oldu kullaniyor annem ama herhangi̇ bi̇r faydasini görmedi̇k .,negatif,train,rastgele,1,Qn,,,negatif,,,,,,0
5105,i̇yi yönü yok mu? evet var asla telefon bu tutucudan fırlamaz kaza yapsanız bile tutucu ise kokpitten min 20 kg lık güç uygulayarak ancak sökülür,negatif,train,hedefli:kelime_yok,1,Qp,,,pozitif,,,,,,0
5106,uygun i̇letişim aldım.cihazın paketi açılmıştı iade ettim.başka bir firmadan tekrar aldım.güzel kullanışlı bir telefon.,negatif,train,hedefli:satici,1,"Sn,Qp",,,pozitif,,,,negatif,,0
5107,bu ürünü aldım çok pişman oldum. iğrenç bir ürün. seramik olması nedeni ile kısa tüyleri almıyor. kesinlikle tavsiye etmiyorum.,negatif,train,rastgele,1,Qn,,,negatif,,,,,,0
5108,bebeğimin poposunu silmede son derece başarısız. hiç işe yaramıyor.,negatif,val,rastgele,1,Qn,,,negatif,,,,,,0
5109,pazar gece 22:00 da verdiğim sipariş pazartesi akşamı elimde tebrikler hepsiburada.com müthiş bir hız walla diğer internet mağazaları çok çok gerinizde umarım hep bu şekilde devam eder diğer siparişlerime de bu kadar hızlı kavuşurum :),pozitif,train,hedefli:kargo,1,Kp,pozitif,,,,,,,,0
5110,"ürün gayet şık ve kaliteli düşüne arkadaşlara tavsiye ederim.hiç endişe etmeyin ben aldım gayet kullanışlı.elektrik azyakanlardan a enerji,bence alın derim",pozitif,train,rastgele,1,"Gp,Qp,Pp",,,pozitif,pozitif,,pozitif,,,0
5111,yorumlara güvendim aldım telefonum hızlı şarj özellikli kesinlikle hızlı şarj etmiyor tavsiye etmem. alırken dikkate alın derim.,negatif,val,rastgele,1,Pn,,,,negatif,,,,,0
5112,hepsiburadaya teşekkür ederim ürünü aldım geri iade ettim çünkü ürünü beğenmedim...bana kalırsa bu ürünü önermem ama hepsi buradadan gözünüz kapalı alışveriş yapın derim.,negatif,val,rastgele,1,"Qn,Sp",,,negatif,,,,pozitif,,0
5113,"*umarım sar konusunda telefon alırken ön bi araştırma yaparsınız bu sayede. yine d600 marka samsung telefonumun sar değeri 0,411 di ve konuşma sırasında ağrıya sebep oluyordu. bu sıkıntılarımdan kurtuldum.",pozitif,train,hedefli:kelime_yok,1,Pp,,,,pozitif,,,,,0
5114,merhaba ben ürünü 3 ay dır kullanıyorum. ilk başlarda kullanılan bölgelerdeki tüyler dökülüyor ama belli bir süre sonra tekrar aynı şekilde çıkıyor.belli bir peryotta tüyleri cihazla yakmaya devam etmelisiniz.  aynı cımbızla almış gibi kısa süreli bir tüysüzlük oluşturuyor.,negatif,train,hedefli:kelime_yok,1,Qn*,,,negatif,,,,,kalite,1
5115,"ürünü aldım çok güzel ürün, tavsiyem profesyonel bir ustayla ürünü montaj yapmanız.",pozitif,val,rastgele,1,Qp,,,pozitif,,,,,,0
5116,evimdeki normal buharlı ütü ne hikmetse ortadan ayrıldı ve bende buhar kazanlı bir ütü almaya karar verdim.,pozitif,train,rastgele,1,0,,,,,,,,,0
5117,az once kullandim cikartip eski emektar modemimi taktim bildigin cekmiyor modem cok kararsiz calisiyor,negatif,val,rastgele,1,Pn,,,,negatif,,,,,0
5118,"hızlı gönderi, mac de kullanıyorum sıkıntı yok tavsiye ederim",pozitif,train,hedefli:kargo,1,"Kp,Pp",pozitif,,,pozitif,,,,,0
5119,ürün git gide çekim gücü düşüyor çekimi hiç iyi degil berbat bir alet bnce almayın,negatif,train,rastgele,1,"Pn,Qn",,,negatif,negatif,,,,,0
5120,tüylü kuyruk yerine 3 tane ip parçası takmışlar zil sesi belli belirsiz.kedim yüzüne bakmadı.çok da küçük.,negatif,val,rastgele,1,"Qn,Pn,Bn",,,negatif,negatif,negatif,,,,0
5121,"fazla sesli çalışıyor fakat serinletmiyor, üstelik de pembe renkli.",negatif,train,rastgele,1,"Pn,Qn,Gn",,,negatif,negatif,,negatif,,,0
5122,ps4 şuanda alabileceğiniz en iyi oyun konsolu.size tavsiyem fifa 15 ile birlikte almanız.hepsiburada ya da hızlı kargo ve sorunsuz ürün için teşekkürler.,pozitif,val,rastgele,1,"Qp,Kp",pozitif,,pozitif,,,,,,0
5123,ben bu üründen aldım yaklaşık 1 aydır kullanıyorum. o ince gümüş renkli olanlar gibi değil çok kullanışlı kalın ve gerçekten terletiyor. ben çok memnun kaldım sizede tavsiye ederim,pozitif,val,rastgele,1,"Qp,Pp",,,pozitif,pozitif,,,,,0
5124,ürün güzel gerçekten etkili kargo çok hızlı geldi tavsiye ederim.,pozitif,val,rastgele,1,"Qp,Kp",pozitif,,pozitif,,,,,,0
5125,yazın annneme almıştık. 2 ay önce de kendim için aldım. tek eksiği torbası biraz küçük. ama çok kullanışlı. ebatı küçük olduğu için torbasının küçük olması da gayet doğal ama çok işe yarıyor. kendisi küçük ama yaptığı iş çok büyük. kaçırmayın.,pozitif,train,hedefli:boyut,1,"Bn*,Pp,Qp",,,pozitif,pozitif,negatif,,,boyut,1
5126,hem ekonomik hemde kaliteli bir temizleyici. kesinlikle işini çok iyi görüyüor. pahalı markaları düşünmeyin pile,pozitif,val,rastgele,1,"Fp,Qp",,pozitif,pozitif,,,,,,0
5127,bence gayet iyi yeterli bir ürün tek eksik yanı ekranı küçük eğilip bakmadan parça ismi okunmuyor buda mecburiyetden ekran büyük olursa cihazda büyüyecek dolayısıyla mecbur küçük yapılmış bu fiyata çok güzel bir ürün tavsiye ederim,pozitif,train,hedefli:satici,1,"Qp,Bn,Fp",,pozitif,pozitif,,negatif,,,,0
5128,kulaklığı kullanmak diğer kulakta kullanılan cihazlara göre çok daha rahat.,pozitif,val,rastgele,1,Pp,,,,pozitif,,,,,0
5129,"arkadaşlar arabam gri renk, kılcal çizikleri kapatıyor ama zaten ince çizikler görünmüyor bence gerek yok para vermeye,belki koyu renklerde daha etkilidir.",negatif,val,rastgele,1,"Qn*,Fn",,negatif,negatif,,,,,kalite,1
5130,yani bu makinenin hiçbir artı yanı yok. fazla yoruma da gerek yok aslında. rowenta bildiğiniz süpürmeyen süpürge imal etmiş.,negatif,val,rastgele,1,Qn,,,negatif,,,,,,0
5131,ürün cok kaliteli ve en uygun fiyat tesekkurler,pozitif,val,rastgele,1,"Qp,Fp",,pozitif,pozitif,,,,,,0
5132,"kokusu hakkında yorum yapmaya gerek yok, bildiğim bir kokuydu fakat kalıcılığının bu kadar zayıf olacağını tahmin etmemiştim. sonuçta orjinal deniyo ama kalıcılığı çok zayıf. gün boyu kokusu üzerinizde kalsın istiyorsanız günde 4 - 5 defa kullanmanız gerekir.",negatif,train,rastgele,1,Pn,,,,negatif,,,,,0
5133,15 yaşındaki oğlum için aldım çok iyi baba bir tak istersen  diyor,pozitif,train,rastgele,1,Qp,,,pozitif,,,,,,0
5134,"ürün resmen telefona göre küçük, spigen kalitesine yakışmayan bir malzeme olmuş. yıllardır spigen kılıf ve koruyucu kullanan birisi olarak tavsiye etmiyorum. ürünü uygulamadan telefonun üstüne koyduğumda bu tuhaflığı gördüm ve hemen iade ettim. tavsiye etmiyorum.",negatif,train,hedefli:satici,1,"Bn,Qn",,,negatif,,negatif,,,,0
5135,telefon iyi yalniz icindeki rom cin romu oldugu icim bazi alanlarda ingilizce ve cin ce karakterler gorunmekte ve bu can sıkıyor...,negatif,val,rastgele,1,"Qp,Pn",,,pozitif,negatif,,,,,0
5136,bu tip ürünleri set olarak almak daha mantıklı. hem daha ucuza alınıyor hemde her dönem için elinizde ürün bulunuyor.bebek büyüdükçe  biberon boyutunuda değiştirmek gerekiyor. bir delikli 120 ml ile başlayıp zamanla 240 ml 3 delikli biberona geçmeniz gerekiyor.,pozitif,train,rastgele,1,Fp,,pozitif,,,,,,,0
5137,"livanelinin eserleri tartışılmayacak derecede akıcı ve mükemmel , kitabın sonunda beklenmedik şeylerle şaşırtması harika olmuş ...",pozitif,val,rastgele,1,Qp,,,pozitif,,,,,,0
5138,ara ara açılmalar oldu evet ama yüzde 10 belki,negatif,train,hedefli:kelime_yok,1,Qn*,,,negatif,,,,,kalite,1
5139,çok aşırı sesli çalışıyor rahatsız edici ilkkullanmaya başladıgınızda hatta bozuk zannedebilirsiniz.,negatif,train,rastgele,1,Pn,,,,negatif,,,,,0
5140,ancak şuda varki bebek ciltleri farklı olduğu için bir cildi pişik yaparken diğerine yapmaya bilir bu yüzden her bebek için iyi diye bir kaide yok.,pozitif,train,hedefli:kelime_yok,1,0,,,,,,,,,0
5141,"arkadaşlar samoyed cinsi köpeğim var her şeyi yer bu mamayı da yedi ama ödül maması olarak kullanılmıyor, çünkü çok istekli değil pek sevmedi",negatif,train,rastgele,1,Qn,,,negatif,,,,,,0
5142,kargo hızı ve geri iade kabulu için hb teşekkür ediyorum. fakat ürünü telefonumda kullandığım şarj aletimle şarj ettim ve şuan orjinal şarj aletim kullanılamaz halde tavsiye etmiyorum kesinlikle,negatif,train,hedefli:satici,1,"Kp,Sp,Qn",pozitif,,negatif,,,,pozitif,,0
5143,urun guzel boyutu bıraz buyuk ama kafese oturdu geldiği gibi muhabbet kusum ıcınden yeminı yedi ılk basta tedirginlik oldu tabiî,pozitif,train,rastgele,1,"Qp,Bn*",,,pozitif,,negatif,,,boyut,1
5144,"acilen tüm ürünlerinizi toplatın lütfen, paramıza yazık olmasın diye mecbur kullandık ama hep dışarı sızdırıyor, hiç olmadı yakışmadı size prima yetkilileri....",negatif,val,rastgele,1,Qn,,,negatif,,,,,,0
5145,"ürünü ön yargılarımla almıştım çünkü burada bikaç kişi sesleri hiç engellemiyor falan yazmıştı, gayet engelliyor. salondan gelen televizyon ve muhabbet sesi, dışarıdan gelen çoluk çocuk sesi bunu takınca kesiliyor. kötü yorum yapanlar büyük ihtimal doğru düzgün takamıyanlardır.",pozitif,train,rastgele,1,Qp,,,pozitif,,,,,,0
5146,"canan hn.a cok tesekkurler.herkesin diyetisyenim dediği  bugünlerde bizleri aydınlatti.gecmis alışkanlıklardan kurtulmak zaman alacaksa da sağlığımızı düşünerek,  bunu yapmalıyız.okunmasi kolay, konuşma dilinde yazılmış, elimizin altında bulunması gereken bir kitap.",pozitif,val,rastgele,1,Qp,,,pozitif,,,,,,0
5147,"elektrik yokken pille de çalışsa ve ses kalitesi biraz daha iyi olsa 5 yıldızı hak edecekti. hepsiburada.com için yorum yapma gereği bile duymuyorum artık. yıllardır alışveriş ederim buradan, işlerinde gayet iyiler.",pozitif,val,rastgele,1,"Pn,Sp",,,,negatif,,,pozitif,,0
5148,memnun değilim yeni primadan sızdırıyor ve kötü kokuyor,negatif,val,rastgele,1,"Qn,Pn",,,negatif,negatif,,,,,0
5149,"cihaza gelirsek, ürünün kutusu ambalajı gayet iyi. kurulumu oldukça basit. i̇lk kullanımdan önce sürahi ve filtreyi güzelce yıkadım, ardından 3 sürahi suyu boş geçirdim. kullanma kılavuzunda (türkçe bölüm var) ölçekler hakkında bilgi var.",pozitif,train,rastgele,1,"Kp,Pp",pozitif,,,pozitif,,,,,0
5150,zevkli bir alışveriş oldu benim için.memnunum gelen malzemelerden teşekkürler hepsiburada.,pozitif,val,rastgele,1,Qp,,,pozitif,,,,,,0
5151,kediniz var isede sıkıntı yok hayvan hiç rahatsız olmuyor. 3 yıldır evimde ne böcek öldürdüm nede gördüm yani cihaz öldürmüyor mahalden uzaklaştırıyor.,pozitif,train,rastgele,1,Qp,,,pozitif,,,,,,0
5152,herkese adem hocanın diğer kitaplarını da tavsiye ediyorum,pozitif,val,rastgele,1,0,,,,,,,,,0
5153,bende bu ürünü 5 ay önce aldım uzun zamandır kullanıyorum.o kadar kalıcı olduğu söylenemez bile.kişiden kişiye mi değişir bilmem. aldğınız zaman görüceksiniz.,negatif,train,rastgele,1,Pn,,,,negatif,,,,,0
5154,bu ürünü hbden aldım. 2 gün sonra elime ulaştı. hoş bi kokusu var. daha önce kullandığım kokuların yanında vazgeçilemez olduğunu gösterdi. çabuk bitecek gibi de değil. tavsiye ederim..,pozitif,val,rastgele,1,"Kx,Pp",nötr,,,pozitif,,,,,0
5155,"ürününü aldım hemen kullandım, motor sesinde bir azalma hissettim ama amacının motor temizliği olduğunu unutmamak adına bir mucize beklemeyin. fakat arada böyle ürünleri  alıp kullanmakta fayda var diyorum.",negatif,val,rastgele,1,Qp,,,pozitif,,,,,,0
5156,öncellikle hepsi burada ya hızlı teslimatı için teşekkür ederim.ürünü şüddetle tavsiye ederim.tek sorunu saaatin kordonu biraz büyük ama isteğe göre kısaltılabiliyor.bu fiyata göre kaliteli ürün.,pozitif,train,hedefli:kargo,1,"Kp,Bn,Fp,Qp",pozitif,pozitif,pozitif,,negatif,,,,0
5157,ürün gayet güzel dayanıklı duruyo alacaklara tavsiye ederim,pozitif,val,rastgele,1,Qp,,,pozitif,,,,,,0
5158,ürünü sipariş verdim 2 gün içinde geldi. kullandım bence harika bir ürün 1-2 dk da hiç can acıtmadan bütün sakalınızı kesebilirsiniz.,pozitif,train,rastgele,1,"Kx,Qp",nötr,,pozitif,,,,,,0
5159,kullanmaya başladığınız günden itibaren kokusuna aşık olacaksınız.eğer birisi bu parfümü size tavsiye etmiyorsa tek sebebi sadece kendisi kullanmak istiyordur.hem yaz hem kış kullanılabilir ancak sıcak havalarda kullanmazsanız daha iyi diye düşünüyorum.kalıcılığı çok iyi.,pozitif,val,rastgele,1,Pp,,,,pozitif,,,,,0
5160,henüz teslim aldım ve gerçekten itici bir koku değil aksine merak uyandırıcı çekici bir koku. mütevazi fazla gösteriş peşinde olmayanlara tavsiye ederim,negatif,train,hedefli:kargo,1,Pp,,,,pozitif,,,,,0
5161,hepsı buradanın kalıte anlayısı bır baska gerekse satıs oncesı gerekse sonrası musterı hızmetlerıne yazılan mesajlara hemen ve acıklayıcı cvb ıle gerı donulmesı ilgi ve alaka gerekse ucret bulundugunuz yerdekı hıcbır pıyasada bulunmaz tesekkurler hepsı burada aılesı,pozitif,val,rastgele,1,"Sp,Fp",,pozitif,,,,,pozitif,,0
5162,arkadaşlar telefon cok cok güzel denilecek kadar güzel değil ben aldım. artıları var ama bu telefona neden görüntülü konuşma koymamışlar anlayamadım doğrusu biraz yavaş çalışıyor. arasıra tutukluluk yapıyor daha taksitleri bitmedi ama değiştirmeyi düşünüyorum beğenmedim doğrusu,negatif,train,hedefli:gorunum,1,"Qn,Pn",,,negatif,negatif,,,,,0
5163,ürünü birkaç gündür kullanıyorum karma bir cildim var ve yüzümü yıkadıktan sonra yumuşacık yapıyor :) henüz sivilcelerimi azalttı ya da faydası yok diyemem ama cildi temizlediği ve yumuşacık yaptığı kesin :),pozitif,val,rastgele,1,Qp,,,pozitif,,,,,,0
5164,kullanilmis tuslari yipranmis kuf kokan urun gonderildi. hesaplisepetimden alinan urun,negatif,train,hedefli:kelime_yok,1,"Sn,Qn",,,negatif,,,,negatif,,0
5165,"ürüne 2 yıldız verme sebebim; konuşan diyor, fakat sesini duyamıyoruz. yanına kadar gidip dinlediğimde bile anlaşılmayacak bir bayan ses tonu ile konuşuyor. altında ses için minimum-maximum ayarı var. oradan da açtım ama her iki ayarda da ses seviyesi aynı.",negatif,val,rastgele,1,Pn,,,,negatif,,,,,0
5166,03.12.2015- 11.30 da şipariş verdim. ertesi gün 9.30 da horoz lojistik aradı. teslimat son derece hızlıydı. ek olarak ürün kurulum gerektirdiği için servis i aramalısınız. bu sayede garantisi bozulmamış olur cihazınızın. almayı düşünenlere 3 programlı yerine bunu almalarını tavsiye ederim.,pozitif,val,rastgele,1,Kp,pozitif,,,,,,,,0
5167,"harry potterın bu son kitabı bence okunmaya değer, harry potterın diğer kitaplarındaki sorular bu kitapta cevaplarını buluyor. fantastik kitap severlere kesinlikle bu kitabı kaçırmamalarını öneririm.",pozitif,train,rastgele,1,Qp,,,pozitif,,,,,,0
5168,"telefon elinize alınca zarif ve ince hissi veriyor, ama düşmesi ve darbe alınca dayanıksız çıkar mı diye düşündürüyor ama ben bunu test etmedim.",pozitif,val,rastgele,1,Gp,,,,,,pozitif,,,0
5169,bebeğimize 1 seneye yakındır kullanıyoruz herhangi bir alerji vs yaşamadı. kokmadan kullabileceğiniz kendisini kanıtlamış bir marka.,pozitif,train,rastgele,1,Qp,,,pozitif,,,,,,0
5170,ürünü sipariş verdim ertesi gün kargo ile geldi. horoz lojistik daireye kadar çıkarıyor makineyi ve vestelin servisi ücretsiz şekilde kurulumunu yapıyor. 2 sene garantili. çalışması güzel herhangi bir problemi yok. bu parayada fazla ütopik şeyler beklememek lazım.,pozitif,train,hedefli:satici,1,"Kp,Sp,Qp,Fp",pozitif,pozitif,pozitif,,,,pozitif,,0
5171,yıllardır tv takip ediyorum.o kadar lg tv aldım bu modeli hiç beğenmedim her şeyi güzel.renk tonları canlı değil solgun alt yazıları titretiyor.kırmızı renkleri turuncu ile sarımtırak gösteriyor .,negatif,train,hedefli:gorunum,1,"Qn,Pn",,,negatif,negatif,,,,,0
5172,bu fiyata daha özellikli telefonlar var. ters dönme özelliği sistemi yavaşlatıyor ama meraklısı için iyi telefon.,negatif,train,rastgele,1,"Fn,Pn",,negatif,,negatif,,,,,0
5173,çok da iyi olmasa da şimdilik idare eder.herhangi bir krem sürdükten sonra kullanınca daha etkili oluyor.i̇yi bir masörün yerini hiçbir şey tutmaz.,negatif,val,rastgele,1,Qn*,,,negatif,,,,,kalite,1
5174,urunu yorumlara bakarak aldim sokak kopekleri icin malesef yemiyorlar üc tane kopege verdim agzina bile vurmadi 15 kilo elimde kaldi,negatif,train,rastgele,1,Qn,,,negatif,,,,,,0
5175,arkadas tavsiyesiyle aldim kitabi. anlatimi kolay anlasilir. kesinlikle bakis acinizi degistirir. adem gunes in yakin takipcisiyim bundan sonra.,pozitif,train,rastgele,1,Qp,,,pozitif,,,,,,0
5176,ürün gelir gelmez kullandım çok hızlı düzleştiriyor kesinlikle tavsiye ederim,pozitif,val,rastgele,1,Qp,,,pozitif,,,,,,0
5177,ayrıca cihazda mikrofon girişi var fakat full dublex olmadığı için msn ve benzeri programlarda sohpet amaçlı kullanılamıyor buna dikkat edin.,negatif,train,hedefli:kelime_yok,1,Pn,,,,negatif,,,,,0
5178,"parçaları gayet yeterli, hemen her boy mevcut. vakum çekme aparatı sağlama benziyor.i̇ndirimli fiyatı ile her evde bulunması gereken bir ürün",pozitif,train,rastgele,1,"Qp,Fp",,pozitif,pozitif,,,,,,0
5179,anlamadııgm sey set dıyıncce 1 adet yanı 1 kol ıcın toplam 24kg mı yoksa 2 kol ıcın toplam 48 kgmı yanı 2 el ıcın 2 tanemı almak gerekıyor yoksa bır tanemı onu anlayamadım,negatif,val,rastgele,1,0,,,,,,,,,0
5180,duracell kalitesi tartışılmaz özellikle 5 yıl garantili olanları tercih edin. yeni nesil piller sayesinde şarj olduktan sonra 1 yıl boyunca şarjını %75 80 koruyor.,pozitif,train,hedefli:satici,1,Qp,,,pozitif,,,,,,0
5181,paket içeriğinde vakum harici ayrıca vidalama aparatı mevcut. fakat bu aparat ile sabitlendiğinde gönyede duruyor. ürün kalitesi iyi. fiyat ise ortalama. 4/5 diyebilirim.,pozitif,train,rastgele,1,"Qp,Fx",,nötr,pozitif,,,,,,0
5182,bende ucuz diye aldim lakin taban olsun tipi olsun biraz pasif kaldi.,negatif,train,rastgele,1,"Fp,Qn,Gn",,pozitif,negatif,,,negatif,,,0
5183,ürün esnek fakat yürürken ve haraket ederken aynen soğuk içerde üşütüyor.bence abartılı soğuk geciyor .ürün alt içlik.,negatif,train,rastgele,1,Qn,,,negatif,,,,,,0
5184,sanırım en iyi yanı fanı. kış aylarında yeterli olabilecek gibi çalışıyor. fakat onun dışında tamamen işlevsiz bir ürün. tavsiye etmem...,negatif,train,rastgele,1,Qn*,,,negatif,,,,,kalite,1
5185,"cihazı bir ay kadar önce aldım. görüntü kalitesi gayet iyi bir çok hd kanal var. kanal geçişleri normal. gönül rahatlığı ile alabilirsiniz,",pozitif,train,hedefli:gorunum,1,Pp,,,,pozitif,,,,,0
5186,ürün çok hızlı geldi. ayrıca ürün yaklaşık bir ay önce üretilmiş.  teşekkürler,pozitif,train,hedefli:kargo,1,Kp,pozitif,,,,,,,,0
5187,ürün eli̇me ulaşti yalniz beden kaliplari çok geni̇s gali̇ba bana kendi̇ bedeni̇mde almama rağmen 2 beden  büyük geldi̇ hemen geri̇ pakete koyup hemen ertesi̇ gün i̇ade i̇çi̇n kargoya verdi̇m güveni̇li̇r bi̇r marka olduğunu düşünüyorum umarim i̇ade i̇şlemleri̇nde bi̇r sikinti çikmaz.,negatif,train,rastgele,1,Bn,,,,,negatif,,,,0
5188,i̇ştahla yiyorlar. ambalajında uzun süre saklamak zor olduğu için hemen kapalı bir kutuya aktarıyorum hepsini. o zaman aromasını kaybetmiyor.,pozitif,train,rastgele,1,Qp,,,pozitif,,,,,,0
5189,sundugu için hepsiburadaya teşekkür ediyorum ve bütün alış verişlerimi burdan yapmayı düşünüyorum.tekrar tekrar teşekkür ederim hepsiburada com.,pozitif,train,hedefli:kelime_yok,1,0,,,,,,,,,0
5190,aslında sağlam ürün olsada benim için kullanışlı değildi.beğenmediğim için iade ettim.24 saat geçmeden iade işlemim gerçekleşti.teşekkürler ''hepsiburada''.,negatif,train,hedefli:satici,1,"Qn*,Pn,Sp",,,negatif,negatif,,,pozitif,kalite,1
5191,"çöpe atıcak paranız varsa bunu alabilirsiniz. fabrika hataları çok , kurulum şeması yanlış vida yerleri yanlış. mahalle marangozunuzda yaptırmanızı tavsiye ederim.",negatif,val,rastgele,1,"Fn,Qn,Pn",,negatif,negatif,negatif,,,,,0
5192,ben yorumları okuyarak aldim. alirken korkmustum ama cihaz vedelinin hakkini veriyor ben kesinlikle tavsiye ederim.,pozitif,train,rastgele,1,Fp,,pozitif,,,,,,,0
5193,"3 senedir kullanıyorum,değerinden hiç bir şey kaybetmeyen,fiyatı 3 yıl geçmesine rağmen artan bir ürün.saçınızı kırmayan,200 derecede bile saçınızı yakmayan çok kullanışlı bir ürün.kullanırken elinizi de yakmıyor.tek kusuru çantası olmaması...",pozitif,train,rastgele,1,"Qp,Pp,Sn",,,pozitif,pozitif,,,negatif,,0
5194,telefonun tek endişelendiriyor sıkıntısı bataryasiydi  o da güç tasarrufu açınca çok iyi gidiyo,pozitif,train,rastgele,1,Qp,,,pozitif,,,,,,0
5195,i̇lk kutudan çıkışı kutu içeriği ve kendisi maşallah çok şık 110 üzerinden 110 iyi falan verenler neyin kafasını yaşamışlar merak ettim.bendede ilk dili malezya geldi iki google aramasıyla dil nedemek öğrenip girdim türkçeye değiştirdim zormu bukadar aldığın teknolojiyi kullanmak.,pozitif,train,hedefli:gorunum,1,Gp,,,,,,pozitif,,,0
5196,ürün sorunsuz elime ulaştı henüz kurmadım ama fiyatı çok iyi. hepsiburadaya ve tedarikçi firmaya tşk ederim..,pozitif,train,hedefli:satici,1,"Kp,Fp",pozitif,pozitif,,,,,,,0
5197,kokusundan mest in yanına yaklaşılmıyor. kullanmak mümkün değil . hepsiburada' ya yakışmadı.,negatif,train,rastgele,1,Pn,,,,negatif,,,,,0
5198,uygulamasıda gayet güzel çalışıyor mesaj gelince nerden geldiğini söylüyor biri aradığında titriyor tek tuşla cevaplama sonra aramayı kapatma kullanışlı.,pozitif,val,rastgele,1,Pp,,,,pozitif,,,,,0
5199,almiş olduğum ariel toz çamaşıt deterjanı dağ esintisi 9 kg iyi. ancak 7 kg lık parlak renkler 7 kg makinenin hazinesinde bir kısmı top olarak kalıyor.,negatif,val,rastgele,1,Qp*,,,pozitif,,,,,kalite,1
5200,bugüne kadar denediğim tel taraklarla karşılaştırıldığında ezici bir üstünlük sağlıyor diyebilrim. ilk kullanımda farkı gördüm. klasik taraklarla zaman ve para kaybetmeyin. çok başarılı bir ürün.,pozitif,val,rastgele,1,Qp,,,pozitif,,,,,,0
5201,kurulumu hiç de kolay değil göründüğü kadar güzel değil,negatif,val,rastgele,1,"Pn,Gn",,,,negatif,,negatif,,,0
5202,ürün güzel kedilerim zevkle yedi lakin kargoya çok geç verildi. ürünün elime ulasmasi 1 haftadan fazla sürdü,pozitif,train,hedefli:kargo,1,"Qp,Kn",negatif,,pozitif,,,,,,0
5203,"ürün kaliteli, ebatları ideal alınabilir. hepsiburadadan acelesi olmayanlar alışveriş yapmasını tavsiye ederim.ürün 3 günde kargolandı 1 gün sonrada elime geçti.",negatif,train,hedefli:boyut,1,"Qp,Bp,Kn",negatif,,pozitif,,pozitif,,,,0
5204,"kargo süresi, ürün malzeme kalitesi, kurulum kolaylığı ve farklı kademe saçenekleri bakımından tavsiye ederim. tek eksiklik gördüğüm nokta yatar pozisyona tam gelmemesi.",pozitif,train,hedefli:satici,1,"Kp,Qp,Pp*",pozitif,,pozitif,pozitif,,,,performans,1
5205,ürün elime geçtiği gibi kullandım özellikle sert bir mobilya ağacında denedim hiç zorlanmadan sonuna kadar zımba telini çaktı ayrıca çift zımba tel atması çok iyi bir avantaj kesinlikle tavsiye ederim.,pozitif,train,rastgele,1,"Qp,Pp",,,pozitif,pozitif,,,,,0
5206,ürün çabucak elime ulaştırıldı iyi paketlenmişti teşekkürler hepsiburada,pozitif,train,rastgele,1,Kp,pozitif,,,,,,,,0
5207,"bir senedir evde spor yaparken kullandığım matı arkadaşım için de sipariş verdim kısa sürede elimize geçti. pikniklerde ve sahilde de kullanılabilecek kalitede bir ürün, tavsiye ederim.",pozitif,val,rastgele,1,"Kp,Qp",pozitif,,pozitif,,,,,,0
5208,bir hafta oldu alalı mobil aga baglanmıyor ısınıyor jarzı desen 1 gün bile dayanmıyor bin pişman oldum aldığıma,negatif,train,hedefli:gorunum,1,"Pn,Qn",,,negatif,negatif,,,,,0
5209,her kapıya uymlu değil.i̇çindeki süngerler paketleme sırasında katlandığı için kırılabiliyor.ayrıca renk siyah.,negatif,train,rastgele,1,"Pn,Qn,Gx",,,negatif,negatif,,nötr,,,0
5210,kutu icerigi bos sadece anakart 2 sata kablo ve cd cikiyor,negatif,val,rastgele,1,Sn,,,,,,,negatif,,0
5211,arçelik markası ile arasında sadece fiyat farkı var gerisi aynı.. hacim işlevsellik gayet yeterli düşünmeden alabilirsiniz. teslimat hızı için ayrıca teşekkürler ..,pozitif,val,rastgele,1,"Fp,Bp,Qp,Kp",pozitif,pozitif,pozitif,,pozitif,,,,0
5212,i̇ki ay önce oğlum için aldığım ürünün emzik ucunda oluşan kokudan dolayı kullanmayı bırakıyoruz. hazne kısmında koku olmadı ama ucu çok kötü.,negatif,train,rastgele,1,Qn,,,negatif,,,,,,0
5213,çok şık ve kullanışlı... montajı çok kolay... çok hafif... temizlik yaparken hiç sıkıntı olmuyor... ben çok beğendim; bir de arkadaşımın annesine aldık...,pozitif,val,rastgele,1,"Gp,Pp,Bp,Qp",,,pozitif,pozitif,pozitif,pozitif,,,0
5214,"ürün çok çabuk elime ulaştı ve fiyatı çok uygun,begendim .uygun miktarda kullanırsanız beyazlık bırakmıyor.tavsiye ederim.",pozitif,train,rastgele,1,"Kp,Fp,Qp",pozitif,pozitif,pozitif,,,,,,0
5215,üründe parfüm kokusundan başka bişey yok deodorat sıkın daha iyi,negatif,val,rastgele,1,Qn,,,negatif,,,,,,0
5216,mor rengini aldık resimdeki gibi değil rengi hafif açık renkli geldi bu rengi tercih edeceklerin  bilgisi olsun...,negatif,train,hedefli:gorunum,1,Gn,,,,,,negatif,,,0
5217,ürünü yaklaşık olarak 6 ay önce aldım. kullanırken biraz acıyı hissetmeniz lazım yoksa tüyleri dökmüyor. döküldü diye sevinirken aynı yerden tekrar çıkmaya başlıyorlar. kesin sonuç mu??? kesinlikle degil. sadece cıkma süresi biraz daha gec oluyor olay bu .........,negatif,val,rastgele,1,Qn,,,negatif,,,,,,0
5218,ürün fiyatına göre iyi çok büyük beklenti içinde olmayın fakat bu fiyata başka yerde bulamıyorsunuz eşinizin hevesini almak ve çok para vermek istemiyorsanız ala bilirsiniz,negatif,val,rastgele,1,Fp,,pozitif,,,,,,,0
5219,hem alez hem yorgan-yastık aldım ikisi de kötü tavsiye etmem,negatif,val,rastgele,1,Qn,,,negatif,,,,,,0
5220,gerek plastigi gerek ses seviyesi herşeyi ile.berbat kus sesi var moledi olarak sakın almayjn,negatif,val,rastgele,1,"Qn,Pn",,,negatif,negatif,,,,,0
5221,ürün kullanışlı fakat sağlam değil aldığımın 2. haftasında üstteki dikiş kısımları yırtıldı fakat hepsiburadanın müşteri memnuniyeti o kadar iyiki ürünü 1 ay geçmesine rağmen ücret iadesi yaptılar. yani aldığınız ürün sağlam çıkarsa gerçektende şanslısınız fakat sağlam çıkmazsada şanslısınız...,negatif,train,hedefli:satici,1,"Pp,Qn,Sp",,,negatif,pozitif,,,pozitif,,0
5222,ürünün katlanabilir olmadığından sürekli açık kalıyor ve dolayısıyla çok yer kaplıyor. katlayıp kaldırma imkanınız yok. alırken bunu göz önünde bulundurun derim.,negatif,train,hedefli:kelime_yok,1,"Pn,Bn",,,,negatif,negatif,,,,0
5223,"torbasız haznesi ve gücü sayesinde büyük temizliğimizi kolay yapıyorum ve hiç yer kaplamıyor ufacık, büyük süpürgemden tek farkı pratik olması :) artık büyük süpürgemi çıkarmıyorum gerek kalmadı teknolejiyi takip eden hepsiburadaya çok teşekkür ederim.",pozitif,train,hedefli:boyut,1,"Pp,Bp,Qp",,,pozitif,pozitif,pozitif,,,,0
5224,kalite denince akla gelen hepsi burada.com.. arayıpta yokmuş dediğim hiç birşey olmadı. teşekkürler,pozitif,train,rastgele,1,Sp,,,,,,,pozitif,,0
5225,"sonaxın çizik giderici cilası kadar iyi olmasa da, uygulaması daha basit ve yıkamadan sonra yıkamacıya bile yaptırabileceğiniz çok güzel bi ürün. tavsiye ederim.",pozitif,train,hedefli:kelime_yok,1,"Qp,Pp",,,pozitif,pozitif,,,,,0
5226,"telefon iyi güzel de sar değeri gerçekten çok yüksek 1,36, sağlığınız için bir kez daha düşünün.",negatif,val,rastgele,1,"Qp,Pn",,,pozitif,negatif,,,,,0
5227,bu pilleri okulumuzda ki mikrofonlarda kullanıyoruz. gerçekten diğer pillerle arasında dağlarla fark var. diğer piller 2 haftada tükenirken duracell 2 ay dan da fazla bir süre gidiyor. teşekkürler hepsiburada.com bu ürünü bize ücretsiz kargo seçeneği ile gönderdiğin için..,pozitif,val,rastgele,1,"Qp,Kp",pozitif,,pozitif,,,,,,0
5228,cok hizli kargo cuma siparis verdim cumartesi ögle elimde marketlerden nerdeyse %60 daha hesapli iyi  ki varsiniz tesekurler,pozitif,val,rastgele,1,"Kp,Fp",pozitif,pozitif,,,,,,,0
5229,"öneri ve yorumlar üzerine büyük hevesle almıştım lakin hiçte beklediğim gibi olmadı. kitap çok sıkıcı. zaten başlar başlamaz sıkmaya başlıyor insanı. ne anlattığı, ne sonu hiçbirşeyi belli değil. boşu boşuna vakit kaybı.",negatif,train,hedefli:boyut,1,Qn,,,negatif,,,,,,0
5230,"radyoyu ailece evde dinlemek için aldık, çok güzel, kibar, kanalları güzel çekiyor, basit bir yapısı var, tavsiye ederim.",pozitif,train,hedefli:kelime_yok,1,"Qp,Gp,Pp",,,pozitif,pozitif,,pozitif,,,0
5231,ürünü mağazada gördüm performansını bilmiyorum ama arzum markasını normal ütümüzde gördüğüm kadarıyla çok iyi 10 yıl sorunsuz kullandık ama benim uyarım bu ütü çok küçük ancak seyehatler için uygun olur.,negatif,train,hedefli:satici,1,Bn,,,,,negatif,,,,0
5232,menü açılmıyor arka kamera kayıt yapmıyor park modu için ayrı bir kablo istiyor sigortaya bağlamak için bunların dışında görüntü kalitesi mükemmel,negatif,val,rastgele,1,Pn*,,,,negatif,,,,performans,1
5233,"satın almadan önce derin araştırma yaptım, almayı düşünen arkadaşlara tavsiyem ; vakitlerini düşünerek ve araştırma yaparak harcamasın.",pozitif,train,rastgele,1,0,,,,,,,,,0
5234,kuru ve ıslak olarak denedim.kuru olarak çok iyi kesti.bu tür makineleri ilk defa kullandığım için diğerleriyle kıyaslama yapamıyorum. ama benim beklentimi karşıladı.,pozitif,val,rastgele,1,Qp,,,pozitif,,,,,,0
5235,kıllarınız çok güçlüyse denemeyin öle bi acı şekli yok,negatif,val,rastgele,1,Qn,,,negatif,,,,,,0
5236,ürünü alırken boyutun dikkat edin. ben büyük lastik diye aldım. küçük lastik çıktı,negatif,train,hedefli:boyut,1,Bn,,,,,negatif,,,,0
5237,"çekme mesafesi haricinde iyi.3-4 m den sonra çekim gücü azalıyr ve cızırtılar artıyor.ama kullanışı,görüntüsü olarak iyi.zaten telefon genelde yanımda diyorsanız tercih edebileceğiniz bi ürün.",pozitif,train,hedefli:gorunum,1,"Pn*,Gp",,,,negatif,,pozitif,,performans,1
5238,10 mayis anneler günü i̇çi̇n ayni gün di̇ye tesli̇mat di̇ye 7 mayis gunu verdi̇ği̇m si̇pari̇ş 11 mayista anneler gününden sonra tesli̇m edi̇li̇yor. aceni̇z yoksa si̇apri̇ş veri̇n,negatif,train,hedefli:gorunum,1,Kn,negatif,,,,,,,,0
5239,cep telefonları için süper. ayrıca burada oldukça uygun fiyatlı.,pozitif,train,rastgele,1,"Qp,Fp",,pozitif,pozitif,,,,,,0
5240,öncelikle bu güzel ürüne sahip oldugum icin cok tsk ederim hepsiburada.com herkeze kesinlikle tavsiye ediyorum büyük bi keyifle evimde latte mi bol köpüklü nescafe mi icebiliyorum. alirsaniz pisman olmiyacaginiz bir ürün.,pozitif,train,hedefli:boyut,1,Qp,,,pozitif,,,,,,0
5241,"bu fiyata lg almak zor. çok iyi fiyat, çok güzel televizyon.",pozitif,val,rastgele,1,"Fp,Qp",,pozitif,pozitif,,,,,,0
5242,"arkadaşlar indirimden aldım,çok bi beklentim yoktu fakat beni çok şaşırttı, giyer giymez farkı hissettiriyor, eşimle birlikte aldık çok beğendik. boyum 178  kilo 83 ve xl aldım hafif bol geldi benden kesimi de güzel tavsiye ederim",pozitif,train,hedefli:boyut,1,"Fx,Qp,Bn",,nötr,pozitif,,negatif,,,,0
5243,"sandisk ürünlerini de kullanıyorum fakat lexar bence alanında öncü olmalı. çok kaliteli bir kart, go pro hero 4 silver edition ile uyumu süper.",pozitif,val,rastgele,1,"Qp,Pp",,,pozitif,pozitif,,,,,0
5244,tek seferlk bir tatil için alınabilir.tatil dönüşünde valiziniz sağlam kalmayabilir:),negatif,val,rastgele,1,Qn,,,negatif,,,,,,0
5245,"daha önce bu ürünü kullandım köpeğim çok sevdi, her defasında bu mamayı kullanıyorum. köpeğim golden cinsi 8 aylık herhangi bir sorun oluşmadı ve çok sevdi",pozitif,train,hedefli:kelime_yok,1,Qp,,,pozitif,,,,,,0
5246,telefona gelen aramalar 10 saniye sonra gözüküyor ve o sırada arama süresi bitmiş oluyor. yani gelen hiçbir aramayı cevaplayamıyorsunuz geri aramak zorunda kalıyorsunuz. yabancı forumlarda bu durumu araştırdım lenovo forumu dahil hala bir çözümü yok en kısa sürede iade edeceğim.,negatif,train,hedefli:satici,1,Qn,,,negatif,,,,,,0
5247,gözden kaçırdığımız ince detayların fotoğrafta nasıl büyük etkiler yarattığını en kolay yoldan anlatan bir kitap...,pozitif,train,hedefli:boyut,1,Qp,,,pozitif,,,,,,0
5248,"hafifliği, başlık çeşitliliği, gücü, kullanım kolaylığı ve uygulama sonucu ile son derece başarılı buldum. umduğumdan çok daha iyi bir ürün çıktı...",pozitif,train,rastgele,1,"Bp,Pp,Qp",,,pozitif,pozitif,pozitif,,,,0
5249,kesinlikle alan pişman olmaz. şimdi bu ürünün 20000 yada daha fazla mah. çıkarmasını bekliyorum.,pozitif,train,rastgele,1,Qp,,,pozitif,,,,,,0
5250,"ürün hemen geldi, hanım memnun kaldı, daha ne olsun, sizlerin sayesinde marketler de kendine çeki düzen versin artık. rekabet her zaman iyidir",pozitif,val,rastgele,1,"Kp,Qp",pozitif,,pozitif,,,,,,0
5251,fiyat emsallerine göre çok makul kaçırılmaz fırsat bence. site kendisi de indirim yaptı 5 günde geldi güzel alışverişti.,pozitif,train,rastgele,1,"Fp,Kx",nötr,pozitif,,,,,,,0
5252,çok kaliteli sprey hesabını yaparsanız fiyatının çok ta uygun olduğunu göreceksiniz.,pozitif,train,rastgele,1,"Qp,Fp",,pozitif,pozitif,,,,,,0
5253,prima 1 ve 2 numarada sorun yoktu ama 3 numara çok ağır plastik kokuyor.,negatif,train,rastgele,1,Pn,,,,negatif,,,,,0
5254,ürünü bir arkadaşımda gördüm beğendim.fiyatını da duyunca hemen internetten sipariş ettim.3 gün içerisinde elime sorunsuz bir şekilde ulaştı.güvenli ve kaliteli alışverişe herzaman varım.teşekkürler,pozitif,train,rastgele,1,"Qp,Fp,Kp",pozitif,pozitif,pozitif,,,,,,0
5255,beklediğimden kötü geldi. kalıcılık neredeyse hiç yok diyebilirim. paranızı boşa harcamayın.,negatif,val,rastgele,1,"Qn,Pn,Fn",,negatif,negatif,negatif,,,,,0
5256,"süpürge önce arıştırdım. philips de 599tl satılıyor.site fiyatı ınalmaz düşük için zaten çok güzel bir firsat oldu. süpürge çok salam çekitor, (sesi biraz falza doğru)ben ürün çok beğendım. iyiyki almışım..",pozitif,train,rastgele,1,"Fp,Pp*,Qp",,pozitif,pozitif,pozitif,,,,performans,1
5257,kalite biraz zayif olsada urun kullanisli ve hos bir urun,pozitif,val,rastgele,1,"Qp*,Pp",,,pozitif,pozitif,,,,kalite,1
5258,günlük kullanımda yeterli olsa da motorsiklet kullanırken diğer çoraplardan farksız.,negatif,val,rastgele,1,Qn*,,,negatif,,,,,kalite,1
5259,açılıp kapanma herşey çok hızlandı. fakat kopyalamkta 60 mb/s geçmedi hdd de aynı hzda kopyalama yapiyor.,negatif,train,hedefli:kelime_yok,1,Pp*,,,,pozitif,,,,performans,1
5260,yorumlara bakarak aldım fakat öyla kalıcı hissedilir bi parfum değil bence  parfümeride bi deneyın.bi de ben siparişi verdikten sonra bi parfümeriye girip denemiştim o gelen kutuya gore daha yoğun bi kokuydu.sankı bu sise seyreltilmiş koku.olmasa da olur bence,negatif,val,rastgele,1,Pn,,,,negatif,,,,,0
5261,tahmi̇ni̇mden çok daha i̇yi̇ ve zari̇f. paketi̇ de özenle yapilmiş. hasarsiz geldi̇. teşekkürler,pozitif,val,rastgele,1,"Qp,Gp,Kp",pozitif,,pozitif,,,pozitif,,,0
5262,prima daha oncede kullandim ama bu kadar kalitesiz bir prima kullanmadik.yapistirma yeri kopuyor.hemen doluyor kalite sifir.tavsiye etmiyorum kimseye,negatif,val,rastgele,1,Qn,,,negatif,,,,,,0
5263,"yorumum onaylanmamış. ürün, usb 3.0 görünümlü, usb 2.0'dan ibaret performans olarak.",negatif,val,rastgele,1,Pn,,,,negatif,,,,,0
5264,ürün görselde ve amacında güzel görünmesine karşın teslimat sonrası bende oluşan izlenim beklediğim sağlamlık ve kullanışta değil. tam anlamıyla memnun kaldım diyemem.,negatif,train,hedefli:gorunum,1,"Qn,Pn",,,negatif,negatif,,,,,0
5265,6 yaşında yeğenime aldım. gerçekten esnek yapısı sayesinde dayanıklı bir ürün. bir süre sonra kullanmaya alışıyorsunuz. gayet başarılı ve fiyat uygun,negatif,val,rastgele,1,"Qp,Fp",,pozitif,pozitif,,,,,,0
5266,var  fakat zaman gectikce degisik ve hos oluyor.bana hediye olarak gelmişti memnun kalmadim .,negatif,train,rastgele,1,Qn*,,,negatif,,,,,kalite,1
5267,yaklasık 1 bucuk sene evvel almıştım yıkanmaya gelmiyor hemen pamukçuklanıyor. ısı konusunda da yetersiz .,negatif,train,hedefli:kelime_yok,1,Qn,,,negatif,,,,,,0
5268,"sağlam kullanışlı ve çok hesaplı. şimdiye kadar aldıklarım içinde en uygunu. mıknatıs kuvvetli ıphone 6 için çok ideal. kılıfın içine giren ince demir hiç farkedilmiyor, kalınlık yapmıyor.  memnunum tavsiye ederim.",pozitif,val,rastgele,1,"Qp,Pp,Fp,Bp",,pozitif,pozitif,pozitif,pozitif,,,,0
5269,"çift katlı vs ürün almayın çok kullanışsız, donuyorum bu montla, ama yağmur geçirmiyor, çok ince alttan rüzgar alıyor, ceplerde ellerin donuyor...",negatif,val,rastgele,1,"Pn,Qn*,Bn",,,negatif,negatif,negatif,,,kalite,1
5270,"üründen teslimat süresinden memnun kaldık.. hem çocukların hem de büyüklerin kullanabileceği türden bir ürün,  kesinlikle tavsiye ederim, boyutu da ev için ideal zannedildiği gibi başınız tavana değmiyor ve aşağıya gürültü de yapmıyor...",pozitif,val,rastgele,1,"Qp,Kp,Bp,Pp",pozitif,,pozitif,pozitif,pozitif,,,,0
5271,"""saçma"" akımının önderi albert camusun bu kült romanını halen okumadıysanız vakit kaybetmemenizi tavsiye ederim. bu kitabı okumanız için tarzını sevmeniz şart değil, kitabı okurken ve bitirdikten sonra düşünmeyi seviyorsanız muhakkak hemen acilen bir tane edinip okumaya başlayın!...",pozitif,train,rastgele,1,Qp,,,pozitif,,,,,,0
5272,hediye puanımla satın almıştım.gerçekten fiyatına göre çok güzel bir kalem.dandik gözüküyo ama çok kaliteli.,pozitif,val,rastgele,1,"Fp,Qp,Gn",,pozitif,pozitif,,,negatif,,,0
5273,kendimede aynısını almayı düşünüyorum.çünkü özellikle hepsi burada fiyat ve taksit imkanı kaçırılmaz bir fırsat,pozitif,val,rastgele,1,Fp,,pozitif,,,,,,,0
5274,2 adet aldım ikiside bir hafta içinde şarj yapmamaya başladı. kaliteli gibi görünsede başarısız.,negatif,train,rastgele,1,Qn,,,negatif,,,,,,0
5275,sadece ergen yaştaki çocukların jilet yerine bu makinayı kullanması yeterli ama her gün kullanmalı 3 gün sonra kullanırsa işe yaramaz,negatif,train,hedefli:kargo,1,Qn*,,,negatif,,,,,kalite,1
5276,150 sayfa kadar okudum çok sıkıcı hayatımda okuduğum en saçma kitaptı tavsiye etmiyorum,negatif,train,rastgele,1,Qn,,,negatif,,,,,,0
5277,şarj sizin için sorunsa hiç düşünmeyin alın. boyut ve kalınlık olarak hemen hemen  iphone 5/5s ebatında.,pozitif,val,rastgele,1,"Qp,Bx",,,pozitif,,nötr,,,,0
5278,"iphone 6 plusa (5.5"") tam oldu, daha büyük ekranlı bi cihaz sığmayacaktır muhtemelen.",pozitif,val,rastgele,1,Bp,,,,,pozitif,,,,0
5279,ürünü aynı marka kum torbasıyla beraber aldım oğlum için .. çok beğendim en büyük oz seçin,pozitif,val,rastgele,1,Qp,,,pozitif,,,,,,0
5280,bu koltuktan aldım 2 sene parça garantili dediler ayaklar yamuldu söyledim kulanım hatası dediler alalı 10 oldu,negatif,train,hedefli:satici,1,"Qn,Sn",,,negatif,,,,negatif,,0
5281,"kalitesi, görüntüsü, ölçüleriyle tam istediğim gibi. gerçekten çok güzel ürünler. gönül rahatlığıyla alabilirsiniz.",pozitif,train,hedefli:boyut,1,"Qp,Gp,Bp",,,pozitif,,pozitif,pozitif,,,0
5282,"öncelikle ürünün orjinal olduğundan şüpheliyim, aldığım için pişman oldum,  şarj kablosu yok,tuşlarda hassasiyet yok",negatif,val,rastgele,1,"Qn,Sn,Pn",,,negatif,negatif,,,negatif,,0
5283,"ürünü aldım ancak biraz kullanımı zor. zeminin çok yumuşak olması ve sürülmüş olması kolaylık sağlıyor ancak sert zeminde işe yaramıyor. kullanmak için güçlü olmanız ve hakim olabilmeniz lazım. aldık, bahçede sadece çapa için kullanıyoruz artık",negatif,val,rastgele,1,"Pn,Qn",,,negatif,negatif,,,,,0
5284,gercekten hizmet super cok isimize yaradi gonderi hizida mukemmel urunde tesekkurler,pozitif,train,hedefli:kelime_yok,1,"Sp,Qp,Kp",pozitif,,pozitif,,,,pozitif,,0
5285,ürün gerçekten fiyatına göre çok çok harika. yaklaşık üç aydır kullanıyorum çok memnunum. ama süpürme başlığı daha orjinal olabilirdi. birde sadece torbasını boşaltmak yetmiyor arada filitrelerini çıkarıp yıkamak gerekiyor. içi toz doluyor aşırı ısınma yapıyor.,pozitif,train,rastgele,1,"Fp,Qp*,Pn",,pozitif,pozitif,negatif,,,,kalite,1
5286,cok guzel kargoda 2 gun bekledi ama geldiginde denedim cok guzel mutfağa uclu spot almıştımbu urunden 3tanede spot led aldım insallah cabuk bozulmaz,pozitif,val,rastgele,1,"Qp,Kn",negatif,,pozitif,,,,,,0
5287,bu telefonu yeni aldım ve çok memnunum sadece biraz hızlı şarj yiyiyor ama almaya değer bir telefon,pozitif,train,rastgele,1,Qp*,,,pozitif,,,,,kalite,1
5288,fiyatına göre özellikleri iyi olabilir lakin kaliteli bi cihaz değil.alırsınız bi yıl sonra çöp olur gider.uzun vadede bi ömür sunacağını düşünmüyorum açıkçası.üzerinde garip bi yazılım ile geliyor androidden soğutuyor.saf android varken bu pek kullanışlı gelmedi.,negatif,val,rastgele,1,"Fp,Qn,Pn",,pozitif,negatif,negatif,,,,,0
5289,arkadaşlar 3 çekmeceli deyip geçmeyin. bunların 65-100 lt arasında değişiyor. bu ürün net 75 brüt de 80 falan. almışken 100 lt olanını alın,negatif,train,rastgele,1,Bn,,,,,negatif,,,,0
5290,"aracımın falken lastikleri oldukça eski olduğu için yeni lastikler ile duruş mesafesi, viraj alma, yol kavrama vb. konularda iyileşmeler oldu, memnun kaldım.",pozitif,val,rastgele,1,"Qp,Pp",,,pozitif,pozitif,,,,,0
5291,kopegim ac kalmadan asla yemedi yedikten 1 gun sonrada kusmaya basladi ucuz diye aldik bosa gitti para bir daha asla almam,negatif,train,rastgele,1,"Qn,Fn",,negatif,negatif,,,,,,0
5292,yeşil renk sipariş vermeme rağmen gri renk geldi. en önemli sorun demlik sapı aşırı ısınıyor. çıplak el ile tutmak mümkün değil. ayrıca kaynatma düğmesi bazen kaynamadan atıyor. birkaç defa basmak gerekiyor. memnun değilim,negatif,train,rastgele,1,"Sn,Qn",,,negatif,,,,negatif,,0
5293,ürün hızlı bir şekilde teslim edildi hepsiburadaya 5 yıldız bununla birlikte aşağı yukarı her markayı denemiş bir kişi olarak ve bugüne kadar aldığım en yavaş usb bellek açıkçası kimseye tavsi̇ye etmi̇yorum. 2 kere denedim ve ortalama kopyalama hızı 5mb/second,negatif,val,rastgele,1,"Kp,Pn",pozitif,,,negatif,,,,,0
5294,eskiden (4-5 sene önceki) yorumlarda övdükleri kadar müthiş bir şey değil. hatta benim için müthiş olması için bir 10 sene geriye dönmemiz gerekiyor. hızlı kargo için teşekkürler.,negatif,val,rastgele,1,"Qn,Kp",pozitif,,negatif,,,,,,0
5295,ürün harika yaklaşık bir ay araştırdım ve bu ürüne karar verdim pişman değilim satıcı zaten hepsiburadanın kendisi en ince ayrıntıya kadar düşünmüşler. kesinlikle tavsiye ederim,pozitif,train,hedefli:satici,1,"Qp,Sp",,,pozitif,,,,pozitif,,0
5296,geçen yaz anneme siyahını almıştım hediye olarak. oldukça kullanışlı olduğunu söyledi. tavsiye ediyorum. bu ürünü de teyzeme aldık. çabuk kargolandı. oldukça şık ve kullanışlı diğeri gibi. pişman olacağınızı sanmıyorum alırsanız.,pozitif,train,rastgele,1,"Pp,Kp,Gp",pozitif,,,pozitif,,pozitif,,,0
5297,kaliteli bi ürün değil ancak bu fiyata sahada kötüleri var kokusu yok arkadaşlar 2011 aveo aracıma aldım çok fazla kesmek zorunda kaldım ebatlarına iyi bakin bence alınabilir hızlı kargo teşekkürler hepsiburada,negatif,train,hedefli:kargo,1,"Qn,Fp,Bn,Kp",pozitif,pozitif,negatif,,negatif,,,,0
5298,arzum markasına güvenerek aldım fakat fön çekerken oldukça işlevsiz makine kendini kapatıyor anca soğuyunca tekrar çalışmaya başlıyor. tavsiye etmem.,negatif,train,rastgele,1,Qn,,,negatif,,,,,,0
5299,boyuna aldanmayın büyük almanıza hiç gerek yok tabi akvaryumunuz 2mt fln değilse çok güzel temizliyor tavsiye ederim uyduruk bişi değil.,pozitif,train,rastgele,1,"Qp,Bx",,,pozitif,,nötr,,,,0
5300,ürün gerçekten çok kaliteli.şık giyinenlerde kullanılacak türden.akşamları kullanılırsa daha etkili olacağı çok açık.,pozitif,train,hedefli:gorunum,1,Qp,,,pozitif,,,,,,0
5301,2.kamera özelliği olsa da olur olmasa da mantığında yapılmış.harici bir odak tuşu yok.resimler genel olarak kalitesiz,negatif,train,hedefli:gorunum,1,Pn,,,,negatif,,,,,0
5302,"ürün çok kaliteli ve güzel ve kullanışlı. beklediğimin üstünde performans, satıcısı ürünü hızlı ve sorunsuz gönderdi.teşekkürler",pozitif,train,rastgele,1,"Qp,Pp,Kp",pozitif,,pozitif,pozitif,,,,,0
5303,kurulum için hiçbir şey yok.çok kaliteli bir ürün değil ama fiyatına göre iyi.kiliflarin fermuarlari daha kaliteli olabilir.teşekkür ederim,negatif,train,rastgele,1,"Qn,Fp",,pozitif,negatif,,,,,,0
5304,aldım  ama dıslerı karsılamadı ınce dıs oldu ve ıstenıldıgı gıbı bır urun degıl,negatif,train,hedefli:kelime_yok,1,"Qn,Pn",,,negatif,negatif,,,,,0
5305,"ürünün başka mağaza lardaki fiyatına göre kıyaslarsam çok uygun, neredeyse yarı yarıya gelen firmalar var. kireç temizleme ünitesi kullanışlılığını arttırmış.",pozitif,train,hedefli:satici,1,"Fp,Pp",,pozitif,,pozitif,,,,,0
5306,kolye resimde göründüğü gibi güzel taşları da gayet sade duruyor  alelade değil zirkon . i̇çinden minik bir garanti kartıyla çıkıyor. kutusuda gayet şık. bu fiyata bu ürün gönül yapmaya yeter . bir arkadaşım için hediye olarak aldım. çokta güzel duruyor,pozitif,train,hedefli:gorunum,1,"Gp,Fp",,pozitif,,,,pozitif,,,0
5307,oğlum için aldığım paten çok güzel oğlumun çok hoşuna gitti. teşekkürler.,pozitif,train,hedefli:kelime_yok,1,Qp,,,pozitif,,,,,,0
5308,ürünü 3 ay önce aldım. gayet güzel ve şık. fakat 1 tane sorun var. o da tarihi ayarlamak için düğme yok.,pozitif,train,rastgele,1,"Qp,Gp,Pn",,,pozitif,negatif,,pozitif,,,0
5309,ürünü aldım ve hemen araba koltuklarında denedim. hiç bir işe yaramadı. jantta oluşan balata tozlarını bile bir mutfak deterjanı kadar temizledi. ağır kir ve yağda hiç bir işe yaramıyor. bulaşık deterjanı ve benzeri birşey işte.,negatif,val,rastgele,1,Qn,,,negatif,,,,,,0
5310,bu fi̇yata bu ürün gerçekten mükemmel maske hedi̇yeli̇ güneş gözlüklü esktra gözlük taşimak zorunda kalmayacaksiniz üzeri̇nde ve yanlarinda açilan hava kanallari var bence bu fi̇yata alinabi̇lecek mükemmel bi̇r ürün,pozitif,val,rastgele,1,"Fp,Qp,Pp",,pozitif,pozitif,pozitif,,,,,0
5311,bugüne kadar kullandığım en iyi ürün. tavsiye ederim,pozitif,val,rastgele,1,Qp,,,pozitif,,,,,,0
5312,hergün traş olan biri olarak makine işimi mükemmel gördü.,pozitif,train,rastgele,1,Qp,,,pozitif,,,,,,0
5313,"fotograflardaki boyutlara aldanmayin, anaokul mobilyasi kadar kucukler. ozellikle beyaz sehpalari kullanmak icin hic bir yer bulamadim. hic memnun kalmadim.",negatif,train,hedefli:boyut,1,"Bn,Qn",,,negatif,,negatif,,,,0
5314,uyku düzeniniz iyi yönde değişiyor bu kesin. sadece yükseklik konusunda daha dikkatli olmak gerek sanırım. benim için bir küçüğü olsa daha iyi olurmuş. kıyaslamanız acısında 170 boyunda 62 kg biri için biraz yüksek kalıyor. tavsiye ederim.,pozitif,train,rastgele,1,"Qp,Bn",,,pozitif,,negatif,,,,0
5315,gayet şık ve güzel bir tablo :) tavsiye ederim.,pozitif,train,hedefli:gorunum,1,"Gp,Qp",,,pozitif,,,pozitif,,,0
5316,çok dar ve kısa. mecburen kullanıyorum ama tavsiye etmem,negatif,val,rastgele,1,Bn,,,,,negatif,,,,0
5317,işte bu diyebileceğiniz bir koku...testerini kullandım ve hala koku üzerimde...ilk başta bahçe gibi kokuyorsunuz çiçek tonları...sonra ise balımsı hafif bir kokuyla kendini koruyor...çok kalıcı bir koku ve kampaya süper acil alınır bence....,pozitif,train,hedefli:boyut,1,"Pp,Fp",,pozitif,,pozitif,,,,,0
5318,cihaz görünüş olarak güzl ancak ısınma sorunu hala var ve parmak izi okuyucu iphone kadar iyi değil sarjı da uzun süre gitmiyor bence iphone daha iyi 2 yıldız veriyorum görünüş olarak güzel oldugundan,negatif,val,rastgele,1,"Gp,Pn,Qn",,,negatif,negatif,,pozitif,,,0
5319,"ürünü çadırda kullanmak için aldım, gayet kaliteli. bu paraya alınabbilecek en iyi ürün diyebilirim. yalnız şu var ki nefesinizle şişiremiyorsunuz, bir pompa almakta fayda var.",pozitif,val,rastgele,1,"Qp,Fp,Pn",,pozitif,pozitif,negatif,,,,,0
5320,kesinlikle okunması fereken bir eser. i̇lber hoca kendi uslûbuyla çok güzel özetlemiş. 2 iş gününde elime gecti. iş ciddiyetleri için de teşekkürler hepsi burada,pozitif,train,rastgele,1,"Qp,Kp",pozitif,,pozitif,,,,,,0
5321,makineninizin yanında 1-2 lens de taşıyabileceğiniz ideal bir çanta.,pozitif,train,rastgele,1,"Qp,Bp",,,pozitif,,pozitif,,,,0
5322,konular cok üstünden geçilmiş derinlik yok açıkçası okuduğum tarih kitapları arasında aşağlarda kalır.,negatif,train,hedefli:kelime_yok,1,Qn,,,negatif,,,,,,0
5323,kalem gayet güzel yazıyor.  roller kalem keyfi veriyor.,pozitif,train,hedefli:kelime_yok,1,Qp,,,pozitif,,,,,,0
5324,güneş altında kaldığından yaklaşık 2 sene içinde çürüdü plastiği kırılmaya başladı. gölge altında kullanılması belki ömrünü uzatır. ancak ipi sağlam ve güvenli emniyeti sayesinde hiç düşme olayı olmadı.,negatif,train,rastgele,1,Qn*,,,negatif,,,,,kalite,1
5325,daha önce buna benzer bir ürün kullandım fakat bbu ürünün fiyatı ve garanti özellikleri sıkıntılı olabiliyo daha tanındık markalarda bayilikte sıkıntını çözebiliyosun gerçi bu fiyata 7 gün denemek gerekir diye düşünnüyorum,negatif,train,hedefli:satici,1,"Sn,Fx",,nötr,,,,,negatif,,0
5326,büyük bir hevesle aldım.. görüntü olarak evet çok güzel.. dış görünüm.. iç hacmi .. harika şık bir tasarım.,negatif,train,hedefli:boyut,1,"Gp,Bp",,,,,pozitif,pozitif,,,0
5327,ürünü kullanım klavuzundaki yönergelere göre kullanmak biraz zor ama youtube üzerinden ürününün nasıl kullanılacağına dair videolar mevcut.,pozitif,train,hedefli:satici,1,Pn,,,,negatif,,,,,0
5328,diğer yorumlar daki kutu durumu doğru. yüzük kutusu gibi küçük. ancak sertifika falan yok. svarovski olup olmadığını anlayamadım. ama çok şık.,pozitif,train,hedefli:boyut,1,"Sn,Gp",,,,,,pozitif,negatif,,0
5329,ilkten tereddütle aldim ama hepsiburadaya güvendigim için siparis verdim. ayni boyle resimdeki gibi cikti kesinlikle tavsiye ederim baska modellerini de alcam inşallah.hiç şüpheniz olmasin,pozitif,train,hedefli:gorunum,1,Gp,,,,,,pozitif,,,0
5330,ürünü yeni aldım. açıkçası diş taşı temizlemesini bekliyordum .beklentimi karşılamadı. sadece su fışkırtıyor .diş ipi yerine kullanılabilir gelişmiş bir alet oyüzden geri iade ile uğraşmıyacağım .fakat beklentimi karşılayamadı.,negatif,val,rastgele,1,Qn,,,negatif,,,,,,0
5331,"ürün iç derinliği az,yüksekliği az tv üzerine koyduğumda ayakları yaklasık önden ve arkadan 5 cm dışarı çıktı ürün 10 cm daha geniş,10 cm ha rafların içi yüksek olsa daha kullanışlı ve şık olur kargo biraz geç gönderildi",negatif,train,hedefli:kargo,1,"Bn,Kn",negatif,,,,negatif,,,,0
5332,emeği geçen herkese teşekkür.bence bu paraya daha iyi bir ürün olmaz bence...,pozitif,val,rastgele,1,Fp,,pozitif,,,,,,,0
5333,normalden hafif geldi bana. plastik top gibi sekiyor. kaucuk basketbol topu izlenimi vermiyor. pompa topun yeterli basınca ulaşması için yeterli değil.,negatif,train,hedefli:boyut,1,"Bn,Qn",,,negatif,,negatif,,,,0
5334,üründe gönye kacikligi var yamuk bir şekilde taktım ayrıca kapağın birinde 2 ayrı yerde atmalar ve deforme var. gönye kacikligindan dolayı kapakların kenarları boşluklar kaldı sıfır oturmadılar bu yüzden görüntü çirkinliği var,negatif,val,rastgele,1,"Qn,Gn",,,negatif,,,negatif,,,0
5335,fazla beklenti ile almadım. başlangıç seviye için uygun denebilir..,negatif,train,hedefli:kelime_yok,1,Qp,,,pozitif,,,,,,0
5336,menzil olarak çok başarılı değil dip dibe iken 50-60 mbit görüyor.,negatif,val,rastgele,1,Pn,,,,negatif,,,,,0
5337,ürün güzel görünüyor. yalnız boyu biraz uzun. kargo 3 günde geldi fakat ya bebek arabasının bi kullanma kılavuzu olmaz ya paketten çıkmadı.,negatif,train,hedefli:satici,1,"Gp,Bn,Kx,Sn",nötr,,,,negatif,pozitif,negatif,,0
5338,çok ufak bir alanı gösteriyor park etmek için işime yaramadı daha önce bombeli olanı beğenmediğim için almıştım taktıktan sonra bombeli olanı çıkardığıma pişman oldum. bombeli olan biraz uzak gösteriyor fakat geniş açı arkayı lastikler rahat görüyorsun.,negatif,val,rastgele,1,"Qn,Pn",,,negatif,negatif,,,,,0
5339,"urun 5 yil uretici firma garantili,banyoda gayet tatminkar..",pozitif,val,rastgele,1,Qp,,,pozitif,,,,,,0
5340,"fiyatı ucuz belki ama 1 hafta içinde oturulan ve yaslanılan yerin süngeri içine çöktü, kalitesiz... biraz daha para verip daha iyileri alınabilir...",negatif,val,rastgele,1,"Fp,Qn",,pozitif,negatif,,,,,,0
5341,"tavsiyem, yazın yaz lastiği, kışın kış lastiği kullanmaktır.",negatif,val,rastgele,1,0,,,,,,,,,0
5342,"gayet şık, taşıması 10400'lüğe göre çok daha rahat. alüminyum gövde sağlam ama yapı itibariyle kolay kirleniyor ama kolayca da silinebiliyor.",pozitif,train,hedefli:gorunum,1,"Gp,Pp,Qp",,,pozitif,pozitif,,pozitif,,,0
5343,bu tür ürünlerin görülerek alınması gerektiğine kanaat getirdim,negatif,train,hedefli:kelime_yok,1,0,,,,,,,,,0
5344,"ürünü cumartesi sipariş verdim salı günü ulaştı.cihaz çok güzel,hiçbir donma takılma görmedim fakat modern combat 5 gibi oyunlarda bayağı ısınıyor.",pozitif,train,hedefli:kargo,1,"Kx,Qp,Pn*",nötr,,pozitif,negatif,,,,performans,1
5345,vestel magazasindan daha uygun bi fiyata aldim.urun kucuk ama cekmeceleri gercekten buyuk ve sessiz calisiyor.verilen paraya deger bi urun.hepsiburada sitesine tesekkurler.,pozitif,train,rastgele,1,"Fp,Bp,Pp",,pozitif,,pozitif,pozitif,,,,0
5346,kitap bence isminden ve buradaki indirimden dolayı aldım.roman gibi değil ama idare eder,negatif,train,rastgele,1,"Fx,Qx",,nötr,nötr,,,,,,0
5347,kullanışlı fiyatına göre güzel bir ürün tavsiye ederim.,pozitif,val,rastgele,1,"Pp,Fp",,pozitif,,pozitif,,,,,0
5348,siparişim çok çabuk geldi. hepsi burada ile ilgili hiçbir sorun yaşamadım. sürekli kullandığım bir site.,pozitif,val,rastgele,1,Kp,pozitif,,,,,,,,0
5349,"mükemmel, huzur verici. sanki bir çiçek bahçesinde yürüyormuşsun gibi tazelik veriyor insana. yalnız ben aldığımda kampanyadaydı. fiyatı düşünce kaçırmayın derim.",pozitif,val,rastgele,1,"Qp,Fp",,pozitif,pozitif,,,,,,0
5350,"ürünü alıp almama konusunda cok kararsız kalmıstım.iyi ki almısım.kurulumu cok basit,ayaklarını cevirip takıyosun o kdr.saglam gorunuyor spor yapmak cok zevkli.ürünün büyüklügü ideal bence cünkü hareketler rahat yapılıyor.",pozitif,train,rastgele,1,"Qp,Pp,Bp",,,pozitif,pozitif,pozitif,,,,0
5351,saçlarım yoğun kıvırcık olmasına rağmen düzleştirebiliyor. bir seferde mükemmel sonuç beklenmemeli iki kat fön çekilince düzgün bir görünüm elde ediliyor.,pozitif,val,rastgele,1,Qp,,,pozitif,,,,,,0
5352,telefonla ilgili bir sıkıntı olduğunda ne müşteri hizmetlerine ne de yetkili servislerine ulaşılamıyor ben bu konuda sıkıntı yasadım.telefon alacaklara bu konuyu göz önüne almalarını öneririm.,negatif,train,rastgele,1,Sn,,,,,,,negatif,,0
5353,"çok şık bir ürün, usb 2.0 olmasına rağmen tatmin edici, ufak ve metal kasa olduğu için tercih ettim.",pozitif,train,rastgele,1,"Gp,Pp,Bp",,,,pozitif,pozitif,pozitif,,,0
5354,"ürün iç içe iki koli şeklinde, iyi paketlenmiş şekilde geldi.",pozitif,val,rastgele,1,Kp,pozitif,,,,,,,,0
5355,23 mart'ta sipariş verdiğim ürün elime 28 mart'ta ulaştı.(5gün),negatif,train,hedefli:kargo,1,Kx,nötr,,,,,,,,0
5356,"4 yılönce aldım kullanışlı büyük,aynı anda 6 tane tost yapılıyor kare tost ekmegıyle.çok memnunum",pozitif,train,hedefli:boyut,1,"Pp,Bp,Qp",,,pozitif,pozitif,pozitif,,,,0
5357,bunu alacağınıza paranızı çöpe atın daha iyi. tek şarjda 3 saat gitmiyor. sesi de hem az çıkıyor hem de kalitesi düşük,negatif,val,rastgele,1,"Qn,Pn",,,negatif,negatif,,,,,0
5358,ürün gerçekten çok güzel ve kaliteli verdiğiniz parayı sonuna kadar hakediyor. paketleme çok güzel yapılmış. ama kurulum kılavuzu biraz daha anlaşılır olabilirdi. parçaların üzerine numara verilmesi gerekir.,pozitif,train,hedefli:satici,1,"Qp,Fp,Kp,Pn",pozitif,pozitif,pozitif,negatif,,,,,0
5359,"küçük top patlak geldi,büyük top da çok fazla esniyor..diğer ürünler iyi",negatif,train,rastgele,1,"Kn,Qn*",negatif,,negatif,,,,,kalite,1
5360,her sene en az 4 kutu kullanıyorum sürekli aynı marka aynı app ;) tavsiyedir. biraz geç geliyor ama:),pozitif,val,rastgele,1,"Qp,Kn",negatif,,pozitif,,,,,,0
5361,ürünü teslim aldım denedim kullanımı rahat kesimi mükemmel  tavsiye ederim ayrıca hepsiburada.com  da teşekürler oturduğum yerden alışveriş olanağı sağladığı için   : )),pozitif,val,rastgele,1,"Pp,Qp",,,pozitif,pozitif,,,,,0
5362,eşime hediye aldım çok beğendi. dalgalar doğal duruyor.,pozitif,train,hedefli:gorunum,1,Qp,,,pozitif,,,,,,0
5363,"üründen gayet memnun kaldım, kullanımı kolay, ısı gücü ideal",pozitif,val,rastgele,1,"Qp,Pp",,,pozitif,pozitif,,,,,0
5364,i̇yi fırsat. i̇ndirimlerintakip edip hb den alıyorum herzaman,pozitif,train,rastgele,1,Fp,,pozitif,,,,,,,0
5365,inşallah çakma değildir biraz yüzümü tahriş ediyor ve de 2_3 gülüm sakalı tam almıyor,negatif,train,hedefli:kelime_yok,1,Qn,,,negatif,,,,,,0
5366,bu ürünü 3 gün önce sipariş ettim.1 gün sonra kargoya verildi.2 gün sonra da elime geçti.hemen denedim.sonuç gayet iyi.zaten traş makinasında yılların markası.sadece muhafaza çantası eksik bence.tavsiye ederim.,pozitif,train,hedefli:satici,1,"Kx,Qp,Sn",nötr,,pozitif,,,,negatif,,0
5367,"bu ürünü perşembe günü aldım. 4 gün oldu halen ulaşmadı.halen ürün tedarik sürecinde görünüyor.müşteri hizmetlerine yazdım,oda bana klasik bir cevap vermiş.1-7 gün arası diyor..teslimat çok geç.bu hepsiburadadan son alışverişimdir..",negatif,train,rastgele,1,"Kn,Sn",negatif,,,,,,negatif,,0
5368,500 ml olması ve fiyatının uygun olması nedeniyle aldım..denedim tekerleri simsiyah yaptı. alabilirsiniz.. ayrıca kargoda bedava daha ne olsun,pozitif,train,hedefli:boyut,1,"Fp,Qp,Bp,Kp",pozitif,pozitif,pozitif,,pozitif,,,,0
5369,en son aradiginiz kisiyi yanlislikla tusa bastiginizda ariyor gerisi guzel ama ttec marka makaron kulaklikta tusa iki kere bastiginizda en son aranani ariyor ben aldim simdide ttec aldim tekrardan.,negatif,train,hedefli:kelime_yok,1,"Pn,Qp",,,pozitif,negatif,,,,,0
5370,ürünü elime tam 6 günde ulaştırdılar. telefon tam bir rezalet sesi 5 mt den zor duyuluyor. fiyat performans açısından 0 puan. tambir zaman ve para kaybı,negatif,train,rastgele,1,"Kn,Qn,Pn,Fn",negatif,negatif,negatif,negatif,,,,,0
5371,"hoparlör,bu üçüncü değişimim oldu,bi baktınız telefonunuz cızırtı yapıyor,yani vasat.",negatif,val,rastgele,1,Qn,,,negatif,,,,,,0
5372,"son yıllarda okuduğum en iyi kitap. dostluk, ihanet ve acı gerçekler...çok gerçekçi bir dille anlatılmış..",pozitif,train,hedefli:kelime_yok,1,Qp,,,pozitif,,,,,,0
5373,eğer bu ürünü alacaksanız kesinlikle doğru tercih etmiş olursunuz.,pozitif,train,hedefli:kelime_yok,1,0,,,,,,,,,0
5374,gömme dolabımın icine  iki adet alıp yillardir çektiğim rutubet ve kokudan kurtuldum ..cok başarılı. ..,pozitif,val,rastgele,1,Qp,,,pozitif,,,,,,0
5375,"daha önce daha uygun bi fiyata almıştım. ufak bir zorlanmada lokma dağılıyor, diyeceğim o ki sadece amatörler alsın fazla zorlamasın cırt da mekanizma çabuk bozuluyor",negatif,train,rastgele,1,Qn,,,negatif,,,,,,0
5376,3- otomatik termostat düğmesi su kaynayınca kendi atmadığından başında beklemek zorundasınız. bu bence önemli bir eksi. düğme su kaynadığında kendi atmadığı için gereksiz enerji israfı ve su kaybı oluşuyor. -,negatif,val,rastgele,1,Pn,,,,negatif,,,,,0
5377,arkadaşlar kitap o kadar güzelki farklı farklı düşünmenizi beynin sorular üzerinden değişik yollardan çözüme ulaşmasını sağlamakta ufkunuzu açacak ve insanı zirveye ulaştıracak özellikte. şiddetle tavsiye ediyorum yazar çok iyi gözlemci ve analizci diyebilirim.,pozitif,train,rastgele,1,Qp,,,pozitif,,,,,,0
5378,ancak çok ağır ve kaba ayrıca telofonu şarj etmek için çıkan kablo çok kısa ve kullanışsızdır.,negatif,train,hedefli:boyut,1,"Bn,Pn",,,,negatif,negatif,,,,0
5379,senelerdir hepsiburada yı kullanırım ve her aldığım şeyde hiç sorun yaşamadım bugüne kadar.tam 5 kişilik bol köpüklü türk kahvesi eldeediliyor.şiddetle tavsiye ederim.,pozitif,train,hedefli:kelime_yok,1,Qp,,,pozitif,,,,,,0
5380,genel olarak tavsiye ediyorum. kargo 1 gün sonra ulaştı.,pozitif,val,rastgele,1,Kp,pozitif,,,,,,,,0
5381,ürün çok kötü dikiş kısımları iç tarafta dolayısıyla ellerinizi acıtıyor. deri olduğunuda düşünmüyorum bez bir eldiven alın daha iyi.özellikle fitness da ağırlık kaldırıp elleri nasır olanlar için bez bir eldiven alın daha iyi.,negatif,train,rastgele,1,Qn,,,negatif,,,,,,0
5382,"koku tam yazlık, yormuyor,  taze. ama kalıcılığı çok zayıf.  kullandıktan ( hem de uzun uzun sıktıktan) yarım saat sonra bir daha sıkmanız gerekiyor.",negatif,val,rastgele,1,Pn*,,,,negatif,,,,performans,1
5383,koku konusunda kullandıklarım arasında en iyi bulduğum kum.,pozitif,val,rastgele,1,Pp,,,,pozitif,,,,,0
5384,"devrilmiyor, içi dışı çelik ama içeceğin ısısını uzun söre korumuyor",negatif,train,rastgele,1,Qn*,,,negatif,,,,,kalite,1
5385,ürünün tek sıkıntısı yayında sıkıntı yaratıyr randuman alamadık biz ama idare eder işte,negatif,train,rastgele,1,Qn,,,negatif,,,,,,0
5386,"gerçekten güzel,görüntüyü güzel bir şekilde aktarıyor gayet dayanıklı ve uzun ömürlü olacağını düşünüyorum ben memnun kaldım",pozitif,train,hedefli:gorunum,1,"Qp,Pp",,,pozitif,pozitif,,,,,0
5387,2 adet kedim var. sevmediler.  kakalari daha kotu kokmaya basladi,negatif,train,hedefli:kelime_yok,1,Qn,,,negatif,,,,,,0
5388,"yorumda bulunan herkese teşekkürler,yorumlar doğrultusunda bu ürünü aldım havalandırmak şart ama yine hepsi buradadan aldığım çift kişilik yatak baza takımının beraberindeki yatağa uyguladım gerçekten harika oldu herkese tavsiye ederim",pozitif,val,rastgele,1,Qp,,,pozitif,,,,,,0
5389,urun zevkli ama kesinlikle küçük yaştakilerin parcalri birbirine gecrirmesi zor 30 yasindayim ben zor gecirdim.kullanimı kolay değil yani.,negatif,val,rastgele,1,"Qp,Pn",,,pozitif,negatif,,,,,0
5390,oğluma aldım ürünü... çok sevdi.. defalarca teşekkür etti.,pozitif,train,hedefli:kelime_yok,1,Qp,,,pozitif,,,,,,0
5391,ürün hızlı bi şekilde elime geçti çok kaliteli değil . temizlenmeden paketlenmiş paketlerin içi talaş doluydu. yarım saat temizlemekle uğraştım.  fotoğrafta alt ayaklar koyu gözüküyor bana beyaz geldi. kurulumda menteşe yerleri belirtilmemiş bazı delikler açılmamış.,negatif,train,rastgele,1,"Kp,Qn,Gn,Pn",pozitif,,negatif,negatif,,negatif,,,0
5392,fiyat mukemmel. oldukca cok aldım depoladım tavsiye ederim,pozitif,val,rastgele,1,Fp,,pozitif,,,,,,,0
5393,fiyat olarak cazip geldi aldım.ancak kokusu yüzünden 1 haftadır dışarıda tutmama rağmen gitmedi.sağlığa zararlı olabileceğini düşünüyorum.,negatif,train,rastgele,1,"Fp,Pn",,pozitif,,negatif,,,,,0
5394,fakat kendi kendine geri dönerek gevşiyor buna da güvenemiyorum eskisinin silikon başlığını taktım oldu  ya olmasaydı,negatif,val,rastgele,1,Qn,,,negatif,,,,,,0
5395,urun 8 gunde elime ulasti. kargolamayi super yapmislar. zarar girmemis. ama avizenin alt kisminda desenlerinde silik ve kaymalar mevcut.  kutusunun icinden kurulumla alakali bir tek satir yazi bile cikmadi. ????,negatif,train,hedefli:gorunum,1,"Kp,Qn,Sn",pozitif,,negatif,,,,negatif,,0
5396,ürünü 1 hafta önce aldim.eşim kullanıyor saclari dalgalı sonuc alamadik.kurutma işine yarıyor.,negatif,train,rastgele,1,Qn*,,,negatif,,,,,kalite,1
5397,"ürün çok hızlı elime ulaştı, profesyonel çalışma için teşekkür ederim. ürünü gidip mağazada begenip hepsiburada ile daha uygun fiyata aldım. taşındığımda kurduracağım için şu an kullanamıyorum ve teknik bir veri bilsiremeyeceğim.",pozitif,train,hedefli:satici,1,"Kp,Fp",pozitif,pozitif,,,,,,,0
5398,2- eski fırınım da 800watt idi fakat buna göre daha çabuk ısıtıyordu.,pozitif,train,rastgele,1,Pn,,,,negatif,,,,,0
5399,uzun vadede yatırım için para biriktiremeyenler için kredi kartıyla taksit seçeneğini kullanarak alabilirler.güzel bir yatırım olacanağına inanıyorum.en son tarih basımı şeklinde gönderiyolar,pozitif,train,hedefli:kargo,1,"Fx,Qp",,nötr,pozitif,,,,,,0
5400,urunu aldik geldi iyiguzel fakat kopuk tabancasi kopuk d3gil sabun atiyor 30 saniyede 1 lt oto yikama sabununu arabanin ustune bocaladi kopuk yapmiyor kanmayin buna. ve urun 105 bar olsaydi tabanca kismini tutmak guclesirdi,negatif,train,hedefli:boyut,1,"Pn,Qp",,,pozitif,negatif,,,,,0
5401,içinde 2 adet ağırlık adı altında demir plaka yerlerştirmişler,negatif,train,rastgele,1,Qn,,,negatif,,,,,,0
5402,"genel olarak deneyimlerim olumlu yönde oldu. alacak arkadaşlara tavsiye ederim korkmasınlar fiyatı çok uygun, hakkını veriyor :)",pozitif,val,rastgele,1,"Qp,Fp",,pozitif,pozitif,,,,,,0
5403,ürünü beğendik aldık ve çok kısa sürüde geldi tesekkurler.hepsiburada ya kargoda çok hızlı 1 günde geldi.,pozitif,val,rastgele,1,"Qp,Kp",pozitif,,pozitif,,,,,,0
5404,ürün bugün elime ulaştı. cantlar koli içinde ezilmiş olarak çıktı. kurdum icine bitane bile alyan koymamislar zorla kurduk. şimdide sele sıkıştırmama rağmen yerinden çıkıyor. frenler çok kalitesiz  keşke 60-70tl daha verip iyi marka alsaydim. i̇nş başka sorun çıkarmaz.,negatif,train,rastgele,1,"Kn,Sn,Qn",negatif,,negatif,,,,negatif,,0
5405,"aldığım ürün fiyatına göre kalite değil,keten kısmını çok kötü yapıştırmışlar, kırış kırış duruyor.tavsiye etmiyorum.",negatif,train,rastgele,1,"Qn,Fn",,negatif,negatif,,,,,,0
5406,alıcı olarak ml den anlamamak ortak derdimiz. kutunun boyutlarını vermek en doğru seçim olacaktır. ama denediğimiz ve dildiğimiz bir ürün.. fiyat olarak da gayet iyi. ama seyahat boyu diye not düşülmeli...,negatif,train,hedefli:boyut,1,"Bn,Fp",,pozitif,,,negatif,,,,0
5407,üründe fazla kafa başlıgı olmasının bir yararı yok.fazlasıyla vasat.kısacası bu fiyata kalite de olmaz denmiş.paranızı boşa harcamak yerine daha üst modellere yönelin,negatif,train,rastgele,1,"Qn,Fn",,negatif,negatif,,,,,,0
5408,sadece sakal traşı oldum ama beklediğim gibi değil öyle sinek kaydı falan da yapmıyor.,negatif,val,rastgele,1,Qn,,,negatif,,,,,,0
5409,oğlumda kullanıyordum çok memnun kaldım hiç gaz sorunu yaşamadık.şimdi kızım için aldım.diğer biberonlarda içtikten sonra bebekler boş hava çekiyorlar dr.browns biberonlarda bu başımıza gelmedi.yalnız her kullanımdan sonra bekletilmeden fırça ile temizlenmesi lazım.parcaların içine kaçan mama çok kötü kokuyor yoksa.,negatif,train,rastgele,1,Qp,,,pozitif,,,,,,0
5410,"gayet kullanışlı ve ergonomik, çantası ile de rahatça taşınabilir, düşünmeden alın :)",pozitif,train,rastgele,1,Pp,,,,pozitif,,,,,0
5411,ürün elime belirtildiği gibi 24 saatte geçti.280w lık dalgıç pompayı çalıştırır-çalıştırmaz endişesi vardı.çok güzel çalıştırdı.sessiz.alacaklara öneririm.fiatını araştırdım hepsi burada sitesinden ucuzunu bulamadım.,pozitif,val,rastgele,1,"Kp,Qp,Pp,Fp",pozitif,pozitif,pozitif,pozitif,,,,,0
5412,çok kotü.özellikle vidalama uçlarıyla toplamda 5 vida zor sıkarsınız,negatif,val,rastgele,1,Qn,,,negatif,,,,,,0
5413,evin her yerını arielin muhyesem kokusu aldı hepsi buradaya teşekkür ederim artık markete gidip yorulmayı düşünmüyorum,pozitif,val,rastgele,1,Pp,,,,pozitif,,,,,0
5414,mucize beklemeyin. aracın döşemelerinde kullandım temizlediği falan yok memnun kalmadım basit market mallarından alırsanız daha fazla iş görür.,negatif,train,rastgele,1,Qn,,,negatif,,,,,,0
5415,başka yerden bu marka tv aldık ama bir hafta kullanabildik ayaklar kalitesiz kendiside kalitesiz küçük bi darbeyle panel kırıldı pahalı alın kaliteli olsun,negatif,train,rastgele,1,Qn,,,negatif,,,,,,0
5416,guvenlik acisindan zayif malzeme kalitesi cok kotu malesef,negatif,train,rastgele,1,Qn,,,negatif,,,,,,0
5417,"şarj ile çalışması güzel ama elektrikle çalışmıyor olması kötü...çağımızda elektriksiz nefes alınmaz haldeyken bu aletin bataryasına güvenmek akıl işi değil. aldım,kullandım, dünyanın parasını bayıldım...pişmanım.....",negatif,val,rastgele,1,"Pn*,Fn,Qn",,negatif,negatif,negatif,,,,performans,1
5418,ürünü daha önce kullanmamıştım...deneyeyim dedim...beklentimin altında çıktı...tarif edecek olursam traş kolonyasına benzer bir koku...,negatif,train,rastgele,1,Pn,,,,negatif,,,,,0
5419,kaç kere denemede ancak çalıçıyor. çok zor çalışıyor . biraz daha para verip daha iyi bir makine alsaydım keşke .,negatif,train,rastgele,1,Qn,,,negatif,,,,,,0
5420,öncelikle hızlı gönderi için hepsiburada.com ailesine teşekkürlerimi sunuyorum.,pozitif,train,rastgele,1,Kp,pozitif,,,,,,,,0
5421,"alfa 156 icin aldim ancak direksiyon simidi kalin geldi iki ucu arasinda 2-3 cm lik fark olustu uyum saglamadi, ince direksiyonlar icin siparis verin",negatif,val,rastgele,1,Bn,,,,,negatif,,,,0
5422,bu ürünü bu fiyata görünce hemen aldım ve 1 gün sonra elime ulaştı. kaliteli bir ürün ve çok hızlı su kaynatıyor. ayrıca kapasitesi de tatmin edici. teşekkürler hepsiburada.,pozitif,train,hedefli:gorunum,1,"Fp,Kp,Qp,Pp,Bp",pozitif,pozitif,pozitif,pozitif,pozitif,,,,0
5423,uzun zamandır kullanıyorum. i̇şini gayet iyi yapıyor. sadece yumurta boyutlarına dikkat etmek lazım. küçük köy yumurtaları ile çift sarılı büyüklerde biraz yanıltıcı olabiliyor ama standart yumurtada hiç şaşmıyor.,pozitif,train,rastgele,1,Qp,,,pozitif,,,,,,0
5424,tam beklediğim gibi. eksiksiz ve kolay kurulum. hızlı teslimat.yalnız sadece benım ıngılız setter kopeğim var. ınternette large model olan klube golden için uygun diyor fakat benim köpeğim ancak sığdı içine. golden ve ustu ırklar da xl tavsiye ederim,pozitif,val,rastgele,1,"Qp,Sp,Pp,Kp,Bn",pozitif,,pozitif,pozitif,negatif,,pozitif,,0
5425,"bu kadar para vermek yerine arkonun cool traş kolonyasını alabilirsiniz inanın hiç bir farkı yok..buradaki efsane, klasik, mükemmel gibi yorumlara da kesinlikle inanmayın koku kalitesine gelince 10 üzerinden 5 yeterli olur sanırım. kesi̇nli̇kle başka bi̇r parfüm deneyi̇n...",negatif,train,rastgele,1,"Fn,Pn",,negatif,,negatif,,,,,0
5426,"bende aynı tarzda x7 mouse var. kullanabilirlik açısından çok iyi mouselar. fakat uzun süre oyun oynayacaksanız, elleriniz terliyor ve üstündeki plastik desen soyuluyor.",negatif,train,hedefli:gorunum,1,"Pp,Qn",,,negatif,pozitif,,,,,0
5427,evden hazırlayacağınız her hangi bir sabunlu suyla da aynı işlemi yapabilirsiniz..aldım bir kaç kez kullandıktan sonra bitsin de kurtulayım diye her tarafta kullandım bir işe yaramıyor....,negatif,val,rastgele,1,Qn,,,negatif,,,,,,0
5428,eşim için aldım eşim işi nedeni ile spor salonu veya başka bir yere gidemiyordu. ama bu eşofmanla ev işlerini yaparken bile giyebiliyor. tavsiye ederim,pozitif,train,hedefli:kelime_yok,1,Qp,,,pozitif,,,,,,0
5429,ürünü kullandım. kirler mora dönüyor iyi güzel ama suyla yıkadığımla aynı performansa ulaştım. bir sünger veya fırçayla temizleseydim belki daha iyi sonuca ulaşabilirdim ama sadece tazyikli suyla yıkadığım zamanki performansı aldım üründen.,negatif,val,rastgele,1,Qn,,,negatif,,,,,,0
5430,"genital bolge ve koltuk alti icin alicaksaniz almanizi tavsiye etmem. kanatti kaç kere. tahriş etti. ama bacak killari icin alicaksaniz bilemem . onun icin kullanmadim cihazi.ama kesinlikle jilete dondum, jilet candir.",negatif,val,rastgele,1,Qn,,,negatif,,,,,,0
5431,renkler çok guzel. uygun fiyata duvarını daha hoş görmek isteyenler rahatlıkla alsin.,pozitif,train,rastgele,1,"Gp,Fp",,pozitif,,,,pozitif,,,0
5432,uzun süredir çocuğum ve kendim için düşünüyordum.dediğim gibi tereddütlerim vardı.kullandıktan sonra cok doğru bir iş yaptığımı anladım.gerçekten daha önce sanki dişlerinizi hiç fırçalamamış gibi hissedeceksiniz.,pozitif,val,rastgele,1,Qp,,,pozitif,,,,,,0
5433,evet aldım fakat sadece arkadan kilitleniyor bununda pek anlamı yok çünkü elde götürme olasılığın yok bu nedenle aldığıma biraz pişmanım,negatif,val,rastgele,1,"Pn,Qn",,,negatif,negatif,,,,,0
5434,arkadaşlar ben açık renkli şişede olanı da kullandım o çok güzeldi yine onu almak istemiştim ama bunu almışım yanlışlıkla bu hiç iyi değil... bence bazı arkadaşlarda karıştırıyor...,negatif,train,hedefli:gorunum,1,Qn,,,negatif,,,,,,0
5435,"aynı parfümün bay için olanını almıştım.  eşime de bunu almak istedim. koku gayet güzel,  ağır olmayan bir kokusu var. tavsiye ederim. hepsiburada.com da her zamanki gibi sorunsuzdu.",pozitif,val,rastgele,1,Pp,,,,pozitif,,,,,0
5436,beklediğim kadar büyük olmasa da bagaj içerisinde bulunan eşyaların sağa sola savrulmasını ve ses yapmasını engelliyor araç silme bezi marketten aldığınız bir poşet yuvarlanıp dökülebilecek malzemeler için ideal,negatif,val,rastgele,1,"Bn,Qp",,,pozitif,,negatif,,,,0
5437,arkadaslar ben şimdi sipariş ettim zaten ben alışverişimi burdan yapiyom çok güvenilir,pozitif,train,hedefli:kelime_yok,1,Sp,,,,,,,pozitif,,0
5438,telofon tasarım olarak güzel arka kamerası 13 mp hiç alakası yok görüntülü konuşurken arka kamera hiç göstermiyor. akşam fotoğraf iyi çekmiyor kimseye tavsiye etmem ben iadeye gönderdim hepsiburada.com. dan paramın iade edilmesini bekliyorum.,negatif,val,rastgele,1,"Gp,Pn",,,,negatif,,pozitif,,,0
5439,tirtikli musamba gibi. daha dogala yakin bir doku bekliyordum. memnun kalmadim.,negatif,val,rastgele,1,Qn,,,negatif,,,,,,0
5440,bir android hastası olarak artık farklı bir işletim sistemi denemek için eşime aldım. muazzam bir cihaz.,pozitif,val,rastgele,1,Qp,,,pozitif,,,,,,0
5441,bu kitaba güzel diyen arkadaşlar cidden hiç kitap okumayan insanlar herhalde okunacak o kadar güzel kitap dururken kesinlikle tavsiye etmiyorum.,negatif,train,hedefli:kelime_yok,1,Qn,,,negatif,,,,,,0
5442,2 ay önce aldim bu ürünü gerçekten çok güzel terleti̇yor. zayifalamak i̇steyenler i̇çi̇n çok i̇deal. şi̇mdi̇ eşi̇mede bi̇r tane alicam herkese tvsi̇ye ederi̇m.,pozitif,train,hedefli:kelime_yok,1,Qp,,,pozitif,,,,,,0
5443,annem ve babama hediye olarak daha dün aldım..,pozitif,train,hedefli:kelime_yok,1,0,,,,,,,,,0
5444,parasını hak eden bir ürün asla değil. 6 bar buhar basıncı ütülerken hiç hissedilmiyor. herhangi bir buhar kazanlı ütü alsaydım daha iyiydi. almayın paranız boşuna gitmesin.,negatif,val,rastgele,1,"Fn,Pn",,negatif,,negatif,,,,,0
5445,ürünü bileğim ağrıdıgı icin aldım.yorumları okuyunca dahada ürüne icim ısındı.dün siparis vermistim.bugün elime gecti.kargosu hızlı.kokusu biraz var.estetik özelliğe sahip ve kalitesi en üst düzeyde.ama ürün kendisini cok güzel belli ediyor.tesekkürler hepsiburada,pozitif,train,hedefli:kargo,1,"Kp,Gp,Qp",pozitif,,pozitif,,,pozitif,,,0
5446,kısacası biraz pahalı bir fiyatı olmakla birlikte görüntülü görüşme haricindeki tüm telefon ve fotoğraf makinesi ihtiyaçlarınızı karşılar.,pozitif,val,rastgele,1,"Fn,Qp",,negatif,pozitif,,,,,,0
5447,şiparişim hemen kargoya verildi hepsiburadaya teşekkürler     küçük ama çok işime yarıyor bu tost makinası herkese tavsiye ederim özellikle de bekarlara,pozitif,train,rastgele,1,"Kp,Qp,Bn",pozitif,,pozitif,,negatif,,,,0
5448,sipariş verdiğimin ertesi gün ürünü teslim aldım. hepsi burada ailesine teşekkür ederim.,pozitif,val,rastgele,1,Kp,pozitif,,,,,,,,0
5449,fiyatı çok iyi. sorunsuz teslim aldım tavsiye ederim. teşekkürler.,pozitif,val,rastgele,1,"Fp,Kp",pozitif,pozitif,,,,,,,0
5450,iphone 5s cep telefonumu iki kez bile sarj etmedi iade ettim hafifolmasina hafif ve ince ama benim isime yarayan bir powerbank degil almak isteyenler bunu göz artı etmesin,negatif,train,hedefli:boyut,1,"Qn,Bp",,,negatif,,pozitif,,,,0
5451,kargoda problem yok. telefon 3 hafta sonra kapandi formatla acabildim.kamereda ekran buyukluk ayarlarinda gecis yaparken dalgalanma oluyordu.hoparlorden ara ara cizirti geliyor. edge ekranida nebilim ben kullanisli bulmadim.,negatif,val,rastgele,1,"Kp,Qn,Pn",pozitif,,negatif,negatif,,,,,0
5452,"ev telefonu olarak alınabilecek bir telefon. fiyatı da uygun. kullanıyorum, memnunum.",pozitif,train,rastgele,1,"Fp,Qp",,pozitif,pozitif,,,,,,0
5453,en önemli özelliği titreşiminin olması telefon çaldı duymadım olayı yok...,pozitif,train,hedefli:kelime_yok,1,Pp,,,,pozitif,,,,,0
5454,tavsiye etmiyorum. süngerleri çok kalın ve sert malzeme kullanılmış. bundan dolayı kapı kapanmıyor.,negatif,train,rastgele,1,Qn,,,negatif,,,,,,0
5455,orta boy olan ilk seyahatinde tekerlek kısmının oradan kırıldı ne yazık ki,negatif,train,rastgele,1,Qn,,,negatif,,,,,,0
5456,malzeme kalitesi çok kötü. özellikle klips olayı tam bir sorun. klipsi mutlaka kırılıyor kullanımda. üstelik serviste yedek parçası da yok. ürünü değiştirmek istediğinizde ne yazık ki servis sorun çıkarıyor. onun yerine klipsi sağlam bir ürün bulmanızı öneririm.,negatif,train,hedefli:satici,1,"Qn,Sn",,,negatif,,,,negatif,,0
5457,bebek bezi zaten bilindik ancak set cok guzel .,pozitif,val,rastgele,1,Qp,,,pozitif,,,,,,0
5458,"alışana kadar bir kaç gün problem varmış gibi oluyor. daha sonra alıştığınızda bırakamıyorsunuz. gayet güzel. büyük olması, çok sert veya yumuşak olmaması rahat bir kullanım sağlıyor. fiyatı uygun. daha ne olsun",pozitif,val,rastgele,1,"Qp,Bp,Pp,Fp",,pozitif,pozitif,pozitif,pozitif,,,,0
5459,ürünü telefonun uygulama hafızasını genişletmek için kullanıyorum.  uygulama açılışında bile çok hızlı.  gayet başarılı ve f/p ürünü. ..hızlı kargo ve en iyi flyat için teşekkürler hb.,pozitif,train,hedefli:boyut,1,"Pp,Qp,Fp,Kp",pozitif,pozitif,pozitif,pozitif,,,,,0
5460,film izlemek için kavisli olması çok güzel ancak internette gezerken alışamadım. oyun oynarken de bu markanın genel özelliği yenileme hızının düşük kalması. pratikte ideal bir ürün değil.,negatif,val,rastgele,1,Pn*,,,,negatif,,,,performans,1
5461,göründüğünden çok daha güzel ve şık herkese tavsiye ederim. büyük olmasına rağmen çok hafif ve kol yormuyor. fiyatı kalitesine göre çok uygun.,pozitif,train,hedefli:boyut,1,"Gp,Bp,Fp",,pozitif,,,pozitif,pozitif,,,0
5462,tavsiye üzerine aldım bir defada bu kadar kesin sonuç alacağımı sanmıyordum kepekten tamamen kurtuldum kullanmadığım ürün kalmamıştı başlı başına büyük sorundu artık çözüldü çok teşekkür ediyorum tavsiye ederim son derece mükemmel bir ürün,pozitif,val,rastgele,1,Qp,,,pozitif,,,,,,0
5463,ürünün açıklamasında aynı gün gönderileceği yazmasına rağmen bir gün sonra kargoya verildi... sana yakışmadı hepsiburada,negatif,val,rastgele,1,Kn,negatif,,,,,,,,0
5464,çok birşey beklemeyin. ürün slim sigara boyutunda ucunda kibrit ucu kadar bir taş var ve zımpara yapıyor. çok marifetli bir ürün olduğu söylenemez,negatif,val,rastgele,1,Qn,,,negatif,,,,,,0
5465,on numara bir ürün herkese tavsi̇ye ediyorum.kesinlikle pişman olmazsiniz evde ki̇ yorganlari sikistirin atin kenara annenler ve kayin validem bayildilar herkese öneriyorlar.fiyat. olarakta bu fiyata tekini ancak alirsiniz hiç durmayin verin siparişi,pozitif,val,rastgele,1,"Qp,Fp",,pozitif,pozitif,,,,,,0
5466,sağ üst kısmın kaplaması zarar görmüş halde geldi. kurarken alyan vidalar yerine tam oturmadı.kurduktan sonra da biraz sallanma var. çok kaliteli bir ürün değil.,negatif,train,rastgele,1,"Kn,Qn",negatif,,negatif,,,,,,0
5467,"bu fiyata büyük beklentiye girmeyin, rüzgarı kısmen keser.",negatif,train,hedefli:boyut,1,"Qn*,Fx",,nötr,negatif,,,,,kalite,1
5468,daha önceki aldığım samsung kulaklık çekim mesafesi daha iyi hic parazitsizdi ve titreşim özelliği vardı tek kotu yönü kablosu cihaza akupledi bu yeni model ama eskisi daha iyiymis,negatif,val,rastgele,1,"Pn,Qn",,,negatif,negatif,,,,,0
5469,ürün diğer ütü masalarına göre ebat olarak küçük duruyor. ebatlarını gözden geçirerek alırsanız sıkıntı yaşamazsınız. biraz kalitesiz gibi duruyor.,negatif,train,rastgele,1,"Bn,Qn",,,negatif,,negatif,,,,0
5470,hepsi buradaya teşekkürler..güvenilirliği çok iyi..ürünü sipariş verdikten sonra banka size geri dönüyor..bu yüzden biraz uzayabiliyior ama onaylamadan göndermiyorlar..internetten alışveriş yapmak isteyenlere önerim...,pozitif,val,rastgele,1,Sp,,,,,,,pozitif,,0
5471,2 kedim var onlara aldım.tuvalet düzgün temizlenmiyor aşırı pis kokuyor.alan çok dar kediler hiç rahat edemediler.i̇ç haznesi çok az kum alıyor fazla koyarsanız akıp alta gidiyor.asla tavsiye etmem.çok yer kaplıyor aynı zamanda.,negatif,train,rastgele,1,"Qn,Bn",,,negatif,,negatif,,,,0
5472,diger aldigim hareketli kitaplar gibi kaliteki degil. baskasini almasnizi oneririm,negatif,train,rastgele,1,Qn,,,negatif,,,,,,0
5473,tek + yönü sağlam ve anahtarlıkta hoş duruyor. yazma hızı 7 gösterilmis 4 küsür ile yaziyor.,negatif,train,hedefli:gorunum,1,"Qp,Gp,Pn",,,pozitif,negatif,,pozitif,,,0
5474,ürün geldiği gün hemen aveo arabama taktım şık oldu ama o kadar dikkatli davranmama karşın birinin bir tırnağı ters dönüp kırıldı tırnaklar çok zayıf lastikçiye gittiğinizde dikkatlice kendiniz söküp takmalısınız,negatif,val,rastgele,1,"Gp,Qn",,,negatif,,,pozitif,,,0
5475,kardesim icin aldim. kaliteli ve zarif bir goruntusu var. ayrica kutudan kilif ve ekran koruyucu cikmasida hoc bir supriz. tesekkurler,pozitif,train,rastgele,1,"Qp,Gp,Sp",,,pozitif,,,pozitif,pozitif,,0
5476,renk pembe geldi 1 bilgisayara bağladım kısa devre yaptırdı 2 yanık kokusu yapıyor 3 sesli çalışıyor 4 görüntü güzel sadece 5 :) tavsiye etmiyorum. ucuz diye almayın sakın arkadaşlar hayal kırıklığı maalesef :)))),negatif,val,rastgele,1,"Qn,Pn*,Gn",,,negatif,negatif,,negatif,,performans,1
5477,hem ucuz hem oldukça kaliteli hem de şık. kurulumu da çok kolay elinize sağlık...,pozitif,val,rastgele,1,"Fp,Qp,Gp,Pp",,pozitif,pozitif,pozitif,,pozitif,,,0
5478,kullanıyorum daha 10 kere kullanmadan yırtılmaya başladı fakat kullanmaya engel olmuyor yani yırtıldığı yerden kendini kolay kolay bırakmıyor. yinede alın bence,negatif,train,rastgele,1,Qn*,,,negatif,,,,,kalite,1
5479,"ürün çok güzel.kaliteli .lakin yaylı yatakta yatmaya alışmış biri için değişik gelebilir visco yatak.ben çok yumuşak ,içine gömüldüğüm yatak seviyorum.visco esnemiyor bile.kendini sırt üstü yatağa atarsan sertliği ile tanışıyorsun.",negatif,val,rastgele,1,"Qp,Pn",,,pozitif,negatif,,,,,0
5480,"1993 yılından beri kullanıyorum, düşmeler çarpmalar v.s v.s hâlâ taş gibi",pozitif,train,hedefli:kelime_yok,1,Qp,,,pozitif,,,,,,0
5481,"ürün elime yeni geçti, beklentim büyüktü fakat çalıştırdığımda çok ses yapıyor o yüzden işyeriniz için ideal bir ürün olacağını zannetmiyorum.",negatif,train,hedefli:kargo,1,Pn,,,,negatif,,,,,0
5482,ürünü burdan aldım. montajını yaptırdım. görünüşü çok güzel ve havalı. ama davlumbaz 3. kademede çalıştırınca kendi kendine duruyor ve 15dk çalıšmıyor. bir özellik değil ama yapıyor. denemeye devam ediyorum. ya sevisi çağıracam . yada iade edecem. bakalım.,negatif,train,hedefli:satici,1,"Gp,Qn",,,negatif,,,pozitif,,,0
5483,4adet aldım umarım hızlı bir şekilde gelir bayrama kullanırım :)),pozitif,val,rastgele,1,0,,,,,,,,,0
5484,değiştirmesi çok basitmiş.bu kadar kolay olacağını tahmin etmemiştim..youtubeda videosu var izledim ve kolayca değiştirdim. koltuğumu değiştirmekten kurtuldum.,pozitif,train,rastgele,1,Pp,,,,pozitif,,,,,0
5485,ramazan bayramından önce bayisinden satın aldım. genel özellikleri iyi ama geç şarj oluyor (3 saati geçiyor). alacak arkadaşlar bunu göz önünde bulundursun.,pozitif,val,rastgele,1,Qn*,,,negatif,,,,,kalite,1
5486,"telefon gerçekten beklediğimden iyi çıktı.etrafımda inceleyen herkesde hayran kaldılar diyebilirim.kamerası çok iyi,çok net.i̇nternet bağlantı hızı olsun,kullanım açısından da donma kasma gibi problemler yok.çift sim kart aktif olarak kullanılabiliyor.fiyat performans olarak 10 numara diyebiliriz.gönül rahatlıyla satın alabilirsiniz.",pozitif,train,rastgele,1,"Qp,Pp,Fp",,pozitif,pozitif,pozitif,,,,,0
5487,sipariş verdikten 2 gün sonra ürünü teslim aldım. bu fiyata iyi bir ürün ama kokusu rahatsız edici. özellikle yüz üstü yapılan egzersizlerde dayanılmaz hale geliyor.,negatif,val,rastgele,1,"Kx,Fp,Qp,Pn",nötr,pozitif,pozitif,negatif,,,,,0
5488,"tek kelimeyle mükemmel bir ürün, şiddetle tavsiye ederim",pozitif,train,rastgele,1,Qp,,,pozitif,,,,,,0
5489,geçen sene almıştım tasarımı çok şık ama 3 kademeli ve 1. kademesi çok hızlı geliyor daha önce 5 kademeli olanını kullanmıştım ve 1. kademesi tam yetiyordu bence en büyük eksikliği bu. çok sıcak olmayan havalarda açtığınızda 1. kademe fazla geliyor.,negatif,train,rastgele,1,"Gp,Pn",,,,negatif,,pozitif,,,0
5490,çok bir ekstra özelliğini göremedik normal primadan farkı yok kanımca,negatif,train,hedefli:kelime_yok,1,Qn,,,negatif,,,,,,0
5491,"bebeğinizde her hangi bir alerjik durum söz konusu değilse ki bunu deneyerek anlayabilirsiniz, en ideal bez diyebilirim. gayet memnun prensesimiz..",pozitif,train,rastgele,1,Qp,,,pozitif,,,,,,0
5492,i̇ki yüzlü ızgarası yumurta vb. pişirimini kolaylaştırıyor. hepinize tavsiyedir..,pozitif,val,rastgele,1,Pp,,,,pozitif,,,,,0
5493,telefon için bir tane manyetik çıkıyor. mıknatısın çekim gücü yetersiz. telefonu bir kaç kere düşürdüm. bu fiyata iyi ve kaliteli bir ürün beklerdim.,negatif,val,rastgele,1,"Pn,Fn,Qn",,negatif,negatif,negatif,,,,,0
5494,elektrikçilerde bulamadım hemen hepsi burada ya girdim gece lambası olarak,pozitif,train,hedefli:kelime_yok,1,0,,,,,,,,,0
5495,hızlı teslimat diyor ama hemen gelmiyor inanmayın ürün güzel sorunsuz,negatif,train,rastgele,1,"Kn,Qp",negatif,,pozitif,,,,,,0
5496,yastık yumuşak kafanızı koyduğunuz zaman rahat ama çok alçak insan düz belki yatabilir ama yan olunca pek desteklemiyor boynu,negatif,val,rastgele,1,"Pn*,Bn",,,,negatif,negatif,,,performans,1
5497,"ürün şık olmasına rağmen öpücük işlevini yerine getirmediği için yarım saat uğraşmama rağmen duvara,dolaba hiçbir yere tutturamadım.yapıştırıcı alıp yapıştırmayı düşünüyorum.",negatif,train,hedefli:gorunum,1,"Gp,Qn",,,negatif,,,pozitif,,,0
5498,doğruluğundan emin olmak zor. fakat ayaklığının olmaması çok kötü. duvara asmak için illa çivi çakmak gerekiyor.,negatif,train,hedefli:kelime_yok,1,Pn,,,,negatif,,,,,0
5499,ürün yapışması çok güzel fakat tam parlak değil parlak istiyorsanız memnun kalmazsınız,negatif,val,rastgele,1,"Qp,Gn",,,pozitif,,,negatif,,,0
5500,aldıktan  1 gün sonra motor bölümünden ses gelmeye başladı ve ertesi sabah çalışmadı.malzeme çok kalitesiz.kesinlikle tavsiye etmiyorum.,negatif,train,rastgele,2,Qn,,,negatif,,,,,,0
5501,"ürün düşündüğüm, gibi çıktı ve zamanında teslimatla, hepsi buradaya bu ürünleri bizlere sunduğu için teşekkürler.",pozitif,train,rastgele,2,"Qp,Kp",pozitif,,pozitif,,,,,,0
5502,cihaz çok başarılı.kanal geçiş hızı tatminkar.tkgs özelliği avantaj.tkgs özelliği sayesinde kanal atartma derdi ortadan kalkıyor.malzeme kalitesi gayet iyi.,pozitif,train,kararsiz,2,"Qp,Pp",,,pozitif,pozitif,,,,,0
5503,"arkadaşlar bence bu fiyata bu özellikler kaçırılmaz. 1-2 milyar verip , 2 sene sonra elinde kalacağını düşünenler için süper bi telefon.",pozitif,train,rastgele,2,"Fp,Qp",,pozitif,pozitif,,,,,,0
5504,benzer ürünlere göre verimi daha düşük oranda diyebilirim. beklentimi tam olarak karşılamadı.,negatif,train,kararsiz,2,Qn,,,negatif,,,,,,0
5505,uzun süre araçta kokusu kalıyor. onun dışı iyi.,negatif,train,rastgele,2,"Pn,Qp",,,pozitif,negatif,,,,,0
5506,ürünü tavsiye etmiyorum.öncelikle en düşük devri 800 daha azı yok.yazın bu devirde sıktırmak fazla olabilir ya da bazı ürünler için uygun değil.deterjan gözü oyuncak gibi bir plastik.oldukça da gürültülü,negatif,train,rastgele,2,"Pn,Qn",,,negatif,negatif,,,,,0
5507,"öncelikle çekiş gücü çok iyi , ev de  yer kaplamaması da bir avantaj. fiyatına göre çok uygun olduğunu düşünüyorum.tavsiye ederim.",pozitif,train,rastgele,2,"Pp,Bp,Fp",,pozitif,,pozitif,pozitif,,,,0
5508,sadece su sicaklik orani yeteli̇ deği̇l kahvesi̇ni̇ çok sicak sevenler i̇çi̇n sikinti olabi̇li̇r bunun,pozitif,train,kararsiz,2,Pn,,,,negatif,,,,,0
5509,dolabın alt kısmı güzel standartlara yakın ama üst kısmı hiç iyi değil çok basit yapılmış hiç tavsiye etmem,negatif,train,kararsiz,2,Qn*,,,negatif,,,,,kalite,1
5510,marketlerden almaya kalksanız çok daha pahalı. bu şekilde 1 tanesi bedavaya geliyor.,pozitif,train,rastgele,2,Fp,,pozitif,,,,,,,0
5511,yaklaşık 1 aydır kullanıyorum gayet güzel.ufak tefek eksiklikleri dile getiren arkadaşlar bu fiyata inanın daha iyisini bulamayacağınız kesin.başta tereddüt ettim ama sonradan iyiki almışım dedim.teşekkürler,pozitif,train,rastgele,2,"Qp,Fp",,pozitif,pozitif,,,,,,0
5512,hayatınızda kullanacagınız en iyi bayan parfümü vazgeçilmeyen eşim çok uzun zamandır bunu kullanıyor yolda bile durduruyorlar inanılmaz bir parfüm.. kesinlikle tavsiye ederim..,pozitif,train,rastgele,2,Qp,,,pozitif,,,,,,0
5513,"ev i̇çi̇ hortumu i̇çi̇n i̇deal bi̇r ürün, özelli̇kle balkon kullanimi i̇çi̇n çok kullanişli ve esteti̇k. ben en çok rengi̇ni̇ ve kumaşin dokusunu beğendi̇m.",pozitif,train,rastgele,2,"Pp,Gp,Qp",,,pozitif,pozitif,,pozitif,,,0
5514,tencerelerim elime 2.günün sonunda ulaştı.gerçekten çok güzel çıktı hatta 2lt lik olanla çorba bile yaptık düşünenlere tavsiye almaya değer... bu arada hepsiburadayada teşekkürler:),pozitif,train,kararsiz,2,"Kx,Qp",nötr,,pozitif,,,,,,0
5515,"adı üstünde faber-castell. piyasada bulunan made in chına kalemlerinden değil dersem yeter herhalde. fitatı da uygun, ofis ve okullar için ideal",pozitif,train,rastgele,2,"Qp,Fp",,pozitif,pozitif,,,,,,0
5516,"daha derin olabilrdi zira kek taşıyor  kenarları  da çok eskin ,yuvarlatılabilirdi.bu kaliteye daha bile ucuz olabilirdi.",negatif,train,kararsiz,2,"Bn,Qn,Fn",,negatif,negatif,,negatif,,,,0
5517,"çift yönlü kullanabilirsiniz, bir tarafı diğerine nazaran daha sert (ufak bebekler icin).",pozitif,train,rastgele,2,Pp,,,,pozitif,,,,,0
5518,ev içinde kullanmak için ideal daha büyüğü çok yer kaplar. 1-3 yaş arası çocukların oynayabileceğini düşünüyorum.,pozitif,train,rastgele,2,Bp,,,,,pozitif,,,,0
5519,yorumlara göre karar verip sipariş verdiğim bu ürün beklentimin çok üstünde çıktı. teşekkür ederim.,pozitif,train,kararsiz,2,Qp,,,pozitif,,,,,,0
5520,urunu süper hızlı aldım lakin 10 gün boyunca zor geçti kaç defa aradım su bu neyse urun güzel lakin büyük ağır boyutu ağırlı önemli değil bana guc olsun dayanlik hakkını veren diyorsanız mi ve mi ürünleri premuim,negatif,train,kararsiz,2,"Qp,Bn",,,pozitif,,negatif,,,,0
5521,diğer amaçlar ile kullanıma sözüm yok fakat ofis içi kullanıma tavsiye etmem.,negatif,train,kararsiz,2,Qn,,,negatif,,,,,,0
5522,güzel ve gösterişli ancak malzeme kalitesi olarak biraz zayıf gibi geldi bana. ayrıca koltuk çok dik ve uzun süreli oturduğunuz zaman bel ağrısı yapıyor.,negatif,train,kararsiz,2,"Gp,Qn,Pn",,,negatif,negatif,,pozitif,,,0
5523,ürün zamanlaması mükemmel herzaman ki gibi ürüne gelicek olursak bu ürüne olumsuz bişeyler yazmak haksızlıktır bana göre bu ürünü yüzünüzde küçük dokunuşlarda kullanmak için almalısınız hiç pişman olmazsınız emin olun hemde böle bi para miktarına karşın ne kaybedersiniz,pozitif,train,kararsiz,2,"Kp,Qp,Fp",pozitif,pozitif,pozitif,,,,,,0
5524,hatta vasatinda altinda bir usurun cikti 1cm lik taslari bile cekemiyor.tozlari aliyor ama tekrar haznesinden toz ufluyor bana kalirsa paranizi sokaga atmayin,negatif,train,rastgele,2,"Qn,Pn",,,negatif,negatif,,,,,0
5525,"hayal kırıklığına uğradım, ürün iphone şarj etmiyor, bunu belirten herhangi bir ibare de yok özelliklerinde.",negatif,train,rastgele,2,"Pn,Qn",,,negatif,negatif,,,,,0
5526,"iki tane 6 kiloluk dambıl aldım. kargo sırasında kenarını köşesini patlatmadan getirmişler, teşekkür ediyorum. bence gayet kullanışlı bir spor aleti. 5 kiloluk almaktansa 6 kiloluk almanızı tavsiye ederim. sonrasında 10 kiloya geçişte farkı anlayacaksınız :)",pozitif,train,kararsiz,2,"Kp,Pp",pozitif,,,pozitif,,,,,0
5527,"ki̇m gorduyse si̇pari̇ş veri̇yor,6 tane aldim şuan  kadar almayada devam edecem gali̇ba   tavsi̇ye ederi̇m  cok i̇yi̇ kali̇teli̇ bi̇r urün tek husura var üzeri̇nde ki̇ tus bastigin an son aranani ariyor yakanizda taktiniz zaman sorun olmuyor, cemi̇ni̇ze koydunuz zaman oluyor.",pozitif,train,kararsiz,2,"Qp,Pn",,,pozitif,negatif,,,,,0
5528,ürün kalite bakımından birşeye benziyor ancak alt dolabın delikleri tutmuyor iade edeceğim mobilyacı olsam zaten kendim yapardım 2 gündür uğraşıyorum,negatif,train,kararsiz,2,Qn*,,,negatif,,,,,kalite,1
5529,ürün görsellerden daha iyi geldi. çok memnun kaldık. fiyatı artmadan almanızı tavsiye ederim.,pozitif,train,rastgele,2,"Gp,Qp",,,pozitif,,,pozitif,,,0
5530,5. dış görünüşü zarif ve çift kapak ile gelmesi,negatif,train,kararsiz,2,Gp,,,,,,pozitif,,,0
5531,özellikle askılığıyla beraber bu ürünleri almanızı kesinlikle tavsiye ediyorum..mangal için hem görüntü hem kullanış açısından mükemmel..bu markanın mangalının yanına takılıyor ve uzun olmaları kullanış açısından büyük klaylık sağlıyor.,pozitif,train,kararsiz,2,"Gp,Pp,Bp",,,,pozitif,pozitif,pozitif,,,0
5532,hepsiburadayaı daha önce de kullanmıştım.güvendiğim bir site.ürün güründüğü gibi çıktı.kaliteli.görenler beğendi.çok ağır veya çok kaba değil.kırmızı rengini aldım.yalnız kargo kötü.2 günde antebe geldi.2 günde teslim edilmedi.o da beldava olmasından herhalde.,pozitif,train,rastgele,2,"Gp,Qp,Bp,Kn",negatif,,pozitif,,pozitif,pozitif,,,0
5533,ürünü odamda ambiyans aydınlatması olarak kullanıyorum gayet güzel iş yapıyor gece lambası için uygun bir ürün değil bence,pozitif,train,kararsiz,2,Qp,,,pozitif,,,,,,0
5534,fiyata göre güzel bi saat güzel basit ve şık duruyor. hem spor hemde klasik kullanım için uygun. her keze tavsiye ederim,pozitif,train,kararsiz,2,"Fp,Qp,Gp",,pozitif,pozitif,,,pozitif,,,0
5535,ariel ister sıvı ister toz olsun hep kaliteli,pozitif,train,rastgele,2,Qp,,,pozitif,,,,,,0
5536,not: çıkan kurum mazot yanmasından olurmuş arada bir temizletin,negatif,train,kararsiz,2,0,,,,,,,,,0
5537,bu paraya gelen plastik son derece basit ürünü görünce çok şaşırdım. takılınca biraz daha güzel duruyor. yatak odama renkleri çok uyduğundan iade etmedim,negatif,train,kararsiz,2,"Fn,Qn,Gp",,negatif,negatif,,,pozitif,,,0
5538,fiyatına göre iyi sadece plastik aksamları biraz kötü,negatif,train,rastgele,2,"Fp,Qn",,pozitif,negatif,,,,,,0
5539,"ürün benim ilk kullandığım orjinal parfüm.kokusunu bilmeden,yorumları okuyarak almıştım.çok beğendim.10 aydır kullanıyorum.bittiğinde tekrar sipariş edicem.2 gün içindede adresime ulaştı.kalıcı bir koku,ağır değil.tavsiye ederim.",pozitif,train,rastgele,2,"Qp,Kx,Pp",nötr,,pozitif,pozitif,,,,,0
5540,koşu bandı aldım.beraberinde tavsiye edildigi için sweat sauna eşofmanını aldım.30 dakikalık bir yürüyüş sonucu süper terletiyor.bu sayede kilo verebilecegime inanıyorum.i̇nşallah umdugum gibi olur.çok memnunum tavsiye ederim.,pozitif,train,rastgele,2,Qp,,,pozitif,,,,,,0
5541,çok kaliteli bir ürün aracı yıkadıktan sonra jantları kurulayıp ürünü kullandım jantlar ilk günkü gibi pırıl pırıl parladı. ürünü uyguladıktan sonra 3 dk civarı üzerinde beklettim. kesinlikle tavsiye ediyorum.,pozitif,train,rastgele,2,Qp,,,pozitif,,,,,,0
5542,eşime aldım ve çok memnun kaldı çok iyi ürün,negatif,train,rastgele,2,Qp,,,pozitif,,,,,,0
5543,bu saatin başka bir modelini iş yerimde kullamıyordum. evde de lazım oldu aldım. çok güzel bir alet parasının karşılğığını tam veriyor. gerekli is almanızı tavsiye ederim.,pozitif,train,rastgele,2,"Qp,Fp",,pozitif,pozitif,,,,,,0
5544,filtre denen sünger 2 kullanımda tıkanıyor fiyat fayda ilişkisi sıfır,negatif,train,rastgele,2,"Qn,Fn",,negatif,negatif,,,,,,0
5545,"acayip gürültülü ve uzun sürede kaynatıyor suyu , tavsiye etmiyoruzzz...",negatif,train,kararsiz,2,Pn,,,,negatif,,,,,0
5546,"süpürgemi çalışıyor vidanjörmü çalışıyor belli değil,apartman ayağa kalkıyor,onun dışında temizliği güzel,suya çekmesi güzel.ayrıca güç ayar düğmesi yok,hep maksimumda çalışıyor.",negatif,train,rastgele,2,"Pn*,Qp",,,pozitif,negatif,,,,performans,1
5547,ürün resimde göründüğü gibi değil küçük çiçekler yok resimde demir çubuklar üzerinde yapışık 2 adet çiçek görünüyor. üzerine sus konduğunda fena durmadı süsler bi parça şïk görünmesini sagladi,negatif,train,rastgele,2,Gn*,,,,,,negatif,,gorunum,1
5548,benziklikler de satılan antifrizli cam suları ile bir farkı yok.,negatif,train,kararsiz,2,Qx,,,nötr,,,,,,0
5549,almis oldugum urunun sunta kalitesi normal.fakat urunun parcalarinda numaralandirma yok.urunun cogu parcalarinin birlestirme yerlerindeki delikler yok.urun kurulum semasi yetersiz.yani mobilya ustasi degilseniz kesinlikle dolabi kuramazsiniz.hic yanasmayin derim.zaten iade etmeyi dusunuyorum,negatif,train,rastgele,2,"Qn,Pn",,,negatif,negatif,,,,,0
5550,eskiden köyde amcaların kullandığı zilden :) biraz enterasan duruyor spor bisikletlerde,negatif,train,rastgele,2,Gx,,,,,,nötr,,,0
5551,zincirlerin birleştiği yerler her an kopacakmış gibi inciler hiç olmasa daha iyi derecede kalitesiz kolyeyi kız arkadaşıma almıştım ama başka bi arkadasa vermeyi düşünüyorum o derece utanç verici durumda vasat,negatif,train,rastgele,2,Qn,,,negatif,,,,,,0
5552,"ürün kalitesi harika, hem de kargoya teslim süresi de ürün kadar iyi. teşekkürler.",pozitif,train,rastgele,2,"Qp,Kp",pozitif,,pozitif,,,,,,0
5553,arkadaşlar ürün güzel bir ürün ama alıcak olanların dikkatine ürünle yağlı boya yani selülozik karışım olan boyalar kullanılmıyor. ürün açıklamasında bunu belirtmemiş sadece su bazlı boyalar yapılıyor. içindeki oringler selülozik boyadan dolayı erime yapıyor. almayı düşünenlerin dikkatine.,negatif,train,kararsiz,2,"Qp,Pn",,,pozitif,negatif,,,,,0
5554,gereksiz bir ürün para ile değil parasız bile almamak lazım kargoyla uğraştıgınıza değmez,negatif,train,kararsiz,2,Qn,,,negatif,,,,,,0
5555,hiç beğenmedim fan çok ses çıkarıyor kalite hiç yok,negatif,train,rastgele,2,"Qn,Pn",,,negatif,negatif,,,,,0
5556,alt demlik bildiğin su ısıtıcı kettle yani. sürekli sıcak tutma gibi bir fonksiyonu yok çayı demlediniz bardağa doldurmadan önce alt suyunu bir kaynatmanız gerekiyor,negatif,train,kararsiz,2,Pn,,,,negatif,,,,,0
5557,fiyat performans en ileri seviye denilse yeridir. pc ve tv olarak odaya mutfaklara alinir...,pozitif,train,kararsiz,2,Fp,,pozitif,,,,,,,0
5558,isınıyor.  kışın fişe taktından 40 dakika sonra  cep sobası yeine kullanabilirsiniz... çok hızlı şarj ettiği de söylenemez. gerçi orjinali de böyle. yapacak birşey yok..,negatif,train,rastgele,2,Pn,,,,negatif,,,,,0
5559,"4)6 aydır kullanıyorum şık ama bir sürü eksi yönü var,almamakta fayda var.",negatif,train,rastgele,2,"Gp,Qn",,,negatif,,,pozitif,,,0
5560,yorumlara göre hareket ettim ama başarısız bi ürün etkisi olmadı,negatif,train,rastgele,2,Qn,,,negatif,,,,,,0
5561,"her yerde bulamayacağınız, fresh ve çok güzel kokan bir deodorant. fiyatı da cabası.",pozitif,train,kararsiz,2,"Pp,Fp",,pozitif,,pozitif,,,,,0
5562,arkadaşlar bu gün teslim aldım. öncelikli olarak kutusu bulunmamakta. poşete sarılı olarak geldi.,negatif,train,rastgele,2,Kn,negatif,,,,,,,,0
5563,paraniz fazlaysa alin. yoksa bosuna almayin hic kullanisli degil. onun yerine gozluk alin,negatif,train,kararsiz,2,"Pn,Fn",,negatif,,negatif,,,,,0
5564,"hemen geldi yalniz sokak köpekleri için almıştık, bir çoğu yemedi. yazık oldu.",negatif,train,rastgele,2,"Kp,Qn",pozitif,,negatif,,,,,,0
5565,çok ses çıkarıyor ve yarım saat filan kullandıktan sonra şu ince ayarı var kendi kendine bozuluyor ve düzeltince yarım saat sonra tekrar bozuluyor alttaki bıçak titriyor ve su motoru gibi ses çıkarıyor.normal calismasida guclu oldugu icin gurultulu alcaklar bilerek alsın.,negatif,train,kararsiz,2,"Pn,Qn",,,negatif,negatif,,,,,0
5566,"tasarım olarak çok hoş, büyüklüğüne kısa süre içersinde alışılıyor ekran çerçevesi sıfır kullanılmış olması muhteşem.",pozitif,train,kararsiz,2,Gp,,,,,,pozitif,,,0
5567,fiyat ve koku çok iyi ama kalıcılık fazla yok 200 ml olması da ayrıcalık düşünenler alabilir bende almak ta tereddüt ettim güzel beğendim.,negatif,train,rastgele,2,"Fp,Pp*,Bp,Qp",,pozitif,pozitif,pozitif,pozitif,,,performans,1
5568,çooooooooook iyi bir hesap makinesi herkes tavsiye ediyorum,pozitif,train,rastgele,2,Qp,,,pozitif,,,,,,0
5569,kesinlikle harika. çok fazla traş olan birisi değilim çünkü sakalım çok yok. jiletle traş oldugunuzda hani böyle pürüssüz bir cilt olur ya aynen oyle yapti yuzumu.,pozitif,train,rastgele,2,Qp,,,pozitif,,,,,,0
5570,hızlı kargo ve aynı ürün tıpa tıp çok teşekkür ederim iyikide hepsi burada.com dan almışım ürünü iyi günler iyi çalışmalar bir dahaki alışverişte görüşmek üzere :),pozitif,train,kararsiz,2,"Kp,Gp",pozitif,,,,,pozitif,,,0
5571,kesinlikle selpak kalitesinde değil daha kalın ve suya renk veriyor bir daha almam,negatif,train,rastgele,2,Qn,,,negatif,,,,,,0
5572,arka kapağı tam oturmuyor ve çalışırken titreşip gürültü yapıyor.,negatif,train,kararsiz,2,"Qn,Pn",,,negatif,negatif,,,,,0
5573,fiyatına göre oldukça kullanışlı ve sağlam. oturak ve sırt yaslama yerleri biraz sallanıyor ama hareketli parça oldukları için o kadar da olacak artık. kargo da dağıtım yapan şube tarafından sıkıntı yaşadım hepsiburada musteri hizmetlerine bildirdim. sagolsunlar hemen ilgilendiler.  teşekkürler.,pozitif,train,kararsiz,2,"Fp,Pp,Qp*,Kn,Sp",negatif,pozitif,pozitif,pozitif,,,pozitif,kalite,1
5574,urunu fazla isiniyor. bayanlar uzun ure makinayi kullandiklarindan sorun olabilir. benim hanim begenmedi mesela. benim sacim kisa benimki hemen kurudugundan sorun yok. ona gore dusunup alin.,negatif,train,rastgele,2,Pn,,,,negatif,,,,,0
5575,"cımbız teknolojisi berbat... braun'dan beklenen kalite ve güveni sıfırladı. tüyleri kökünden almıyor, jiletten farkı yok.koparıp atıyor, haftalarca pürüzsüz cilt palavra...1 hafta sonra tüyleriniz size siz onlara bakıyorsunuz.",negatif,train,kararsiz,2,Qn,,,negatif,,,,,,0
5576,ürünü aldım iki günde teslim edildi ama makine çok sesli çalışıyor.,negatif,train,rastgele,2,"Kx,Pn",nötr,,,negatif,,,,,0
5577,sıcaklık ölçümü ve pusula pek tatmin edici değil hb den aldım kullanıyorum kolumda havuza da girdim saunayada bişey olmadı hala kullanıyorum memnunum...,negatif,train,rastgele,2,"Pn,Qp",,,pozitif,negatif,,,,,0
5578,kurulumu kolay. orijinal yazılımında (firmware) türkçe seçeneği var. web sitesindeki upgrade uygulanırsa (us_d301v1.0br_v1.2.10.1_en_td) menüler sadece ingilizce.,pozitif,train,rastgele,2,Pp,,,,pozitif,,,,,0
5579,üründen gayet memnunum gayet stabil çalışıyor aynı zamanda avucumun içine tam oturuyor görünüş olarakta çok estetik hepsiburada ailesine çok teşekkürler,pozitif,train,rastgele,2,"Qp,Pp,Gp",,,pozitif,pozitif,,pozitif,,,0
5580,resimde belirtildiği gibi kuyruklu albenili bir ürün değil yayı çok kısa kedimin hiç ilgisini çekmedi. tek renk bir maymun oyuncağı vardı tepesinde o da sallanmadan sabit bir şekilde yayın tepesinde.,negatif,train,rastgele,2,"Gn,Bn,Qn",,,negatif,,negatif,negatif,,,0
5581,prensip olarak çok kolay beğenen biriyimdir. ancak bu ürünü aldigim gün iade ettim. zira gerçekten fonksiyonel olarak hiç bir işe yaramaz.,negatif,train,kararsiz,2,Qn,,,negatif,,,,,,0
5582,ürünü ilk kargodan geldiğinde şok yaşadım ve yanlış geldi zannettim :)) büyük bir kargo beklerken rulo halinde bir paket aldım. ürün gerçekten başarılı olmuş ve emsallerine göre kaliteli ve ucuz. üreticiyi firmaya teşekkürler.,pozitif,train,kararsiz,2,"Qp,Fp",,pozitif,pozitif,,,,,,0
5583,"bugüne kadar hep yaylı yatak kullanmıştım. i̇lk kez yaysız bir yatak bu fiyata olunca , çok da beklentim olmaksızın sırf denemek için aldım. bir haftadır kullanıyorum ; müthiş rahat ettim . çok teşekkürler bu fiyata bu yatak fazla .",pozitif,train,kararsiz,2,"Fp,Pp",,pozitif,,pozitif,,,,,0
5584,malzemesi çok basit ayrıca geçme yeri tam iyi değil sallanıyor,negatif,train,kararsiz,2,Qn,,,negatif,,,,,,0
5585,ürün gayet güzel ve şık bi görünümde fiyat performans olarak çok iyi hiç düşünmeden alın derim,pozitif,train,rastgele,2,"Qp,Gp,Fp",,pozitif,pozitif,,,pozitif,,,0
5586,gercekten bu kadar ucuza bu kalite ürün gelemiyeceğini düşündüm ancak  ürün cok güzel ve kurulumudu çok basit 15 içinde kullanıma  hazır ??,pozitif,train,rastgele,2,"Fp,Qp,Pp",,pozitif,pozitif,pozitif,,,,,0
5587,kaliteli bir urun. bebegime uni baby nin bütün ürünlerini kullanıyorum hepsinden çok memnunum kaliteyi ucuza almamiza olanak sagladgin için teşekkürler hepsi burada,pozitif,train,rastgele,2,"Qp,Fp",,pozitif,pozitif,,,,,,0
5588,"yarım kilo diyeceğim neredeyse, kızıp birine atsam kafası kırılır.",negatif,train,rastgele,2,Bn,,,,,negatif,,,,0
5589,tavsiye ederim.bir haftada belirgin ön kol kasları yaptım,pozitif,train,rastgele,2,Qp,,,pozitif,,,,,,0
5590,ve internet hızında ki düşü sadece %8 (test edildi),pozitif,train,kararsiz,2,Pp,,,,pozitif,,,,,0
5591,bende yorumlara bakarak aldım bu urunu ..fiyatına ve adına gore kalitesi bence cok asagıda kalıyor.sonucta bir koku yorumlara bakarak almakta pek mantıklı değil dusununce :),negatif,train,kararsiz,2,"Fn,Qn",,negatif,negatif,,,,,,0
5592,15 gün güzel şarj etti sonra etmemeye başladı,negatif,train,rastgele,2,Qn,,,negatif,,,,,,0
5593,i̇phone 5s telefonum için aldım. 2 kere fulluyor ve birde yarım yapıyor. gayet yeterli benim için. ürünün hafif ve ince olmadı çok makul,pozitif,train,rastgele,2,"Qp,Bp",,,pozitif,,pozitif,,,,0
5594,cok harika bi kokusu var kalıcılıgından da gayet memnunum herseyden önce 200 ml. olması cok iyi kullan kullan bitmiyo resmen,pozitif,train,rastgele,2,"Pp,Bp",,,,pozitif,pozitif,,,,0
5595,samsung beni şaşırtmaya devam ediyor artık çağ atladı bu marka eskisi gibi değil kaliteye önem veriyorlar bu tarz birşeye ihtiyacınız varsa direk bunu alın derim,pozitif,train,rastgele,2,Qp,,,pozitif,,,,,,0
5596,çift taraflı olması şişirmede çok etkili. uçları sayesinde basket topumu şişirebildim. bisitlette de kullanacağım. tavsiye ederim. kargo bedava olması çok büyük artısı.,pozitif,train,kararsiz,2,"Qp,Pp,Kp",pozitif,,pozitif,pozitif,,,,,0
5597,"1 günde elime ulaştı, seri numaradan da sorguladım orjinal ürün. hepsiburadadan alınanın orjinal olmama olasılığı yok zaten :)",pozitif,train,kararsiz,2,"Kp,Sp",pozitif,,,,,,pozitif,,0
5598,"çok sıklıkla kullanmadığım bir ürün, durduğu yerde bozuldu internetten araştırınca bu markayla herkesin sorunu olduğunu ve ürünlerinin kalitesiz olduğunu okudum .kesinlikle tercih etmeyin",negatif,train,kararsiz,2,Qn,,,negatif,,,,,,0
5599,çok fazla birşey beklemeyin. showroom parlaklığı falan hikaye. aracınız yeniyse evet parlatıyor ancak ıslak görünüm yok. fiyatına göre bir performans ben bulamadım.,negatif,train,kararsiz,2,"Qn*,Fn",,negatif,negatif,,,,,kalite,1
5600,ürün yaklaşık olarak iki günde elime ulaştı. ürünü lastiğe uygulamadan önce lastiğin kuru olmasına yeterince özen gösterirseniz gayet iyi sonuç alırsınız. lastiklerin yeni gibi parlaması aracınıza ayrı bir hava katacaktır.,pozitif,train,kararsiz,2,"Kx,Qp",nötr,,pozitif,,,,,,0
5601,"doğum günümde hediye olarak gelmişti.çene altında inanılmaz başarısız,olduğu gibi bırakıyor,sonrasında traş bıçağı ile tekrar almam gerekiyor ki ben çok sert sakallı biri de değilim. hediye olarak geldiği için çok önemsemiyorum ama para verip alsaydım cidden üzülürdüm.",negatif,train,kararsiz,2,Qn,,,negatif,,,,,,0
5602,ürün masmavi bir macun içeriyor etrafı ve üstünüzü batırmamak için dikkatli kullanmalısınız... öncelikle belirtiyim diş fırçasını bile biraz maviye boyuyor dişleri beyazlatırmı bilmiyorum çünkü renk içeriği ve fırça da mavi renk hoşuma gitmedi kullanmayı bıraktım...,negatif,train,kararsiz,2,Qn,,,negatif,,,,,,0
5603,aslinda urun kotu deil fakat biz renk secenegi olmadigi halde resimde gorunenden farkli bir renk geldi rengi kotu ve sescikartmasi icin gaganin bastirilmasi lazim o islemi biz bile zor yaarken cocugun yaoabilmesi biraz zor,negatif,train,rastgele,2,"Gn,Pn",,,,negatif,,negatif,,,0
5604,eldiven bugün sabah elime geçti gerçekten evde çalışmak için yeterli bence derinin gerçek deri oldugu kokusundan ve dokunuldugunda anlaşılıyor.kaliteli duruyor bakalım ne kadar dayanıcak bana :d,pozitif,train,rastgele,2,Qp,,,pozitif,,,,,,0
5605,"30, 35 cm çaptan büyük ağaçlarda zorlanıyor ve pala esniyor. bu yüzden düz kesim biraz beceri gerektiriyor.",pozitif,train,rastgele,2,Qn,,,negatif,,,,,,0
5606,rulosuz boya yapmak cok zahmetlı derken paint zoom ile daha cok zahmete gırıyosun.boya puskurtme zayıf.tatmınkar deıl.ayarlarını oynuyosun yıne aynı yıne aynı.hortumu ıkıde bır cıkıyor.gurultude cabası.bence reklamlar tam bı fiyasko.reklamlardaki ürünlerin özel üretim oldugunu düsünüyorum.kesinlikle verilen paraya degmeyen bir boya tabancası.,negatif,train,kararsiz,2,"Pn,Qn,Fn",,negatif,negatif,negatif,,,,,0
5607,denemek için 1 paket aldık ama 3 sefer kakasını yaptı 3ündede dışarı kaçırdı. çocuk ufak olduğu için biraz civik yapıyor yarısını bez dışarı kaçırıyor hiç emmiyo desem yeri var. paketi olduğu gibi attım,negatif,train,rastgele,2,Qn,,,negatif,,,,,,0
5608,"siparişim 3 adetti, ilk gönderimde yanlışlıkla olacak 1 adet gönderildi, sonrasında bir hafta kadar gecikmeyle diğer ikisi de elime ulaştı.",pozitif,train,kararsiz,2,"Sn,Kn",negatif,,,,,,negatif,,0
5609,atlaslar hepsiburada dan mi5 alalı bir hafta oldu. hem kalite hem dizayn hem de özellikleri harika. birçok telefon kullandım hiç bu kadar beğenerek kullandığım olmamıştı. esimde bulunan iphone 6s den çok daha iyi. hiç korkmadan alın pişman olamazsınız.,pozitif,train,kararsiz,2,"Qp,Gp,Pp",,,pozitif,pozitif,,pozitif,,,0
5610,zenfone 2 mi hızlı şarj etmedi 1 yıldır.,negatif,train,rastgele,2,Pn,,,,negatif,,,,,0
5611,benim bebeğim hiç sevmedi hem büyük taşıyamadı ağzında boşuna aldık ucuz emzik deneyin önce emerse alın derim,negatif,train,rastgele,2,"Qn,Bn",,,negatif,,negatif,,,,0
5612,"gül kokusunu beğeniyorsanız tavsiye edilebilir, ancak çamaşırlarda kalıcı bir kokusu yok, klasik 10 yıkamalık vernel ürünü.",negatif,train,rastgele,2,Pn,,,,negatif,,,,,0
5613,fiyatına göre iyi performans gösteriyor. kopyalama hızı bende usb 2.0 için 18-20 mb/s şeklinde bilginize.,pozitif,train,kararsiz,2,"Fp,Pp",,pozitif,,pozitif,,,,,0
5614,boru kısmı iyi değil ama işe yarar bir makine üstelik çok hafif,negatif,train,rastgele,2,"Qp*,Bp",,,pozitif,,pozitif,,,kalite,1
5615,"geçen yıl almıştım ama memnun değilim.toz torbası çok küçük, borusu plastik çok basit, emiş gücü iyi değil ve çok gürültülü çalışıyor.",negatif,train,rastgele,2,"Qn,Bn,Pn",,,negatif,negatif,negatif,,,,0
5616,"hassas cilt bölgelerinizi hiç rahatsız ve de tahriş etmeden oldukça kolayca uygulanabilen ve de market fiyatından ucuza satılan bir ürün, biz şahsen çok beğendik ....",pozitif,train,rastgele,2,"Pp,Fp,Qp",,pozitif,pozitif,pozitif,,,,,0
5617,klavye estetik olarak güzel fakat kullandıktan bir süre sonra çok ciddi bir hata ile karşılaşıyorsunuz,negatif,train,kararsiz,2,"Gp,Qn",,,negatif,,,pozitif,,,0
5618,ben kokuyu denemeden aldım ve çok pişman oldum resmen arko traş kolonyası. benim gibi ilk kez alacaklara tavsiye etmem,negatif,train,kararsiz,2,"Pn,Qn",,,negatif,negatif,,,,,0
5619,tek bir sıkıntısı var gözüküyor. program bitiminde kurutma aşaması yeterli değil. bulaşıklar ve makinanın içi kısmi olarak ıslak kalıyor.,negatif,train,rastgele,2,Pn,,,,negatif,,,,,0
5620,bu ürün elime ulaştığında içinden kırılmıştı dısı saglam ama ıcınden ses gelıp duruyo :) ama bu fıyata gayet ıyı bı urun :),negatif,train,kararsiz,2,"Kn,Fp",negatif,pozitif,,,,,,,0
5621,"ürün orjinal güzel kutusunda geldi, mağazada kampanyaya girmesini beklemeye gerek yok, yaz boyu rahat rahat kullanmak için şimdiden aldım.",pozitif,train,kararsiz,2,Kp,pozitif,,,,,,,,0
5622,herkese hayırlı akşamlar.bende ilk defa hepsi burada dan lg3 cihaz aldım.cok menmunun.tavsiye ederim.,pozitif,train,rastgele,2,Qp,,,pozitif,,,,,,0
5623,mükemmel bir lastik.yol yardımı da evrak olarak gönderilmiyormuş 1 numara var bir sorun olduğunda o numarayı aramamız yeterliymiş.çok iyi,pozitif,train,rastgele,2,Qp,,,pozitif,,,,,,0
5624,ürünü aldıgımda yavru kedime büyük geldigi icin bandanasını kesmek zorunda kaldım ve kedim o bandanadan huylanıyordu su icerken fln hep ıslanıyor,negatif,train,rastgele,2,"Bn,Qn",,,negatif,,negatif,,,,0
5625,ürün kaliteli ve fiyatı da uygun.kısa sürede elimizde oldu.,pozitif,train,kararsiz,2,"Qp,Fp,Kp",pozitif,pozitif,pozitif,,,,,,0
5626,urunlerim elime tam zamaninda ulasti ve cok cok begendm gercekten cok tatlilar cok tsk ederim elinize saglik. cocugum oldugundada siparisim kesinlikle sizden  olacaktir??,pozitif,train,kararsiz,2,"Kp,Qp",pozitif,,pozitif,,,,,,0
5627,ürün siparişi daha elime ulaşmadı. 4. günde belki teslim edilecek. ürünü sürekli kullanıyorum. 3 saatte bir kullandıgınız zaman gayet iyi bir performans sunuyor. haricinde kalıcılık beklemeyin. fiyata göre normal.,negatif,train,rastgele,2,"Kn,Pn*,Fx",negatif,nötr,,negatif,,,,performans,1
5628,gerçekten spor ve güzel bir saat .. kesinlikle kolda güzel duruyor ayrıca büyük bir saat değil tam kıvamında :),pozitif,train,kararsiz,2,"Gp,Bp",,,,,pozitif,pozitif,,,0
5629,bu işlerden anlayan biri olarak ürün kalitesi bu fiyata göre çok iyi çok şık bi duruşu var küçük mobilyalarla şıklık arayanlara....,pozitif,train,rastgele,2,"Qp,Fp,Gp",,pozitif,pozitif,,,pozitif,,,0
5630,malzeme kalıtesı ıyı ışık kalıtesı dıger ıyı markalarla aynı,pozitif,train,kararsiz,2,"Qp,Pp",,,pozitif,pozitif,,,,,0
5631,eşdeğer modellere göre uygun fiyata sahip. tavsiye edilir. başka firmaları zengin etmeye gerek yok. general özünde yerli bir firma kabul edilebilir zaten. kargo da epey hızlı. teşekkürler,pozitif,train,kararsiz,2,"Fp,Kp",pozitif,pozitif,,,,,,,0
5632,ürün çok kalitesiz. 3-4 ayda delindi ve kenarlaından yırtıldı. bundan önceki daha ucuz paspaslar bile daha uzun süre dayanmıştı.tavsiye etmem,negatif,train,kararsiz,2,Qn,,,negatif,,,,,,0
5633,"üst kilitleri sağlam, açarken kopmuyor. keşke yerli mallarımız da bu kalitede üretse de onlardan alsak.",pozitif,train,rastgele,2,Qp,,,pozitif,,,,,,0
5634,"telefon tumseklerde dusuyor, yolda donuyor bir turlu sabitlenmiyor ve daha 2 ay oldu tutmacinin yapistiricisi kendini atti note5 telefonunuz veya genis telefonlar icin tavsiye etmiyoru.",negatif,train,rastgele,2,"Qn,Pn",,,negatif,negatif,,,,,0
5635,uzatma hortumlarını takmak tam bir eziyet. çünkü çok çukurda. diğer yönlerden güzel,negatif,train,rastgele,2,"Pn,Qp",,,pozitif,negatif,,,,,0
5636,"i̇şlemcisi, ekranı, hızlı şarj olma özelliği, 4gblık rami, kamerası gerçekten harika.",pozitif,train,kararsiz,2,Pp,,,,pozitif,,,,,0
5637,"i̇stediğim model ve renk hepsi̇burada farkıyla, uygun fiyatıyla, kısa sürede benim oldu. herkese tavsiye ederim",pozitif,train,kararsiz,2,"Fp,Kp",pozitif,pozitif,,,,,,,0
5638,hepsi̇burada: bu siteden yıllardır  alışveriş yapıyorum en küçük bir sorun yaşamadım. özellikle müşteri hizmetlerinin yaklaşımı ve ilgisi çok güzeldi.,pozitif,train,rastgele,2,Sp,,,,,,,pozitif,,0
5639,ürünün kullanım anlamında çok iyi bir ürün kullanışlı fakat paket içinden sadece cihaz çıktı ne şarj kablosu nede herhangi bir aparat çıktı o anlamda çok memnun değilim,negatif,train,kararsiz,2,"Pp,Sn",,,,pozitif,,,negatif,,0
5640,ürün iki kere caldiktan sonra pusula topu yerinden cikti,negatif,train,kararsiz,2,Qn,,,negatif,,,,,,0
5641,bileğinize göre ayarlamak için makasla kesiyosunuz o aralıklar varya oralardan. bide 5 saniye işlem yapılmazsa otomatik kapanıyor ben bunu gereksiz buldum kronometresi var ama 5 saniye işlem yapılmazsa kapanıyor wtf iyi yanları ise güzel duruyor led paneli güzel.,pozitif,train,kararsiz,2,"Pn,Gp",,,,negatif,,pozitif,,,0
5642,"herkesin olumlu yorumlarına rağmen haksızlık mı yapıyorum bilmiyorum ama ben bu kitapta seranad, mutluluk, kardeşimin hikayesinde olan anlatımı bulamadım.",negatif,train,kararsiz,2,Qn,,,negatif,,,,,,0
5643,ürünü ben cok beğendim internetten epeyce araştırma yaptım fiyat olarak da hepsiburada uygun arabanın sesinde azalma ve performansta artış hissettim tavsiye ederim ürün tarihi 24/12/2014 geldi .yeni urun.,pozitif,train,rastgele,2,"Qp,Fp",,pozitif,pozitif,,,,,,0
5644,amerikan kapılara uygun değil. çıtırtı sesi ürkütüyor ve kapıya tam oturmuyor. kendni güvende hissetmiyorsun.  ben yorumlara adırış etmeden aldım.,negatif,train,kararsiz,2,"Pn,Qn",,,negatif,negatif,,,,,0
5645,"suyu çekmesi normal ama,su püskürtmesi güzel ama fazla bastırmaya gelmiyor..zarar gelebilir.",negatif,train,rastgele,2,"Pp,Qn",,,negatif,pozitif,,,,,0
5646,3 kitabı çok uygun fiyata ve 1 günde hızlı teslimatla hepsiburada güvencesiyle aldım. geriye sadece ayaklarımı uzatıp keyifle okumak kaldı.??,pozitif,train,kararsiz,2,"Fp,Kp",pozitif,pozitif,,,,,,,0
5647,cihazda kullanılan 2k ekran süper fakat aşırı ısınma yapıyor. ayrıca pil ömrünüde bitiriyor. ürünü alıp %70 parlaklığın altında kullanacaksınız sorun yaşamazsınız.,negatif,train,rastgele,2,"Pn*,Qn",,,negatif,negatif,,,,performans,1
5648,"ürün bugün elime geçti, rengi çok güzel beğendim fakat farklı pompalarla da denememe rağmen bir türlü şişiremedim. bi hevesle aldım  hevesim kursağımda kaldı. nasıl şişireceğimize dair bir talimat olsaydı topla gelen, ona göre deneseydik daha faydalı olurdu diye düşünüyorum.",negatif,train,kararsiz,2,"Gp,Qn,Pn",,,negatif,negatif,,pozitif,,,0
5649,+ el süpürgesi olarak başarılı bir çekim gücü var,negatif,train,rastgele,2,Pp,,,,pozitif,,,,,0
5650,"büyük akvaryum diye aldık mini duvar akvaryumu yollandı fanus çapı 24 cm kargo şirketi çok kötü, almanızı tavsiye etmem mini akvaryum yolluyorlar...",negatif,train,kararsiz,2,"Sn,Kn",negatif,,,,,,negatif,,0
5651,"petshopların çoğunda kırık oluyor bunlar nedense, bana gönderdikleri düzgün geldi, bu açıdan memnunum. ancak henüz bizim ufaklıklar çok ta ilgi göstermediler.",pozitif,train,kararsiz,2,"Kp,Qn",pozitif,,negatif,,,,,,0
5652,"özet olarak 100, 200 gr. lık farklar önemli değilse bu fiyata kaçırılmaması gereken bir ürün.",pozitif,train,kararsiz,2,Fp,,pozitif,,,,,,,0
5653,20 gündür kullanıyorum. hala örümcek var hala örümcek var 2 tane kullanıyorum hemde :) sinekte oluyor.,negatif,train,rastgele,2,Qn,,,negatif,,,,,,0
5654,urunu bir hafta once aldim. urunu kullanirken plakalar tam kapanmiyor. saclarim ince telli oldugundan urunu kullanirken bastirmam gerekiyor. geri vermeyi dusunuyorum,negatif,train,kararsiz,2,Qn,,,negatif,,,,,,0
5655,ürün elime çok kısa sürede ulaştı hem çok şık hem de çok güzel bir ürün bıçakları çok keskin motoru çok iyi tavsiye ederim,pozitif,train,rastgele,2,"Kp,Gp,Qp,Pp",pozitif,,pozitif,pozitif,,pozitif,,,0
5656,2- çocuklara hep di̇ğer ürünleri̇n en kali̇teli̇si̇ni̇ kullandim aslinda onlara boşa para vermi̇şi̇z bu daha i̇yi̇ daha güzel,pozitif,train,rastgele,2,Qp,,,pozitif,,,,,,0
5657,ses kalitesi ve malzeme kalitesi orjinal apple düzeyinde değil maalesef elinize aldığınızda kalitesizliği anlıyorsunuz . yinede idare eder . kendim kullanmak için almayacağım bir ürün . ayrıca ürün basit bir poşet içerisinde geliyor.,negatif,train,kararsiz,2,"Pn,Qn,Kn",negatif,,negatif,negatif,,,,,0
5658,kalitesi için herhangi bir şey yazmaya gerek yok bence. fiyat olarak da gayet iyi.,pozitif,train,rastgele,2,"Qp,Fp",,pozitif,pozitif,,,,,,0
5659,24 yaşındayım bu zaman kadar aldığım parfümler çöpmüş taki bu kokuya rastlayana kadar hiç şüphe etmeden alın derim gerçekten harika bir koku kalıcılığıda süper hb ye tşk ederim hızlı  ve sorunsuz kargosuda gayet iyiydi,pozitif,train,kararsiz,2,"Pp,Kp",pozitif,,,pozitif,,,,,0
5660,"yemek catallarının tırnaklı kısmı asırı uzun , yemek kasıkları küçük ,içinde tatlı catalı yok ben dıkkatli okumadığım için fark etmedim , iade ettim.",negatif,train,kararsiz,2,Bn,,,,,negatif,,,,0
5661,antutu da 99.198 puan aldı. cok hızlı ve kullanışlı tavsiye ederim.,pozitif,train,rastgele,2,Pp,,,,pozitif,,,,,0
5662,"anahtarlığınızda bile taşıabileceğiz, sağlam,hızlı, kullanışlu bir usb bellek, kullanımdan kaynaklanacak arızaları önleyeck şekilde tasarlanmış, herkese he zaman tavsiye ederim.",pozitif,train,kararsiz,2,"Qp,Pp,Bp",,,pozitif,pozitif,pozitif,,,,0
5663,ürün ev ortamı için iyi. öğretmen ve öğrencilere ideal. kısa sürede 100 den fazla çıktı aldım renkli ve siyah gayet stabil çalışıyor. arada sırada kullanacaksanız veya her gün kullanmayacağım diyorsan ne gerek var pahalısına al rahat et,pozitif,train,kararsiz,2,"Qp,Fp",,pozitif,pozitif,,,,,,0
5664,vr desteği telefonunuzda yoksa görüntü netliği konusunda iyi performan beklemeyin çnkü vr destekleyen telefonlarda pixeller daha ufak ve görüntü net oluyor.,pozitif,train,rastgele,2,Pn,,,,negatif,,,,,0
5665,dün kullanmaya başladım. ses kalitesini hiç beğenmedim. karşı tarafın söylediğüini anlamakta güçlük çekiyorum . bir de kulak içi kulaklık da rahat değil . uzun süreli takmak problemli . telefonum nokia 5800 xm,negatif,train,kararsiz,2,Pn,,,,negatif,,,,,0
5666,alman kalitesinin farkı hemen belli oluyor. son yıllarda böyle kaliteli ürün bulmak çok zor. teşekkürler hepsiburada.,pozitif,train,rastgele,2,Qp,,,pozitif,,,,,,0
5667,hepsiburada sayesinde birgünde elime ulaştı ürünü denedim gercekten çok güzel makyaj temizliyor.,pozitif,train,kararsiz,2,"Kp,Qp",pozitif,,pozitif,,,,,,0
5668,ürün elime hızlı bir şekilde ulaştı resimlerde boyutunu kestiremiyorsunuz ama ürün göründüğünden baya büyük elimdeki yedeğim bitmediği için kullanmaya başlamadım ama sprey oluşu çok güzel yağ dağılımının dengeli ve kolay olacağını düşünüyorum fiyatıda çok çok iyi tavsiye ederim..,pozitif,train,rastgele,2,"Kp,Bx,Pp,Fp",pozitif,pozitif,,pozitif,nötr,,,,0
5669,"ürün elime hızlı şekilde ulaştı , hayatımda ilk defa uygulamama rağmen zorlanmadım baloncuk kalmıyor ve dokunma kalitesi orijinal ekranla bir nerdeyse , piyasada ne olduğu belirsiz ürünler yerine spigen markasını tavsiye etmenizi öneririm.",pozitif,train,kararsiz,2,"Kp,Pp",pozitif,,,pozitif,,,,,0
5670,bunca zaman niye bundan almamısım dedim. eski traş makinamla 10 dakika süren traş 3 dakka sürdü hem saç hem sakal. efsaneymiş.,pozitif,train,kararsiz,2,"Qp,Pp",,,pozitif,pozitif,,,,,0
5671,ama ithalatçı garantili olduğu için dolandırıcı arkadaşlar 32gb kutunun içinde 16gb gönderiyorlar dikkat edelim.,negatif,train,kararsiz,2,Sn,,,,,,,negatif,,0
5672,tek kelimeyle süper arabamı sonaxla yıkadım durulayınca arabada su durmuyor vede çok parlıyor,pozitif,train,kararsiz,2,Qp,,,pozitif,,,,,,0
5673,büyük perdelerde işe yaramıyor yorumlara tv deki reklamlara aldanarak aldım kullanışsız çıktı. en iyisi kornişe takılan mıknatıslı sistem,negatif,train,rastgele,2,"Qn,Pn",,,negatif,negatif,,,,,0
5674,"mümin sekmanı anlatmaya gerek yok.fakat bu kitapta beyin ile ilgili neredeyse bütün bilgi alıntı.google dan bile aratarak bulabilirsiniz bu bilgileri, kısacası mümin sekmanın bu kitabında hayal kırıklığına uğradım.",negatif,train,rastgele,2,Qn,,,negatif,,,,,,0
5675,normal bi çorap işte yok termalmiş felan hikaye. 3 derece hava da ayağımda ki botlarla bu çoraplarla dondum resmen,negatif,train,kararsiz,2,Qn,,,negatif,,,,,,0
5676,"fiyatı çok uygun olunca sipariş verdim. kısa sürede elime ulaştı. tartıyı denedim, sanki biraz farklı sonuçlar çıkıyor gibi. bilmiyorum belki de denediğim zemin tam değildir belki de ondandır. yalnız otomatik açılıp kapanma özelliği çok güzel...alınabilir, fiyat çok uygun.",negatif,train,kararsiz,2,"Fp,Kp,Pp",pozitif,pozitif,,pozitif,,,,,0
5677,saati istediğimde çok sevindim ama eve gelince comp düğmesine tıkladım birden bire cal düğmesi çıktı sonara ---- şekiller çıktı hiç ama hiç tavsiye etmem,negatif,train,kararsiz,2,Qn,,,negatif,,,,,,0
5678,"prati̇k, balkona çikarip kullanabi̇lme avantajindan dolayi aldim, çok kali̇teli̇ bi̇r malzemesi̇ yok ama i̇ş görüyor, alacak arkadaşlar bu konulari değerlendi̇rsi̇nler ona göre karar versi̇nler deri̇m",negatif,train,rastgele,2,"Pp,Qp*",,,pozitif,pozitif,,,,kalite,1
5679,çok beğendim. i̇ndirimdeydi aldım. uzun süreli ve kullanışlı bir pil. i̇htiyacı olan arkadaşlara kesinlikle tavsiye edilir. i̇yi günlerde kullanmak dileklerimle...,pozitif,train,kararsiz,2,"Qp,Fx,Pp",,nötr,pozitif,pozitif,,,,,0
5680,fikir olarak güzel ve kullanışlı ama ışığı yetersiz ve göz yoruyor bu sebepten.,negatif,train,kararsiz,2,Pn*,,,,negatif,,,,performans,1
5681,tkgs sayesinde hiç kemse zorluk çekmeden kanallarını güncelleyecek güzel bir sistem ve güzel bir televizyon.,pozitif,train,rastgele,2,"Pp,Qp",,,pozitif,pozitif,,,,,0
5682,arkadaşlar lastikleri gerçekten simsiyah yapıyor ben kullandım bitti daha sonra sonax ın köpük lastik parlatıcısını aldım arada pek bir fark yok size önerim bu üründe en ucuz hangisiyse onu tercih edin işlevsel olarak aynı.paramıza yazık,pozitif,train,kararsiz,2,"Qp,Fn",,negatif,pozitif,,,,,,0
5683,tereddutlerım olmasına ragmen urunu aldım sıparısım gecıkmeden ve hıcbır sorun cıkmadan elıme ulaştı.. suan ben cok memnunum.. evde spor ıcın yapabılecegım en ıyı sonucuda alabılecegım ucuz olan tek mekık aletı.,negatif,train,kararsiz,2,"Kp,Qp,Fp",pozitif,pozitif,pozitif,,,,,,0
5684,kullanışsız geldi bana. ayrıca montajla ilgili detaylı bilgiyi bulamadım.,negatif,train,rastgele,2,Pn,,,,negatif,,,,,0
5685,ürünü ablam için sipariş verdim.piyasadaki en uygun fiyata hepsi buradada idi.ablam gayet memnun ve ürünle ilgili hiçbir sıkıntısı yok.teşekkürler hepsi burada..,pozitif,train,kararsiz,2,"Fp,Qp",,pozitif,pozitif,,,,,,0
5686,"ürünün kalitesine lafım yok,ama emzik emmeyi reddeden bir bebeğiniz varsa bu da işe yaramıyor. emzik ağır ve sert. kesinlikle anne memesini andıran bi tarafı yok. bu emzigi daha fazla fiyata magazadan aldım. çöpe giden para :-(",negatif,train,kararsiz,2,"Qn*,Bn,Fn",,negatif,negatif,,negatif,,,kalite,1
5687,ürün çok hızlı geldiği için mağazaya teşekkürler. 1 yıldız ürün içindir.,negatif,train,rastgele,2,"Kp,Qn",pozitif,,negatif,,,,,,0
5688,yatak i̇nce ve yaylar hi̇ssedi̇li̇yor. fi̇yatina göre normal. çok kali̇teli̇ falan yazanlara da i̇nanmayin. beni̇m i̇çi̇n fi̇yati uygun geldi̇ ve üzeri̇ne yün döşek koyacağim i̇çi̇n kali̇tesi̇ni̇ önemsemedi̇m.,negatif,train,kararsiz,2,"Bn,Qn,Fp",,pozitif,negatif,,negatif,,,,0
5689,hem malzemesi kötü hem de çok kötü bir kokusu var. çocuğum için almıştım ama keşke almasaydım :(,negatif,train,rastgele,2,"Qn,Pn",,,negatif,negatif,,,,,0
5690,ürünüm çok kısa sürede elime ulaştı.2 adet sipariş verdim birini yeni kuracağım evime diğerini ise nişanlimin ailesine aldık.fiyat performans açısından çok güzel tavsiye ederim teşekkürler hepsiburada,pozitif,train,kararsiz,2,"Kp,Fp",pozitif,pozitif,,,,,,,0
5691,"ürün güzel,kalitesi belli.  fazla söze gerek yok ??",pozitif,train,rastgele,2,Qp,,,pozitif,,,,,,0
5692,ürün elime yeni ulaştı hava durumu sebebiyle daha kullanamadım ama başarılı bir alışveriş oldu.satıcı tavsiye olunur.,pozitif,train,kararsiz,2,Sp,,,,,,,pozitif,,0
5693,bugun elime ulasti taktim hemen super tutuyor takla atsaniz bile dusmez elimde denedim:) tesekkurler,pozitif,train,kararsiz,2,Qp,,,pozitif,,,,,,0
5694,hızlı gönderi özenli paketleme için emeği geçenlere çok teşekkürler ürünü konuşmaya bile gerek yok zaten,pozitif,train,kararsiz,2,"Kp,Qp",pozitif,,pozitif,,,,,,0
5695,çok çabuk aşınıyor ayrıca hiçbir bağımsız test kuruluşunun testlerine girmiyor şu an param yok yada arabayı satacağım zaten diyenlerin tercih ettiği bir lastik isterdim ki bu olumsuzluklar kalksın benim param ülkemde kalsın,negatif,train,rastgele,2,Qn,,,negatif,,,,,,0
5696,internetten sıvı ürün almaya hep tereddüt etmişimdir. ancak hepsiburada.comdan kesinlikle tereddütsüz alışveriş yapabilirisiniz. akmış halde gelen sıvı sabunu iadeyle uğraştırmadan hediyelerle birlikte tekrar gönderdiler. gözüm kapalı her ürünü kuşkusuz alabileceğim tek yer :),pozitif,train,rastgele,2,"Sp,Kn",negatif,,,,,,pozitif,,0
5697,bugün mağazalardan birisine gidip parfümü denedim.koku yaz için çok uygun ve fiyat olarak çok çok uygun.siprariş vermeyi düşünüyorum.grldiğinde tekrar yorum yaparım.,pozitif,train,rastgele,2,"Pp,Fp",,pozitif,,pozitif,,,,,0
5698,telefon kısa süre içersin de geldi herhangi bir sorunum olmadı kayıtlı sıfır telefon ama beni rahatsız eden pil kullanımı telefonu hiç kullanmadığım halde 5 saatte %18 şarj yiyor bu hiç normal değil.,pozitif,train,kararsiz,2,"Kp,Qn",pozitif,,negatif,,,,,,0
5699,direksiyonu ve tekerleri cok cok zor donuyor fiyatina göre daha fonksiyonel olabilirdi goruntusu guzel  2  yasindaki oglum cok zorlaniyor zaten 3 ten domrada bunlar kucuk geliyor cocuklara,negatif,train,rastgele,2,"Pn,Fn,Gp,Bn",,negatif,,negatif,negatif,pozitif,,,0
5700,"10 gündür kullanıyorum.önce kuru traş oldum.daha sonra traş köpüğü kullandım.traş köpüğü ile daha rahat traş olunuyor.temizleme aparatı çok güzel.kendi kendisini hem temizliyor,hem şarj ediyor,hem de yağlıyor.",pozitif,train,rastgele,2,Pp,,,,pozitif,,,,,0
5701,evet fazla ses yapmıyor ve saçları yakmıyor.tavsiye edilebileceğim bir ürün.,pozitif,train,rastgele,2,"Pp,Qp",,,pozitif,pozitif,,,,,0
5702,ürün hem erken geldi hemde oğlum da çok beğendi fakat kurbağa daha hassas olabilirdi çocuk çekmiyor diğerleri de güzel teşekkür ederiz.,pozitif,train,kararsiz,2,"Kp,Qp,Pn",pozitif,,pozitif,negatif,,,,,0
5703,oyun oynarken şarj ederken tel ısınıyor. telefon donuyor. silinen resimler telefon açıp kapatınca tekrar geliyo. sd kart dosyaları görmüyor. telefon yavaş. şarjıda az gidiyor. ekran hassasiyeti çok kötü. aynı wifiye bağlanırken sorun yaşıyor. 3g çekişide berbat.,negatif,train,kararsiz,2,"Pn,Qn",,,negatif,negatif,,,,,0
5704,"bulaşik maki̇nesi̇ dedi̇nmi̇ akla fai̇ry plati̇num geli̇r ,;) güzel ürün... kokusu o kadar güzelki̇ ekstra bi̇r koku takmaniza bi̇le gerek yok !",pozitif,train,rastgele,2,"Qp,Pp",,,pozitif,pozitif,,,,,0
5705,kesinlikle burun kıllarını almıyor. alacağım diye uğraşırken burnumu yara yaptım.,negatif,train,rastgele,2,Qn,,,negatif,,,,,,0
5706,samsung note 5 ürününü hızlı şarj etmiyor. bu sebep ile iade ettim,negatif,train,kararsiz,2,Pn,,,,negatif,,,,,0
5707,"malzeme kalitesi çok düşük, uygulama sırasında sesi yüksek, ergonomik değil ve performansını da beğenmedim maalesef .",negatif,train,kararsiz,2,"Qn,Pn",,,negatif,negatif,,,,,0
5708,arkadaşalar kesinlikle tavsiye ederim 5 gün önce kayınvalideme aldım şimdi bir tanede anneme aldım arnica nın kablolu ürünü kablosuzlardan daha kullanışlı çekim gücü normal süpürgeler kadar kuvvetli,pozitif,train,rastgele,2,Pp,,,,pozitif,,,,,0
5709,bu arada net de olumsuz berbat değmez tarzı yorum yapanların çoğu elindeki kendi tlfnun bile özelliklerini bilmeyen lg kullanmamış insanlar. benim gibi kararsız kalanlara tavsiye ederim şimdilik memnunum! sorunsuz ürün ve alışveriş için hepsiburada.com'a teşekkür ederim,pozitif,train,kararsiz,2,Qp,,,pozitif,,,,,,0
5710,malzeme olarak kaliteli bir şey beklemeyin. amacını pek yerine getirdiği söylenemez. su sızdırıyor. kızım şapka değil banyo oyuncağı olarak kullanıyor.,negatif,train,rastgele,2,Qn,,,negatif,,,,,,0
5711,ürün bildiğiniz iphone anlatmaya gerek yok. ancak aynı gün kargo yazmasına rağmen 5 gün sonra kargolandı. müşteri temsilcisi ile yapılan görüşmede herhangi bir sonuç alınamadı.,negatif,train,kararsiz,2,"Kn,Sn",negatif,,,,,,negatif,,0
5712,herkesten methini duyunca hemen alıp denedim fakat bardaklardaki deterjan kokusu beni ürküttü ve bir daha kullanmadım.ben calgonir quantum kullanıyorum ve daha iyisi yok sanırım.(makinemde arıza olduğunu bulaşıklarımın onun için lekeli çıktığını söyleyen servise rağmen)mükemmel temizliği quantumda buldum.,negatif,train,rastgele,2,"Pn,Qn",,,negatif,negatif,,,,,0
5713,arkadaşlar bu fiyata alınacak en güzel ürün 2 programlısını alırsanız daha ucuz ve mantıklı kapasiteleri ayni her zaman tek ayarda çalışıyor boşuna programa para vermeyin.,pozitif,train,kararsiz,2,"Fp,Qp",,pozitif,pozitif,,,,,,0
5714,ayın 15 in de siparis verdim 17 sin de aras kargo ile elime gecti.kargo paketinden ekstra olarak mini paket fairy bulasik makinasi deterjani ve persil sıvı camasir deterjani cikmasi benim icin hos bir sürpriz oldu.teşekkürler hepsi burada.,pozitif,train,kararsiz,2,"Kx,Fp",nötr,pozitif,,,,,,,0
5715,herkese tavsiye ederim cok guzel hali. saticiya ve hepsi burada'ya binlerce caglayan tesekkurler.,pozitif,train,kararsiz,2,Qp,,,pozitif,,,,,,0
5716,çok kaliteli ve hesaplı hemen elime geçti çok teşekkürler :d,pozitif,train,kararsiz,2,"Qp,Fp,Kp",pozitif,pozitif,pozitif,,,,,,0
5717,ürünü sipariş vedikten 5-6 gün sonra getirdiler böyle kargo firması olmaz olsun bu firmayla çalışmaması lazım böyle bir sitenin ürüne gelecek olursak üründen çok memnun kaldım satıcıya teşekkür ederim. bir yıldızı da kargo yüzünden kırıyorum,pozitif,train,rastgele,2,"Kn,Qp",negatif,,pozitif,,,,,,0
5718,"büro için oldukça kullanışlı bir buzdolabı ne çok büyük ne küçük buzluğunun olması ayrı bir avantaj büro tipi buzdolaplarının çoğunda yok, elektirik tüketim oranlarıda oldukça makul",pozitif,train,kararsiz,2,"Pp,Bp",,,,pozitif,pozitif,,,,0
5719,fiyat uygunluğundan dolayı tercih ettim ancak henüz kış koşullarında kullanmadım. kışın performansını daha iyi anlaşılır. ama fiyatı piyasanın çok altında kalıyor,pozitif,train,kararsiz,2,Fp,,pozitif,,,,,,,0
5720,bu ürünü babamın arabasına hediye almıştım gerçekten güzel bir görüntüsü var kokusuda gayet hoş....tavsiye edebilirim siteye teşşekkürler hızlı kargo,pozitif,train,kararsiz,2,"Gp,Pp,Kp",pozitif,,,pozitif,,pozitif,,,0
5721,bende  hepsiburadadan aldım cok ahım sahım bır urun degıl ama ısınızı fazlasıyla gorebilir benim gibi arada sırada arabasını yıkayan kişiler için ideal.,negatif,train,rastgele,2,Qp,,,pozitif,,,,,,0
5722,"bana tek katlı geldi, resimde görüldüğü  gibi değil. geri iade için uğraşmak istemedim.",negatif,train,kararsiz,2,Gn,,,,,,negatif,,,0
5723,"ürün fotoğrafındaki gibi çok kancası yok, 6 kanca ile geliyor, karşılıklı yük dengesi yapmanız gerekiyor, fakat işe yarıyor. kullanışlı.",negatif,train,rastgele,2,"Qp,Pp",,,pozitif,pozitif,,,,,0
5724,telefon dubai den ithal tamamen orjinal o yüzden şarz aleti dönüştürücülü piyasanın bence en iyi fiyat-performans telefonu servis evo garantili (inşaallah delta servise ve lenovonın servisine benzemiyordur) dürüst satıcı tsk,pozitif,train,kararsiz,2,"Fp,Sp",,pozitif,,,,,pozitif,,0
5725,ısıtması iyi. ancak çok naylonumsu ve ses çıkartıyor. yastıklar da çok zayıf. tavsiye etmiyorum.,negatif,train,rastgele,2,"Qn*,Pn",,,negatif,negatif,,,,kalite,1
5726,telefon kesinlikle fiyatının ederi değil. samsung olmasının haricinde fiyatını göz önüne alırsak bu rakamlara çok daha başarılı telefonlar alınabilir. hatta cebimizde 200-300tl kalabilir.,negatif,train,kararsiz,2,Fn,,negatif,,,,,,,0
5727,bantların genişliği yeterli değil. egzersiz yaparken katlanıyor ve rahatsızlık veriyor.,negatif,train,rastgele,2,"Bn,Pn",,,,negatif,negatif,,,,0
5728,bu fiyata daha kaliteli ve uygun ürünler var.,negatif,train,kararsiz,2,"Fn,Qn",,negatif,negatif,,,,,,0
5729,ortalama bir ürün. traş bıçağı performansı beklemeyin. tüyleri alırken atlama oluyor. tahriş yapmaması ve diğer trimmerlar gibi kanatma yapmaması güzel.,negatif,train,kararsiz,2,Qx,,,nötr,,,,,,0
5730,"lavanta kokusunu alamadım,biraz tozlu. ve koku hapsetme özelliğini yok gibi.",negatif,train,kararsiz,2,"Pn,Qn",,,negatif,negatif,,,,,0
5731,memnun kalmadım. cımbız ya da ipin yerini tutmuyor. kullanımı zaman alıyor,negatif,train,rastgele,2,Qn,,,negatif,,,,,,0
5732,arkadaslar aldiginiz telefonun serisi 500 ile başlıyor ise kullandıktan 1 yil sonra ana kart arızasi ile karsilasabirsiniz.,negatif,train,kararsiz,2,Qn,,,negatif,,,,,,0
5733,"anneme aldık daha önce de kullanmıştık çok yüksek performanslı kullanmayanlar için uygun fiyatlı iyi bir telefon, hepsiburadadan da memnunuz",pozitif,train,kararsiz,2,"Fp,Qp",,pozitif,pozitif,,,,,,0
5734,ürün elime sorunsuz ulaştı ve aynı gün  duvara astım bir gün sonra kabarmaya başladı. yani beş kuruş etmemiş. avanta bir tablo.,negatif,train,kararsiz,2,"Kp,Qn",pozitif,,negatif,,,,,,0
5735,arkadaşlar cihaz orjinal yanında şarj cihazı adaptörü ile geliyor. kutu içeriğinde delta garantiside var. bence ithalatcıdan ürün alacaksanız buradan düşünmeden alın..,pozitif,train,kararsiz,2,Sp,,,,,,,pozitif,,0
5736,"kimlik kartı, anahtar gibi şeyleri ucuna takıyorsunuz, belinize/boynunuza asıyorsunuz, yeri geldiğinde kullanmak üzere çektiğinizde içinddeki ip uzuyor, kullanım bitince geri yerine dönüyor. yoyo mantığıyla çalıştığından, adına yoyo diyoruz.",negatif,train,kararsiz,2,0,,,,,,,,,0
5737,"alır almaz ön attırıcı da sorun oluştu, ön taraftan gıcırtı sesi geliyor vites geçişleri kötü.",negatif,train,rastgele,2,Qn,,,negatif,,,,,,0
5738,arada ağ var olsada internet gidiyor sınırlı bağlantı oluyor. fabrika ayarlarına döndürmeden düzelmiyor.,negatif,train,kararsiz,2,Qn,,,negatif,,,,,,0
5739,ürün sipariş verdikten kısa bir süre elime geçti pişe taktım koku ve hafif duman çıktı ama sorun yok gayet iyi bir ürün buharı da iyi tavsiye ederim.,pozitif,train,rastgele,2,"Kp,Qp,Pp",pozitif,,pozitif,pozitif,,,,,0
5740,fiyat kalite ve kullanış dengesi anlamında çok güzel.,pozitif,train,kararsiz,2,"Fp,Qp,Pp",,pozitif,pozitif,pozitif,,,,,0
5741,ürünü indirimde denk getirdim ve gayet kullanıslı mukemmel tavsıye ederım resimde göründdüğü gibi hiç bir fark yok bence,pozitif,train,kararsiz,2,"Fx,Pp,Qp,Gp",,nötr,pozitif,pozitif,,pozitif,,,0
5742,"ürün aynen göründüğü gibi viko zaten bilinen ve güvenilir bir marka, siyah olması tercih sebebimdi. plastiği diğer ucuz çoklayıcılar gibi değil oldukça kaliteli tavsiye ederim",pozitif,train,kararsiz,2,"Gp,Qp",,,pozitif,,,pozitif,,,0
5743,"kargo ertesi günü geldi, ürün süper, ben bunca zamandır diş fırçalamıyomuşum demekki",pozitif,train,kararsiz,2,"Kp,Qp",pozitif,,pozitif,,,,,,0
5744,cihaz herşeyiyle on numara tek eksiği kanal geçişlerinde biraz yavaş görüntü kalitesi iyi kutu içeriği eksiksiz tafsiye ederim,pozitif,train,rastgele,2,"Qp,Pp*,Sp",,,pozitif,pozitif,,,pozitif,performans,1
5745,"urun kaliteli olabilir fakat ekrana tam oturmuyor, kenarlarindan cok bosluk kaliyor, tavsiye etmiyorum",negatif,train,rastgele,2,Bn,,,,,negatif,,,,0
5746,"plastik olması sizin için bir sorun değilse hiç düşünmeden bu fiyata alın derim. kullanışlılık açısından metal/ahşap muadillerinden farkı yok. koku yok, montajı ise en fazla iki dakikanızı alır.",pozitif,train,rastgele,2,"Fp,Pp",,pozitif,,pozitif,,,,,0
5747,avizenin altının kapalı olması da ışığın yayılmasını engelliyor.,negatif,train,rastgele,2,Pn,,,,negatif,,,,,0
5748,"furminator köpek ve kedi tarağı konusunda bilinen en iyi markalardan. ben kediler için aldım. ürün gerçekten çok iyi, kullanımı ve temizlemesi kolay. ancak burda satılan modeli eskisi. tüy temizleme aparatı olan yeni modeli satılsaydı keşke.",pozitif,train,kararsiz,2,"Qp,Pp",,,pozitif,pozitif,,,,,0
5749,"unisex çok güzel paten, ayak numarası ayarlanabiliyor, tekerlekler,iç dizaynı herşeyi ile çok güzel",pozitif,train,kararsiz,2,"Qp,Pp",,,pozitif,pozitif,,,,,0
5750,"daha önce de satın aldım,kaliteli kum, fazla paraya gerek yok, ayağınıza kadar teslim, zahmetsiz ve uygun alışveriş, teşekkürler hepsi burada.",pozitif,train,rastgele,2,"Qp,Fp,Kp",pozitif,pozitif,pozitif,,,,,,0
5751,"3 paket aldım ama pısman oldum, takarken olmasada çıkartırken sorun tutulmuyor karga burnuyla tutup çıkarıyorum",negatif,train,rastgele,2,"Qn,Pn",,,negatif,negatif,,,,,0
5752,ürünü yeni aldım ve 1 kere kullanma fırsatım oldu.cok inatcı lekeleri cıkarmıyor ama  genel olarak iyi sayılır.kokusu ve köpürmesi gayet iyi.,negatif,train,rastgele,2,"Qp*,Pp",,,pozitif,pozitif,,,,kalite,1
5753,kurulumu zor oldu ama ürün gayet şık ve güzel,pozitif,train,kararsiz,2,"Pn,Gp,Qp",,,pozitif,negatif,,pozitif,,,0
5754,yorumlara bakarak aldım ama filtreli kahve hiç kullanmamıştım. benim gibi bilmeyenler almasın derim,negatif,train,kararsiz,2,0,,,,,,,,,0
5755,eşime hediye olarak aldım  tüm parçaları bulaşık makine sın de de yıkanabiliyor. paslan ma da yapmıyor.,pozitif,train,rastgele,2,"Pp,Qp",,,pozitif,pozitif,,,,,0
5756,"urun, hediye olarak geliyor sony z5 yaninda, fakat z5i 10-20% kadar sarj yapip kendisi bitiyor. urun calisiyor fakat bu telefonu hic sarj edemedi.",negatif,train,rastgele,2,Qn,,,negatif,,,,,,0
5757,indirimli fiyati oldugunu dusunmuyorum oldukca basit ve ucuz bi urun zaman kaybi,negatif,train,rastgele,2,"Fn,Qn",,negatif,negatif,,,,,,0
5758,okuyucuya bir şey kattığını düşünmüyorum. sürükleyici bir hikayesi var. zaman öldürmek için iyi bir kitap,negatif,train,rastgele,2,Qx,,,nötr,,,,,,0
5759,ürünü ikinci kez alıyorum. i̇lk anlardaki çiçek kokusu harikulade. i̇lerleyen dakikalarda da koku hafifleyerek asıl özüne dönüşerek etkisini sürdürüyor. patrik suskind in koku romanındaki kahramanını duysa takdir edeceği bir koku:),pozitif,train,rastgele,2,Pp,,,,pozitif,,,,,0
5760,"çin malı ürünlerin en büyük sorunu olan ağırlık ve yüksek ses bunda da var. arzum markasına yakışır profesyonel ürün beklerdim. kablosu, şekli yeterli ama gücü zayıf. kuaförlerde de bulunmuyor. ağır olduğu için iade ettim. bunun dışında pek kullanışlı olduğu söylenemez.",negatif,train,kararsiz,2,"Bn,Pn,Qn",,,negatif,negatif,negatif,,,,0
5761,"tek kelimeyle ürünü güvenle alıp monte edebilirsiniz.hem kaliteli, hem hepsiburada farkıyla çok hızlı geldi.duvarla mesafeside gayet iyi.endişeniz olmasın.yorumlara bakıp alışveriş yapanlara tereddütlerinin olmamasını öneririm",pozitif,train,rastgele,2,"Qp,Kp",pozitif,,pozitif,,,,,,0
5762,telefonu inceleyerek aldım çok da mutlu oldum yüksek özellik düşük fiyat. özellik olarak arkadaşların dediği gibi sıkıntı yok lakin satın almak isteyen arkadaşlar şunu bilsin.,negatif,train,kararsiz,2,"Pp,Fp,Qp",,pozitif,pozitif,pozitif,,,,,0
5763,almayi düşünen arkadaşlara tavsi̇yemdi̇r daha neyi̇ düşünüyorlar. ben aldim beklenti̇mi̇n çok üstünde bi̇ ürün yarim saatli̇k bi̇r yürüyüş komple vucut ter su i̇çi̇nde kaliyor düşün me hemen al,pozitif,train,rastgele,2,Qp,,,pozitif,,,,,,0
5764,* hafif ve ince olmasına rağmen dizüstü bilgisayarıa ait adaptör ve fareye hatta çoğu eşyaya yer var.,pozitif,train,rastgele,2,Bp,,,,,pozitif,,,,0
5765,"michelinden şaşmazdım, o kadar para vermeye gerek yok. tatmin edici",pozitif,train,rastgele,2,"Qp,Fp",,pozitif,pozitif,,,,,,0
5766,çabuk ısınıyor. 6 tost ekmeği aynı anda yapılabiliyor. yıkanabiliyor. ön taraftan çok bastırdığınızda üst kapa arka tarafındaki yerinden çıkabiliyor.,pozitif,train,kararsiz,2,"Pp,Bp,Qn",,,negatif,pozitif,pozitif,,,,0
5767,"ürün satıcının vadettiği gibi hemen ertesi gün kargoya verildi, ambalajı oldukça özenliydi, teşekkür ederim",negatif,train,rastgele,2,Kp,pozitif,,,,,,,,0
5768,"kış lastiği olarak, karda buzda kullanacaksanız başka marka düşünün. ancak suda idare eder. karda da buzda bir felaket... pişmanım, hemde çok, keşke eski lastiğim ultragrip 8 alsaydım.. dağlar kadar fark var.",negatif,train,kararsiz,2,Qn,,,negatif,,,,,,0
5769,ürün beklediğimden kaliteli çıktı. henüz duvara monte etmedim ama gayet sağlam bir yapıda olduğu anlaşılıyor. paket içeriğinden de gereken tüm montaj elemanları çıkıyor. bir matkapla tornavida yeterli size..,pozitif,train,rastgele,2,"Qp,Sp",,,pozitif,,,,pozitif,,0
5770,yalnız şişe tasarımı iyi. kalıcılık orta düzeyde. 1 saat sonra bir şey kalmıyor gibi. parasını hak etmiyor bence.,negatif,train,kararsiz,2,"Gp,Pn,Fn",,negatif,,negatif,,pozitif,,,0
5771,ürün çok güzel her evde bulunması gerek hepsiburadaya teşekkürler...,pozitif,train,rastgele,2,Qp,,,pozitif,,,,,,0
5772,küçük bir ofisiniz varsa tavsiye ederim gayet kullanışlı ve pratik bir ürün.,pozitif,train,rastgele,2,Pp,,,,pozitif,,,,,0
5773,ürünün dokunmatiği gayet güzel. fotoğraf ve video kalitesi güzel. java uygulamaları yüklenebiliyor. wi-fi çok hızlı. i̇nternette çok geznince şarjı 1-2 gün gidiyor. yani şarj durumu da iyi.,pozitif,train,kararsiz,2,"Pp,Qp",,,pozitif,pozitif,,,,,0
5774,herkes ozelliginden bahsediyor ama telefonun bas bolgesinde sar degeri 1.49 muazzam rakam cok fazla kamera istedigi kadar iyi olsun diger ozelliklerde bunu goz onune getirip alin dusuk alsa hemen alicaktim telefonu adami mahveder bu sar degeri,negatif,train,rastgele,2,Pn,,,,negatif,,,,,0
5775,kargom daha bugün elime geçti ve hemen kullandım. hem küçük olması hem de gücü açısından oldukça iyi bir ürün. özellikle yolculuklarda çok işe yarayacak gibi görünüyor.,pozitif,train,rastgele,2,"Bp,Pp,Qp",,,pozitif,pozitif,pozitif,,,,0
5776,evde bazi basi̇t i̇şler i̇çi̇n kullanilabi̇li̇r fazla ağir i̇şler i̇çi̇n çok basi̇t bi̇r ürün parasida zaten ona göre gayet ucuz,negatif,train,rastgele,2,"Qn*,Fp",,pozitif,negatif,,,,,kalite,1
5777,ürün zaten başlı başına mükemmel fazlası var eksiği yok,pozitif,train,rastgele,2,Qp,,,pozitif,,,,,,0
5778,ürünü hepsiburada dan yorumları okuyup sipariş ettim.. ancak o kadar kullanışlı bir ürün değilmiş.. içini tam doldurmadığımdan kartlar düzensiz duruyor. ve kullanması güçleşiyor. ben beğenmedim açıkçası...,negatif,train,kararsiz,2,"Pn,Qn",,,negatif,negatif,,,,,0
5779,i̇ki tip başlığı mevcut. i̇nce olan biraz iş görüyor daha uzun başlık tam bir fiyasko ben aldım memnun kalmadım.,negatif,train,kararsiz,2,Qn,,,negatif,,,,,,0
5780,usb 3.0 kullanıyorum hani saniyede 80mb filan yalan maximum göreceğiniz hız 40 - 50 arası ssd kullanıyorum bu arada.,negatif,train,rastgele,2,Pn,,,,negatif,,,,,0
5781,sadece kargom geç geldi ama ambalaj ürün süper,pozitif,train,rastgele,2,"Kn*,Qp",negatif,,pozitif,,,,,kargo,1
5782,o parayı verip 20.000'lik powerbank alıyorsanız bunu da darbelere ve çiziklere karşı almalısınız.,pozitif,train,rastgele,2,0,,,,,,,,,0
5783,bir kere toz torbasının maliyeti 1-2 senede kendi fiyatının üstüne çıkıyor.pratik bir çözüm olmaktan çok uzak.,negatif,train,kararsiz,2,"Fn,Pn",,negatif,,negatif,,,,,0
5784,yapışkanlar ürünü resimdeki gibi tutmuyor. takılan fişlerin ağırlığı ile birlikte bir süre sonra yer çekimine yenik düşüyor,negatif,train,kararsiz,2,Qn,,,negatif,,,,,,0
5785,ürünün rengi parlak siyah gösterilirken gelen ürün mat siyah ve adi bir plastik gibi duruyor.,negatif,train,kararsiz,2,"Gn,Qn",,,negatif,,,negatif,,,0
5786,1 saat gibi bir sürede ürünü direksiyona diktim. aracım clio. çok şık oldu. kesinlikle tavsiye ediyorum.dikişleri sağlam yapmalısınız. i̇p yetiyor hatta artıyor.,pozitif,train,kararsiz,2,Gp,,,,,,pozitif,,,0
5787,eski prima daha iyiydi sabaha kadar tek bezle sizdirma yoktu ama su yenilenen 3 kanalli ile surekli gunduz bile sizdirmalar mevcut,negatif,train,kararsiz,2,Qn,,,negatif,,,,,,0
5788,fiyatına göre gayet iyi ama kızımız pek sevmedi.. farklı mama kullanıyorsanız geçişte karıştırarak birkaç güne yayın değişikliği yoksa reddedebiliyor.. yine de imkanınız varsa daha iyi bir markayı kullanmanız iyi olur..,negatif,train,rastgele,2,"Fp,Qn",,pozitif,negatif,,,,,,0
5789,monitörün rengi sanki biraz soluk gibi fakat 1ms olduğu için oyunlarda gecikme olmuyo fakat monitör 60hz. oyun için kullanmak istiyorsanız 75hz ve daha üstü modellere bakmanızı tavsiye ederim,negatif,train,rastgele,2,Pn*,,,,negatif,,,,performans,1
5790,"hem çok şık, hem kullanışlı, hem sessiz hem de rahat. kesinlikle tavsiye ederim.",pozitif,train,rastgele,2,"Gp,Pp",,,,pozitif,,pozitif,,,0
5791,ürün güvenilirliği yok diye bilirim.lastik basınçlarını başka bir ürünle karşılaştırınca farklı ölçüyor.ayrıca aletin kendi tutarsızlığıda var.bu fiyata başka şey beklememk lazım,negatif,train,kararsiz,2,"Qn,Fx",,nötr,negatif,,,,,,0
5792,"piyasa fiatlarından çok daha uygun ve zaten spor çalışmalarım için gerekli ürünü hemen sipariş ettim,istediğim ağırlık ile gayet rahat çalışıyorum",pozitif,train,rastgele,2,"Fp,Qp",,pozitif,pozitif,,,,,,0
5793,"ürünün artıları kadar eksileri de var kulağa çok iyi oturmuyor ve kulaktan çabuk çıkıyor iyice yerleştirildiğindede kulakta dolgunluk yapıyor uzun süreli görüşmelerde yoruyor,son arama düğmesi çok sorun çıkarıyor ses kalitesi orta seviyede.",negatif,train,rastgele,2,Pn,,,,negatif,,,,,0
5794,ben burada okudugum yorumlara onem vererek alisverisimi yonlendiriyorum.benim gibi yapan arkadaslara önerim urun guzel  cok kullanisli gercekten 2 gunde elime ulasti sadece hazne kisminda kücuk bi catlak var.paketleme daha hassas yapilirsa iyi olur.,pozitif,train,kararsiz,2,"Qp,Pp,Kn",negatif,,pozitif,pozitif,,,,,0
5795,fiyatlar pahalı ama taksitli olması avantaj birde kargo kampanyalarına dahil edilse güzel olur ayrıca normal kargo gibi geliyor biraz riskli,negatif,train,rastgele,2,"Fn*,Kn",negatif,negatif,,,,,,fiyat,1
5796,paranız yazık almayın.. en ucuz ağda bunda iyidir. bal kıvamına gelince heryere bulasıyor ağda gıbı degıl yaısan maske gibi ama hiçbir işlevi yok 2kez kullanmaya calıstım kutuyu dırek çöpe attım..,negatif,train,kararsiz,2,"Qn,Fn",,negatif,negatif,,,,,,0
5797,mükemmeldi̇.i̇lk 5 ki̇tap arasinda en etki̇leyi̇ci̇ olaniydi bence. kesi̇nli̇kle herkese tavsi̇ye edi̇yorum.ki̇tabi okuyunca fi̇lmi̇nde ne kadar çok şey kesti̇kleri̇ni̇ fark etti̇m.,pozitif,train,rastgele,2,Qp,,,pozitif,,,,,,0
5798,"arabanın bagajında bulunan bütün küçük ıvır zıvırları toplaması açısında gayet güzel bir ürün, piyasaya göre fiyatıda çok uygun, bagaj derli toplu oldu, tavsiye ederim.",pozitif,train,rastgele,2,"Qp,Fp",,pozitif,pozitif,,,,,,0
5799,"ürünü hepsiburada.com dan aldım. çok kısa sürede elime ulaştı. üründen çok memnun kaldım. tek eksiği flaşının olmaması. bu fiyata bu özellikler, o da olmasın...",pozitif,train,kararsiz,2,"Kp,Qp,Pn,Fp",pozitif,pozitif,pozitif,negatif,,,,,0
