id,text,pool_label,raw,source,origin,kargo,fiyat,kalite,performans,boyut,gorunum,satici,karisik_konular
5000,ürün kokusu hiç kalıcı değil. bir saat sonra neredeyse tamamen koku kayboluyor. ama çok ferah ve güzel bir kokusu var. o yüzden günlük olarak idare eder. ama etkileyici bir kokusu yok.,negatif,Pn*,rastgele,adim16_train,,,,negatif,,,,performans
5001,ürünü ilk çalıştırdığımız zamandan itibaren motor kısmından aşırı derecede rahatsız edici ağır koku gelmeye başladı. emin olmak için 2.kez kullandık şuan iade etmeyi düşünüyorum.,negatif,Qn,hedefli:satici,adim16_train,,,negatif,,,,,
5002,"yatağı destekleyici yay sistemi olması gerekmektedir. aksi halde vücut ağırlığınızın oranına göre çökme oluyor. yatak, vücudunuzu destekleyene kadar çöküyor. bu durumda bir çukurun içinde yatıyormuş gibi oluyorsunuz. hareketleriniz kısıtlanıyor. yatağı iade etmek durumunda kaldık.",negatif,Qn,hedefli:boyut,adim16_train,,,negatif,,,,,
5003,"bazı ürünlerin yanında vida göndermiyorlarmış, bunda ise eksik olan bişey yok.",pozitif,Sp,hedefli:satici,adim16_train,,,,,,,pozitif,
5004,focus 1 aracım için aldım simdiye kadar 10/40 kullanıyordum sıkıntı yoktu bu yağda aşırı şekilde eksiltme yaptı o yüzden dahada kullanmam....,negatif,Qn,rastgele,adim16_train,,,negatif,,,,,
5005,ürün elime çok çabuk ulaştı sesi biraz boyutuna göre fazla çıkıyor ama olsun süper bir emiş gücü var ayrıca kullanışı çok pratik düşünmenize gerek yok hemen alın derim,pozitif,"Kp,Pp*",hedefli:kargo,adim16_train,pozitif,,,pozitif,,,,performans
5006,yalnız malzemenin ömrü nedir ne değildir ? iler ki zamanlarda kolay yırtılır mı ? aşınır mı ? bakıp görücez,pozitif,0,rastgele,adim16_train,,,,,,,,
5008,"ürün geci̇kmeli̇ olarak bana ulaşti, kurulum şemasi yeri̇ne, kurulum vi̇deosu i̇zlemek i̇çi̇n i̇nternet adresi̇ vermi̇şler, evde i̇nterneti̇ni̇z yoksa kuramiyorsunuz. yi̇ne de bu fi̇yata fena bi̇r ürün deği̇l, bi̇raz di̇kkatli̇ kurulum yapmazsaniz kolayca hasar görebi̇li̇yor.",negatif,"Kn,Pn,Fp,Qn",hedefli:kargo,adim16_train,negatif,pozitif,negatif,negatif,,,,
5009,ürün gayet güzel fakat arkada beyaz gürültü dediğimiz bir cızırtı var. benim için önemli iade etmeyi düşünüyorum.,negatif,"Qp,Pn",rastgele,adim16_train,,,pozitif,negatif,,,,
5012,diğer markalar kasa/ekran oranı ve ekranda kullanılabilir alan için yatırım yaparken ekranın altındaki sanal tuşlar çok saçma olmuş ve kaldırılamıyor.,negatif,Pn,rastgele,adim16_train,,,,negatif,,,,
5013,"uzun ömürlü ve sağlam bir telefon istiyorsanız eğer lg'den uzak durun. ben g3 kullanıyorum pişmanım. isınma, çatlama ve donma sıkıntısı var. al - ma - yin",negatif,"Qn,Pn",rastgele,adim16_train,,,negatif,negatif,,,,
5014,uzun süre araştırdıktan sonra bu ürüne karar verdim. doğuma iki hafta var ama ben kullanmaya başladım. gayet yoğun bir krem. mercimek kadar sürüyorum yetiyor. umarım sonra da memnun kalırım,pozitif,Qp,rastgele,adim16_train,,,pozitif,,,,,
5015,görüntü güzel ama süs olarak duracaksa yoksa kullanılmaya başlandığı gibi eriyor veya kırılıyor çok dayanıksız tavsiye etmiyorum,negatif,"Gp,Qn",rastgele,adim16_train,,,negatif,,,pozitif,,
5016,elime ulaştı. çok güzel paketlenmiş.kaliteli görünüyor.fiyatına göre çok iyi,pozitif,"Kp,Qp,Fp",hedefli:gorunum,adim16_train,pozitif,pozitif,pozitif,,,,,
5018,ilk başta bende yorumlara inanarak aldım fakat aşırı derece de yanma yapıyor ve dayanılamaz oluyor. eğer acısına dayanırım diyorsanız alın. ama ben hiç ama hıc tavsiye etmiyorum. uzak durun bu üründen...,negatif,Qn,hedefli:kelime_yok,adim16_train,,,negatif,,,,,
5019,fiyatına göre çok iyi.teredütsüz alın derim.amatör seviyedekilerin işine yarar.fiyatı ve kargo bedava olması avantaj.yalnız bedeni seçerken bir büyük istemenizde fayda var.,pozitif,"Fp,Kp,Bn,Qp",hedefli:boyut,adim16_train,pozitif,pozitif,pozitif,,negatif,,,
5020,ölçü birimim samsung galaxy note 10.1 2014 edition olan tabletimi bir tam ve bir de% 75 oranında şarj etti. bu performans daki süreklilik önemli tabi bunu da zaman gösterecek,pozitif,Qp,rastgele,adim16_train,,,pozitif,,,,,
5021,kablosu iyi değil pek. ama tuş tepkime canavar gibi,negatif,"Qn,Pp",rastgele,adim16_train,,,negatif,pozitif,,,,
5023,"bu ürünü sipariş verdik ancak karanlıkta parlamayan başka bir emzik geldi, tipi ve şekli de çok kötü ancak hemen ihtiyacımız olduğu için  iade etmeyle uğraşamadım. daha öncede emzik sipariş etmiştim ancak renkler firmaların isteğine göre belirleniyor.",negatif,"Sn,Gn",hedefli:gorunum,adim16_train,,,,,,negatif,negatif,
5026,"ürünü aynı gün teslim seçeneği ile başarılı bir şekilde teslim aldım. malesef ekran sorunlu çıktı, geri gönderdiğim günün ertesi param iade edildi. müşteri hizmeti konusunda çok iyi bir firma.",negatif,"Kp,Qn,Sp",hedefli:satici,adim16_train,pozitif,,negatif,,,,pozitif,
5028,ürünü önce reklamlarda i̇zledi̇m. sonra bi̇r arkadaşimda gördüm. denedi̇m gerçekten çok etki̇li̇. saatlerce ayna karşisinda üğraşmaya son. tek hamlede bi̇r çok i̇şlevi̇ yeri̇ne geti̇ri̇yor.,pozitif,Qp,rastgele,adim16_train,,,pozitif,,,,,
5029,günlük kullanıma ideal ama 3 günde 1 falan zorlanıyor. boyun altını jiletle almak zorunda kaldım.,negatif,Qn*,hedefli:kargo,adim16_train,,,negatif,,,,,kalite
5030,normalde bu kalınlıktaki matlara göre daha ekonomik kesinlikle. aylardır kullanıyorum gerçekten rahat.,pozitif,"Fp,Pp",rastgele,adim16_train,,pozitif,,pozitif,,,,
5032,sıktığımda hoşuma gitmedi koku tüm gün sürmüyor hepsiburada hızlı teslimat teşekkürler,negatif,"Pn,Kp",hedefli:kargo,adim16_train,pozitif,,,negatif,,,,
5033,ürünün fotografının makro ölçülerde çekilmiş olduğunu benim gibi gözardı etmeyin.,negatif,Bn,hedefli:boyut,adim16_train,,,,,negatif,,,
5035,çok kullanışlı bir ürün değil. malzeme kalitesi de kötü. gerekli bir ürün değil bence. denemek isterseniz siz bilirsiniz.,negatif,"Pn,Qn",rastgele,adim16_train,,,negatif,negatif,,,,
5036,ürün gayet kullanışlı ve mangal tadında ve görüntüsünde pişiriyor.tek eksiği kapağı bence.,pozitif,Pp*,hedefli:gorunum,adim16_train,,,,pozitif,,,,performans
5039,"kedilerim var,tüyleri yapışıyor ancak supürge ile ısrar edince sorun kalmıyor.",pozitif,Qp*,rastgele,adim16_train,,,pozitif,,,,,kalite
5041,ben aldım kullanıyorum ama keşke diyorum başka bir model alsaydım..,negatif,Qn,hedefli:kelime_yok,adim16_train,,,negatif,,,,,
5042,"ürün çok güzel, eksiksiz ve sorunsuz olarak elime geçti. tavsiye ederim rahatlıkla alabilirsiniz.",pozitif,"Qp,Sp,Kp",hedefli:satici,adim16_train,pozitif,,pozitif,,,,pozitif,
5046,kesinlikle tavsiye ederim çok güzel bir ürün aldığıma çok memnunum tavsiye ederim,pozitif,Qp,rastgele,adim16_train,,,pozitif,,,,,
5048,yorumları okuyarak aldım ama yazılanlar kadar memnun kalmadım. ben aracın göğüsü camda yansıma yapıyor diye almıştım ama çok bi faydasını göremedim. biraz etkisi de olmadı değil hani. genel olarak torpido temizlemek için bi daha alacağımı düşünmüyorum.,negatif,Qn*,rastgele,adim16_train,,,negatif,,,,,kalite
5049,camı ciziyor ve cok kotu anlamsız bir urun bnm hatama dusmeyin,negatif,Qn,rastgele,adim16_train,,,negatif,,,,,
5050,şık ve kaliteli ürün.indirim kampanyasıyla çok uyguna geldi.teşekkürler.,pozitif,"Gp,Qp,Fp",hedefli:gorunum,adim16_train,,pozitif,pozitif,,,pozitif,,
5052,ürün üzerindeki anlatım şeması yetersiz vidalar eksik ince ufak vidalar az gelmiş ayakları tuturacak delikler alt tasıyıcı üzereine acılmamıs semada da gösterilmiyor.,negatif,"Pn,Sn,Qn",rastgele,adim16_train,,,negatif,negatif,,,negatif,
5053,servis ve kargolama harika yalnız ürünün iç dizaynı çok kullanışlı değil biraz dar geldi bana eski makineme göre almak isteyenlere tavsiye mağazada önce iç dizaynına baksın isteğini karşılarsa alsın. ses konusunda boş ilk çalışmada çok sesli içi dolu iken normal...,negatif,"Sp,Kp,Pn,Bn",hedefli:boyut,adim16_train,pozitif,,,negatif,negatif,,pozitif,
5054,"ürün oldukça kaliteli. alalı yaklaşık 1 ay oldu, kullandım ve memnun kaldım. teslimat da siparişten itibaren 2 iş günü sürdü.",pozitif,"Qp,Kx",rastgele,adim16_train,nötr,,pozitif,,,,,
5056,-emniyet kemeri ne yazık ki yok. gerekli mi? çocuğun gelişim ve eğitim süreci için oldukça faydalı olurdu.,pozitif,Pn,rastgele,adim16_train,,,,negatif,,,,
5057,*günde en az 3 saat çalışıyor.20 tl.ye yakın elektrik faturasında artış oldu.benim gibi çok çay içen birisiyseniz onu görmüyorsunuz zaten.,pozitif,Pn,rastgele,adim16_train,,,,negatif,,,,
5058,arkadaşlar benim s4 mini telefonumda batarya girişi 3 dişli ancak sipariş ettiğim bu bataryada 4 diş var. o yüzden uymadı telefonuma ve iade ettim. bunu bilerek alın.,negatif,Pn,rastgele,adim16_train,,,,negatif,,,,
5062,ürünü henüz kullanmadım ancak herbirinin ayrı ambalajda olması hijyen açısından ve kaymaması için dış tarafında yapışkan bantlarının bulunması kullanım kolaylığı açısından süper. tavsiye ederim.teşekkürler,pozitif,Pp,rastgele,adim16_train,,,,pozitif,,,,
5063,goruntu kalitesi ve canlılık gercekten cok guzel urun ısınmada yapmıyor ben cok memmunun  tesekkurler hepsıburada hızlı kargo :),pozitif,"Pp,Qp,Kp",hedefli:kargo,adim16_train,pozitif,,pozitif,pozitif,,,,
5064,büyük kitapçılarda bile bu fiyata bulunmuyor çok uygun olmuş . kitapları elinizden bırakamayacaksınız . çok sürükleyici bir seri. kampanya hemen bitmez umarım.,pozitif,"Fp,Qp",hedefli:boyut,adim16_train,,pozitif,pozitif,,,,,
5065,ben aldım kullanıyorum genişligi mükemel dügün gazanını bile alıyor süper,pozitif,"Bp,Qp",rastgele,adim16_train,,,pozitif,,pozitif,,,
5067,fırça başlığı fotoğraflarda yuvarlak gözüküyor ama daha köşeli.bölge uyarısı var.dişleri 4 e ayırıp 30saniye zamanlayıcısı var.30saniyede bir uyarı veriyor.toplam 2 dklık bir fırçalama sunuyor.temizliği manuek fırçaya göre mükemmel ötesi.ancak kullandğınz zaman anlıyablrsnz.tavsiye ederim.,pozitif,"Gn,Qp",hedefli:gorunum,adim16_train,,,pozitif,,,negatif,,
5069,"fotoğrafta gözüktüğü gibi yoğun çimlenme olmadı,biraz fazla seyrek, umarım kedişimiz sever",negatif,Qn,hedefli:gorunum,adim16_train,,,negatif,,,,,
5071,yazar daha çok hep şiirle anlatmış çoğu yeri ama bn şiir sevmeme rağmen kitabı çok begendim  gerçekten çok güzel bi kitap tavsiye ederimm..,pozitif,Qp,rastgele,adim16_train,,,pozitif,,,,,
5072,gayet şık sessiz çalışan bir makina alacak kimselere tavsiye ederim,pozitif,"Gp,Pp",rastgele,adim16_train,,,,pozitif,,pozitif,,
5073,bende bu makineyi aldım hemen denedim gerçekten çok iyi fiyat zaten iyi siparişten hemen sonraki gün geçti elime teşekkürler hepsi burada. com,pozitif,"Qp,Fp,Kp",rastgele,adim16_train,pozitif,pozitif,pozitif,,,,,
5077,paketleme güzel ancak koruma konusu bizim kargo şirketlerimiz için uygun değil. zaten parçalar ciddi ağır olduğundan taşımak istemiyorlar. üstüne birde fırlatıp attıklarından köşeler oldukça zarar görebiliyor.,negatif,Kn*,hedefli:kargo,adim16_train,negatif,,,,,,,kargo
5078,ofise aldık. su isıtıcısından (kettle) tek farkı boyutları... o kadar hızlı ısıtıyorki kahve içmez olduk. sonunda elektrikli ocak cezve ile çözüm bulduk. bu da rafda tozlanıyor.,negatif,Qn,rastgele,adim16_train,,,negatif,,,,,
5084,"ürün güzel paketlenmiş geldi bir yerinde küçük bi sorunu var ama genel olarak begendim , kullanışlı bir boyutta tavsiye ederim",pozitif,"Kp,Qp*,Bp",rastgele,adim16_train,pozitif,,pozitif,,pozitif,,,kalite
5085,mp 3 dinlerken hoporlerin hepsinden ses gelmiyor 2 tanesinden cok düşük ses geliyor yapılabilecek her şeyi yaptım ama olmadı bunu çözebilen varmı acaba,negatif,Qn,rastgele,adim16_train,,,negatif,,,,,
5086,lastikler cok iyi...puani hepsiburadaya veriyorum...ucretsiz takma hizmeti yok kargo 10 gunde geldi...,negatif,"Qp,Sn,Kn",rastgele,adim16_train,negatif,,pozitif,,,,negatif,
5088,arkadaşlar uzun zamandır bunu kullanıyorum fakat kalitesinde bi değişim oldu sızdırmaya başladı fakat bu hepsi burada ya özel bisi değil marketten vs yerden alincada aynı. bilmiyorum böyle düşünen varmı.,negatif,Qn,rastgele,adim16_train,,,negatif,,,,,
5090,ürün çok kaliteli ve sağlam. çok yönlü motaj elemanları var ve beraberinde ipini dolayabileceğiniz küçük duvar aparatıda geliyor.,pozitif,Qp,hedefli:boyut,adim16_train,,,pozitif,,,,,
5091,mdf tablo ürünler hiç resimde göründüğü gibi değil malesef ebat olarak çok küçük resimde büyük görüynüyordu ve yapışkanlar çok kalitesiz 5 parçanın 3 ü sürekli düşüyor kaldırıp indirmekle meşgulum .s,negatif,"Gn,Bn,Qn",hedefli:boyut,adim16_train,,,negatif,,negatif,negatif,,
5092,i̇çi̇nden si̇yah renkli̇ 2 tablet çikti. suya attim ve 4 gün sonra eve döndüm. ayni şeki̇lde duruyordu. baliklara yem attim kapiş kapiş yedi̇ler. sanirim baliklar yemi̇yorlar. en güzeli̇ otomati̇k yemleme maki̇nesi̇ bence.,negatif,Qn,hedefli:gorunum,adim16_train,,,negatif,,,,,
5099,ürün gayet kullanışlı tek sorunu şarj edilebilir olması şarjının 1 2 gün içinde bitmesi.,pozitif,"Pp,Qn",rastgele,adim16_train,,,negatif,pozitif,,,,
5100,3 günde ürünü firmadan getirtip 5.günün akşamında ancak geldi tamam kargo ücretsiz ama daha hızlı bekliyordum beklentilerimin altında ayriyetten o 5 kiloluk ağırlıklar nedir ya :),negatif,Kn*,hedefli:satici,adim16_train,negatif,,,,,,,kargo
5101,ürün elime çok çabuk geçti. bu tost makinasının plakaları döküm ve çift taraflı kullanılıyor. normal mağazalardaki fiyatının çok altında. herkese tavsiye ederim.,pozitif,"Kp,Fp",hedefli:satici,adim16_train,pozitif,pozitif,,,,,,
5102,"bu alışverişte; aynı firmadan 140*190 ve 90*190 yatak almıştım,",pozitif,0,hedefli:satici,adim16_train,,,,,,,,
5104,4 gün oldu kullaniyor annem ama herhangi̇ bi̇r faydasini görmedi̇k .,negatif,Qn,rastgele,adim16_train,,,negatif,,,,,
5105,i̇yi yönü yok mu? evet var asla telefon bu tutucudan fırlamaz kaza yapsanız bile tutucu ise kokpitten min 20 kg lık güç uygulayarak ancak sökülür,negatif,Qp,hedefli:kelime_yok,adim16_train,,,pozitif,,,,,
5106,uygun i̇letişim aldım.cihazın paketi açılmıştı iade ettim.başka bir firmadan tekrar aldım.güzel kullanışlı bir telefon.,negatif,"Sn,Qp",hedefli:satici,adim16_train,,,pozitif,,,,negatif,
5107,bu ürünü aldım çok pişman oldum. iğrenç bir ürün. seramik olması nedeni ile kısa tüyleri almıyor. kesinlikle tavsiye etmiyorum.,negatif,Qn,rastgele,adim16_train,,,negatif,,,,,
5109,pazar gece 22:00 da verdiğim sipariş pazartesi akşamı elimde tebrikler hepsiburada.com müthiş bir hız walla diğer internet mağazaları çok çok gerinizde umarım hep bu şekilde devam eder diğer siparişlerime de bu kadar hızlı kavuşurum :),pozitif,Kp,hedefli:kargo,adim16_train,pozitif,,,,,,,
5110,"ürün gayet şık ve kaliteli düşüne arkadaşlara tavsiye ederim.hiç endişe etmeyin ben aldım gayet kullanışlı.elektrik azyakanlardan a enerji,bence alın derim",pozitif,"Gp,Qp,Pp",rastgele,adim16_train,,,pozitif,pozitif,,pozitif,,
5113,"*umarım sar konusunda telefon alırken ön bi araştırma yaparsınız bu sayede. yine d600 marka samsung telefonumun sar değeri 0,411 di ve konuşma sırasında ağrıya sebep oluyordu. bu sıkıntılarımdan kurtuldum.",pozitif,Pp,hedefli:kelime_yok,adim16_train,,,,pozitif,,,,
5114,merhaba ben ürünü 3 ay dır kullanıyorum. ilk başlarda kullanılan bölgelerdeki tüyler dökülüyor ama belli bir süre sonra tekrar aynı şekilde çıkıyor.belli bir peryotta tüyleri cihazla yakmaya devam etmelisiniz.  aynı cımbızla almış gibi kısa süreli bir tüysüzlük oluşturuyor.,negatif,Qn*,hedefli:kelime_yok,adim16_train,,,negatif,,,,,kalite
5116,evimdeki normal buharlı ütü ne hikmetse ortadan ayrıldı ve bende buhar kazanlı bir ütü almaya karar verdim.,pozitif,0,rastgele,adim16_train,,,,,,,,
5118,"hızlı gönderi, mac de kullanıyorum sıkıntı yok tavsiye ederim",pozitif,"Kp,Pp",hedefli:kargo,adim16_train,pozitif,,,pozitif,,,,
5119,ürün git gide çekim gücü düşüyor çekimi hiç iyi degil berbat bir alet bnce almayın,negatif,"Pn,Qn",rastgele,adim16_train,,,negatif,negatif,,,,
5121,"fazla sesli çalışıyor fakat serinletmiyor, üstelik de pembe renkli.",negatif,"Pn,Qn,Gn",rastgele,adim16_train,,,negatif,negatif,,negatif,,
5125,yazın annneme almıştık. 2 ay önce de kendim için aldım. tek eksiği torbası biraz küçük. ama çok kullanışlı. ebatı küçük olduğu için torbasının küçük olması da gayet doğal ama çok işe yarıyor. kendisi küçük ama yaptığı iş çok büyük. kaçırmayın.,pozitif,"Bn*,Pp,Qp",hedefli:boyut,adim16_train,,,pozitif,pozitif,negatif,,,boyut
5127,bence gayet iyi yeterli bir ürün tek eksik yanı ekranı küçük eğilip bakmadan parça ismi okunmuyor buda mecburiyetden ekran büyük olursa cihazda büyüyecek dolayısıyla mecbur küçük yapılmış bu fiyata çok güzel bir ürün tavsiye ederim,pozitif,"Qp,Bn,Fp",hedefli:satici,adim16_train,,pozitif,pozitif,,negatif,,,
5132,"kokusu hakkında yorum yapmaya gerek yok, bildiğim bir kokuydu fakat kalıcılığının bu kadar zayıf olacağını tahmin etmemiştim. sonuçta orjinal deniyo ama kalıcılığı çok zayıf. gün boyu kokusu üzerinizde kalsın istiyorsanız günde 4 - 5 defa kullanmanız gerekir.",negatif,Pn,rastgele,adim16_train,,,,negatif,,,,
5133,15 yaşındaki oğlum için aldım çok iyi baba bir tak istersen  diyor,pozitif,Qp,rastgele,adim16_train,,,pozitif,,,,,
5134,"ürün resmen telefona göre küçük, spigen kalitesine yakışmayan bir malzeme olmuş. yıllardır spigen kılıf ve koruyucu kullanan birisi olarak tavsiye etmiyorum. ürünü uygulamadan telefonun üstüne koyduğumda bu tuhaflığı gördüm ve hemen iade ettim. tavsiye etmiyorum.",negatif,"Bn,Qn",hedefli:satici,adim16_train,,,negatif,,negatif,,,
5136,bu tip ürünleri set olarak almak daha mantıklı. hem daha ucuza alınıyor hemde her dönem için elinizde ürün bulunuyor.bebek büyüdükçe  biberon boyutunuda değiştirmek gerekiyor. bir delikli 120 ml ile başlayıp zamanla 240 ml 3 delikli biberona geçmeniz gerekiyor.,pozitif,Fp,rastgele,adim16_train,,pozitif,,,,,,
5138,ara ara açılmalar oldu evet ama yüzde 10 belki,negatif,Qn*,hedefli:kelime_yok,adim16_train,,,negatif,,,,,kalite
5139,çok aşırı sesli çalışıyor rahatsız edici ilkkullanmaya başladıgınızda hatta bozuk zannedebilirsiniz.,negatif,Pn,rastgele,adim16_train,,,,negatif,,,,
5140,ancak şuda varki bebek ciltleri farklı olduğu için bir cildi pişik yaparken diğerine yapmaya bilir bu yüzden her bebek için iyi diye bir kaide yok.,pozitif,0,hedefli:kelime_yok,adim16_train,,,,,,,,
5141,"arkadaşlar samoyed cinsi köpeğim var her şeyi yer bu mamayı da yedi ama ödül maması olarak kullanılmıyor, çünkü çok istekli değil pek sevmedi",negatif,Qn,rastgele,adim16_train,,,negatif,,,,,
5142,kargo hızı ve geri iade kabulu için hb teşekkür ediyorum. fakat ürünü telefonumda kullandığım şarj aletimle şarj ettim ve şuan orjinal şarj aletim kullanılamaz halde tavsiye etmiyorum kesinlikle,negatif,"Kp,Sp,Qn",hedefli:satici,adim16_train,pozitif,,negatif,,,,pozitif,
5143,urun guzel boyutu bıraz buyuk ama kafese oturdu geldiği gibi muhabbet kusum ıcınden yeminı yedi ılk basta tedirginlik oldu tabiî,pozitif,"Qp,Bn*",rastgele,adim16_train,,,pozitif,,negatif,,,boyut
5145,"ürünü ön yargılarımla almıştım çünkü burada bikaç kişi sesleri hiç engellemiyor falan yazmıştı, gayet engelliyor. salondan gelen televizyon ve muhabbet sesi, dışarıdan gelen çoluk çocuk sesi bunu takınca kesiliyor. kötü yorum yapanlar büyük ihtimal doğru düzgün takamıyanlardır.",pozitif,Qp,rastgele,adim16_train,,,pozitif,,,,,
5149,"cihaza gelirsek, ürünün kutusu ambalajı gayet iyi. kurulumu oldukça basit. i̇lk kullanımdan önce sürahi ve filtreyi güzelce yıkadım, ardından 3 sürahi suyu boş geçirdim. kullanma kılavuzunda (türkçe bölüm var) ölçekler hakkında bilgi var.",pozitif,"Kp,Pp",rastgele,adim16_train,pozitif,,,pozitif,,,,
5151,kediniz var isede sıkıntı yok hayvan hiç rahatsız olmuyor. 3 yıldır evimde ne böcek öldürdüm nede gördüm yani cihaz öldürmüyor mahalden uzaklaştırıyor.,pozitif,Qp,rastgele,adim16_train,,,pozitif,,,,,
5153,bende bu ürünü 5 ay önce aldım uzun zamandır kullanıyorum.o kadar kalıcı olduğu söylenemez bile.kişiden kişiye mi değişir bilmem. aldğınız zaman görüceksiniz.,negatif,Pn,rastgele,adim16_train,,,,negatif,,,,
5156,öncellikle hepsi burada ya hızlı teslimatı için teşekkür ederim.ürünü şüddetle tavsiye ederim.tek sorunu saaatin kordonu biraz büyük ama isteğe göre kısaltılabiliyor.bu fiyata göre kaliteli ürün.,pozitif,"Kp,Bn,Fp,Qp",hedefli:kargo,adim16_train,pozitif,pozitif,pozitif,,negatif,,,
5158,ürünü sipariş verdim 2 gün içinde geldi. kullandım bence harika bir ürün 1-2 dk da hiç can acıtmadan bütün sakalınızı kesebilirsiniz.,pozitif,"Kx,Qp",rastgele,adim16_train,nötr,,pozitif,,,,,
5160,henüz teslim aldım ve gerçekten itici bir koku değil aksine merak uyandırıcı çekici bir koku. mütevazi fazla gösteriş peşinde olmayanlara tavsiye ederim,negatif,Pp,hedefli:kargo,adim16_train,,,,pozitif,,,,
5162,arkadaşlar telefon cok cok güzel denilecek kadar güzel değil ben aldım. artıları var ama bu telefona neden görüntülü konuşma koymamışlar anlayamadım doğrusu biraz yavaş çalışıyor. arasıra tutukluluk yapıyor daha taksitleri bitmedi ama değiştirmeyi düşünüyorum beğenmedim doğrusu,negatif,"Qn,Pn",hedefli:gorunum,adim16_train,,,negatif,negatif,,,,
5164,kullanilmis tuslari yipranmis kuf kokan urun gonderildi. hesaplisepetimden alinan urun,negatif,"Sn,Qn",hedefli:kelime_yok,adim16_train,,,negatif,,,,negatif,
5167,"harry potterın bu son kitabı bence okunmaya değer, harry potterın diğer kitaplarındaki sorular bu kitapta cevaplarını buluyor. fantastik kitap severlere kesinlikle bu kitabı kaçırmamalarını öneririm.",pozitif,Qp,rastgele,adim16_train,,,pozitif,,,,,
5169,bebeğimize 1 seneye yakındır kullanıyoruz herhangi bir alerji vs yaşamadı. kokmadan kullabileceğiniz kendisini kanıtlamış bir marka.,pozitif,Qp,rastgele,adim16_train,,,pozitif,,,,,
5170,ürünü sipariş verdim ertesi gün kargo ile geldi. horoz lojistik daireye kadar çıkarıyor makineyi ve vestelin servisi ücretsiz şekilde kurulumunu yapıyor. 2 sene garantili. çalışması güzel herhangi bir problemi yok. bu parayada fazla ütopik şeyler beklememek lazım.,pozitif,"Kp,Sp,Qp,Fp",hedefli:satici,adim16_train,pozitif,pozitif,pozitif,,,,pozitif,
5171,yıllardır tv takip ediyorum.o kadar lg tv aldım bu modeli hiç beğenmedim her şeyi güzel.renk tonları canlı değil solgun alt yazıları titretiyor.kırmızı renkleri turuncu ile sarımtırak gösteriyor .,negatif,"Qn,Pn",hedefli:gorunum,adim16_train,,,negatif,negatif,,,,
5172,bu fiyata daha özellikli telefonlar var. ters dönme özelliği sistemi yavaşlatıyor ama meraklısı için iyi telefon.,negatif,"Fn,Pn",rastgele,adim16_train,,negatif,,negatif,,,,
5174,urunu yorumlara bakarak aldim sokak kopekleri icin malesef yemiyorlar üc tane kopege verdim agzina bile vurmadi 15 kilo elimde kaldi,negatif,Qn,rastgele,adim16_train,,,negatif,,,,,
5175,arkadas tavsiyesiyle aldim kitabi. anlatimi kolay anlasilir. kesinlikle bakis acinizi degistirir. adem gunes in yakin takipcisiyim bundan sonra.,pozitif,Qp,rastgele,adim16_train,,,pozitif,,,,,
5177,ayrıca cihazda mikrofon girişi var fakat full dublex olmadığı için msn ve benzeri programlarda sohpet amaçlı kullanılamıyor buna dikkat edin.,negatif,Pn,hedefli:kelime_yok,adim16_train,,,,negatif,,,,
5178,"parçaları gayet yeterli, hemen her boy mevcut. vakum çekme aparatı sağlama benziyor.i̇ndirimli fiyatı ile her evde bulunması gereken bir ürün",pozitif,"Qp,Fp",rastgele,adim16_train,,pozitif,pozitif,,,,,
5180,duracell kalitesi tartışılmaz özellikle 5 yıl garantili olanları tercih edin. yeni nesil piller sayesinde şarj olduktan sonra 1 yıl boyunca şarjını %75 80 koruyor.,pozitif,Qp,hedefli:satici,adim16_train,,,pozitif,,,,,
5181,paket içeriğinde vakum harici ayrıca vidalama aparatı mevcut. fakat bu aparat ile sabitlendiğinde gönyede duruyor. ürün kalitesi iyi. fiyat ise ortalama. 4/5 diyebilirim.,pozitif,"Qp,Fx",rastgele,adim16_train,,nötr,pozitif,,,,,
5182,bende ucuz diye aldim lakin taban olsun tipi olsun biraz pasif kaldi.,negatif,"Fp,Qn,Gn",rastgele,adim16_train,,pozitif,negatif,,,negatif,,
5183,ürün esnek fakat yürürken ve haraket ederken aynen soğuk içerde üşütüyor.bence abartılı soğuk geciyor .ürün alt içlik.,negatif,Qn,rastgele,adim16_train,,,negatif,,,,,
5184,sanırım en iyi yanı fanı. kış aylarında yeterli olabilecek gibi çalışıyor. fakat onun dışında tamamen işlevsiz bir ürün. tavsiye etmem...,negatif,Qn*,rastgele,adim16_train,,,negatif,,,,,kalite
5185,"cihazı bir ay kadar önce aldım. görüntü kalitesi gayet iyi bir çok hd kanal var. kanal geçişleri normal. gönül rahatlığı ile alabilirsiniz,",pozitif,Pp,hedefli:gorunum,adim16_train,,,,pozitif,,,,
5186,ürün çok hızlı geldi. ayrıca ürün yaklaşık bir ay önce üretilmiş.  teşekkürler,pozitif,Kp,hedefli:kargo,adim16_train,pozitif,,,,,,,
5187,ürün eli̇me ulaşti yalniz beden kaliplari çok geni̇s gali̇ba bana kendi̇ bedeni̇mde almama rağmen 2 beden  büyük geldi̇ hemen geri̇ pakete koyup hemen ertesi̇ gün i̇ade i̇çi̇n kargoya verdi̇m güveni̇li̇r bi̇r marka olduğunu düşünüyorum umarim i̇ade i̇şlemleri̇nde bi̇r sikinti çikmaz.,negatif,Bn,rastgele,adim16_train,,,,,negatif,,,
5188,i̇ştahla yiyorlar. ambalajında uzun süre saklamak zor olduğu için hemen kapalı bir kutuya aktarıyorum hepsini. o zaman aromasını kaybetmiyor.,pozitif,Qp,rastgele,adim16_train,,,pozitif,,,,,
5189,sundugu için hepsiburadaya teşekkür ediyorum ve bütün alış verişlerimi burdan yapmayı düşünüyorum.tekrar tekrar teşekkür ederim hepsiburada com.,pozitif,0,hedefli:kelime_yok,adim16_train,,,,,,,,
5190,aslında sağlam ürün olsada benim için kullanışlı değildi.beğenmediğim için iade ettim.24 saat geçmeden iade işlemim gerçekleşti.teşekkürler ''hepsiburada''.,negatif,"Qn*,Pn,Sp",hedefli:satici,adim16_train,,,negatif,negatif,,,pozitif,kalite
5192,ben yorumları okuyarak aldim. alirken korkmustum ama cihaz vedelinin hakkini veriyor ben kesinlikle tavsiye ederim.,pozitif,Fp,rastgele,adim16_train,,pozitif,,,,,,
5193,"3 senedir kullanıyorum,değerinden hiç bir şey kaybetmeyen,fiyatı 3 yıl geçmesine rağmen artan bir ürün.saçınızı kırmayan,200 derecede bile saçınızı yakmayan çok kullanışlı bir ürün.kullanırken elinizi de yakmıyor.tek kusuru çantası olmaması...",pozitif,"Qp,Pp,Sn",rastgele,adim16_train,,,pozitif,pozitif,,,negatif,
5194,telefonun tek endişelendiriyor sıkıntısı bataryasiydi  o da güç tasarrufu açınca çok iyi gidiyo,pozitif,Qp,rastgele,adim16_train,,,pozitif,,,,,
5195,i̇lk kutudan çıkışı kutu içeriği ve kendisi maşallah çok şık 110 üzerinden 110 iyi falan verenler neyin kafasını yaşamışlar merak ettim.bendede ilk dili malezya geldi iki google aramasıyla dil nedemek öğrenip girdim türkçeye değiştirdim zormu bukadar aldığın teknolojiyi kullanmak.,pozitif,Gp,hedefli:gorunum,adim16_train,,,,,,pozitif,,
5196,ürün sorunsuz elime ulaştı henüz kurmadım ama fiyatı çok iyi. hepsiburadaya ve tedarikçi firmaya tşk ederim..,pozitif,"Kp,Fp",hedefli:satici,adim16_train,pozitif,pozitif,,,,,,
5197,kokusundan mest in yanına yaklaşılmıyor. kullanmak mümkün değil . hepsiburada' ya yakışmadı.,negatif,Pn,rastgele,adim16_train,,,,negatif,,,,
5202,ürün güzel kedilerim zevkle yedi lakin kargoya çok geç verildi. ürünün elime ulasmasi 1 haftadan fazla sürdü,pozitif,"Qp,Kn",hedefli:kargo,adim16_train,negatif,,pozitif,,,,,
5203,"ürün kaliteli, ebatları ideal alınabilir. hepsiburadadan acelesi olmayanlar alışveriş yapmasını tavsiye ederim.ürün 3 günde kargolandı 1 gün sonrada elime geçti.",negatif,"Qp,Bp,Kn",hedefli:boyut,adim16_train,negatif,,pozitif,,pozitif,,,
5204,"kargo süresi, ürün malzeme kalitesi, kurulum kolaylığı ve farklı kademe saçenekleri bakımından tavsiye ederim. tek eksiklik gördüğüm nokta yatar pozisyona tam gelmemesi.",pozitif,"Kp,Qp,Pp*",hedefli:satici,adim16_train,pozitif,,pozitif,pozitif,,,,performans
5205,ürün elime geçtiği gibi kullandım özellikle sert bir mobilya ağacında denedim hiç zorlanmadan sonuna kadar zımba telini çaktı ayrıca çift zımba tel atması çok iyi bir avantaj kesinlikle tavsiye ederim.,pozitif,"Qp,Pp",rastgele,adim16_train,,,pozitif,pozitif,,,,
5206,ürün çabucak elime ulaştırıldı iyi paketlenmişti teşekkürler hepsiburada,pozitif,Kp,rastgele,adim16_train,pozitif,,,,,,,
5208,bir hafta oldu alalı mobil aga baglanmıyor ısınıyor jarzı desen 1 gün bile dayanmıyor bin pişman oldum aldığıma,negatif,"Pn,Qn",hedefli:gorunum,adim16_train,,,negatif,negatif,,,,
5209,her kapıya uymlu değil.i̇çindeki süngerler paketleme sırasında katlandığı için kırılabiliyor.ayrıca renk siyah.,negatif,"Pn,Qn,Gx",rastgele,adim16_train,,,negatif,negatif,,nötr,,
5212,i̇ki ay önce oğlum için aldığım ürünün emzik ucunda oluşan kokudan dolayı kullanmayı bırakıyoruz. hazne kısmında koku olmadı ama ucu çok kötü.,negatif,Qn,rastgele,adim16_train,,,negatif,,,,,
5214,"ürün çok çabuk elime ulaştı ve fiyatı çok uygun,begendim .uygun miktarda kullanırsanız beyazlık bırakmıyor.tavsiye ederim.",pozitif,"Kp,Fp,Qp",rastgele,adim16_train,pozitif,pozitif,pozitif,,,,,
5216,mor rengini aldık resimdeki gibi değil rengi hafif açık renkli geldi bu rengi tercih edeceklerin  bilgisi olsun...,negatif,Gn,hedefli:gorunum,adim16_train,,,,,,negatif,,
5221,ürün kullanışlı fakat sağlam değil aldığımın 2. haftasında üstteki dikiş kısımları yırtıldı fakat hepsiburadanın müşteri memnuniyeti o kadar iyiki ürünü 1 ay geçmesine rağmen ücret iadesi yaptılar. yani aldığınız ürün sağlam çıkarsa gerçektende şanslısınız fakat sağlam çıkmazsada şanslısınız...,negatif,"Pp,Qn,Sp",hedefli:satici,adim16_train,,,negatif,pozitif,,,pozitif,
5222,ürünün katlanabilir olmadığından sürekli açık kalıyor ve dolayısıyla çok yer kaplıyor. katlayıp kaldırma imkanınız yok. alırken bunu göz önünde bulundurun derim.,negatif,"Pn,Bn",hedefli:kelime_yok,adim16_train,,,,negatif,negatif,,,
5223,"torbasız haznesi ve gücü sayesinde büyük temizliğimizi kolay yapıyorum ve hiç yer kaplamıyor ufacık, büyük süpürgemden tek farkı pratik olması :) artık büyük süpürgemi çıkarmıyorum gerek kalmadı teknolejiyi takip eden hepsiburadaya çok teşekkür ederim.",pozitif,"Pp,Bp,Qp",hedefli:boyut,adim16_train,,,pozitif,pozitif,pozitif,,,
5224,kalite denince akla gelen hepsi burada.com.. arayıpta yokmuş dediğim hiç birşey olmadı. teşekkürler,pozitif,Sp,rastgele,adim16_train,,,,,,,pozitif,
5225,"sonaxın çizik giderici cilası kadar iyi olmasa da, uygulaması daha basit ve yıkamadan sonra yıkamacıya bile yaptırabileceğiniz çok güzel bi ürün. tavsiye ederim.",pozitif,"Qp,Pp",hedefli:kelime_yok,adim16_train,,,pozitif,pozitif,,,,
5229,"öneri ve yorumlar üzerine büyük hevesle almıştım lakin hiçte beklediğim gibi olmadı. kitap çok sıkıcı. zaten başlar başlamaz sıkmaya başlıyor insanı. ne anlattığı, ne sonu hiçbirşeyi belli değil. boşu boşuna vakit kaybı.",negatif,Qn,hedefli:boyut,adim16_train,,,negatif,,,,,
5230,"radyoyu ailece evde dinlemek için aldık, çok güzel, kibar, kanalları güzel çekiyor, basit bir yapısı var, tavsiye ederim.",pozitif,"Qp,Gp,Pp",hedefli:kelime_yok,adim16_train,,,pozitif,pozitif,,pozitif,,
5231,ürünü mağazada gördüm performansını bilmiyorum ama arzum markasını normal ütümüzde gördüğüm kadarıyla çok iyi 10 yıl sorunsuz kullandık ama benim uyarım bu ütü çok küçük ancak seyehatler için uygun olur.,negatif,Bn,hedefli:satici,adim16_train,,,,,negatif,,,
5233,"satın almadan önce derin araştırma yaptım, almayı düşünen arkadaşlara tavsiyem ; vakitlerini düşünerek ve araştırma yaparak harcamasın.",pozitif,0,rastgele,adim16_train,,,,,,,,
5236,ürünü alırken boyutun dikkat edin. ben büyük lastik diye aldım. küçük lastik çıktı,negatif,Bn,hedefli:boyut,adim16_train,,,,,negatif,,,
5237,"çekme mesafesi haricinde iyi.3-4 m den sonra çekim gücü azalıyr ve cızırtılar artıyor.ama kullanışı,görüntüsü olarak iyi.zaten telefon genelde yanımda diyorsanız tercih edebileceğiniz bi ürün.",pozitif,"Pn*,Gp",hedefli:gorunum,adim16_train,,,,negatif,,pozitif,,performans
5238,10 mayis anneler günü i̇çi̇n ayni gün di̇ye tesli̇mat di̇ye 7 mayis gunu verdi̇ği̇m si̇pari̇ş 11 mayista anneler gününden sonra tesli̇m edi̇li̇yor. aceni̇z yoksa si̇apri̇ş veri̇n,negatif,Kn,hedefli:gorunum,adim16_train,negatif,,,,,,,
5239,cep telefonları için süper. ayrıca burada oldukça uygun fiyatlı.,pozitif,"Qp,Fp",rastgele,adim16_train,,pozitif,pozitif,,,,,
5240,öncelikle bu güzel ürüne sahip oldugum icin cok tsk ederim hepsiburada.com herkeze kesinlikle tavsiye ediyorum büyük bi keyifle evimde latte mi bol köpüklü nescafe mi icebiliyorum. alirsaniz pisman olmiyacaginiz bir ürün.,pozitif,Qp,hedefli:boyut,adim16_train,,,pozitif,,,,,
5242,"arkadaşlar indirimden aldım,çok bi beklentim yoktu fakat beni çok şaşırttı, giyer giymez farkı hissettiriyor, eşimle birlikte aldık çok beğendik. boyum 178  kilo 83 ve xl aldım hafif bol geldi benden kesimi de güzel tavsiye ederim",pozitif,"Fx,Qp,Bn",hedefli:boyut,adim16_train,,nötr,pozitif,,negatif,,,
5245,"daha önce bu ürünü kullandım köpeğim çok sevdi, her defasında bu mamayı kullanıyorum. köpeğim golden cinsi 8 aylık herhangi bir sorun oluşmadı ve çok sevdi",pozitif,Qp,hedefli:kelime_yok,adim16_train,,,pozitif,,,,,
5246,telefona gelen aramalar 10 saniye sonra gözüküyor ve o sırada arama süresi bitmiş oluyor. yani gelen hiçbir aramayı cevaplayamıyorsunuz geri aramak zorunda kalıyorsunuz. yabancı forumlarda bu durumu araştırdım lenovo forumu dahil hala bir çözümü yok en kısa sürede iade edeceğim.,negatif,Qn,hedefli:satici,adim16_train,,,negatif,,,,,
5247,gözden kaçırdığımız ince detayların fotoğrafta nasıl büyük etkiler yarattığını en kolay yoldan anlatan bir kitap...,pozitif,Qp,hedefli:boyut,adim16_train,,,pozitif,,,,,
5248,"hafifliği, başlık çeşitliliği, gücü, kullanım kolaylığı ve uygulama sonucu ile son derece başarılı buldum. umduğumdan çok daha iyi bir ürün çıktı...",pozitif,"Bp,Pp,Qp",rastgele,adim16_train,,,pozitif,pozitif,pozitif,,,
5249,kesinlikle alan pişman olmaz. şimdi bu ürünün 20000 yada daha fazla mah. çıkarmasını bekliyorum.,pozitif,Qp,rastgele,adim16_train,,,pozitif,,,,,
5251,fiyat emsallerine göre çok makul kaçırılmaz fırsat bence. site kendisi de indirim yaptı 5 günde geldi güzel alışverişti.,pozitif,"Fp,Kx",rastgele,adim16_train,nötr,pozitif,,,,,,
5252,çok kaliteli sprey hesabını yaparsanız fiyatının çok ta uygun olduğunu göreceksiniz.,pozitif,"Qp,Fp",rastgele,adim16_train,,pozitif,pozitif,,,,,
5253,prima 1 ve 2 numarada sorun yoktu ama 3 numara çok ağır plastik kokuyor.,negatif,Pn,rastgele,adim16_train,,,,negatif,,,,
5254,ürünü bir arkadaşımda gördüm beğendim.fiyatını da duyunca hemen internetten sipariş ettim.3 gün içerisinde elime sorunsuz bir şekilde ulaştı.güvenli ve kaliteli alışverişe herzaman varım.teşekkürler,pozitif,"Qp,Fp,Kp",rastgele,adim16_train,pozitif,pozitif,pozitif,,,,,
5256,"süpürge önce arıştırdım. philips de 599tl satılıyor.site fiyatı ınalmaz düşük için zaten çok güzel bir firsat oldu. süpürge çok salam çekitor, (sesi biraz falza doğru)ben ürün çok beğendım. iyiyki almışım..",pozitif,"Fp,Pp*,Qp",rastgele,adim16_train,,pozitif,pozitif,pozitif,,,,performans
5259,açılıp kapanma herşey çok hızlandı. fakat kopyalamkta 60 mb/s geçmedi hdd de aynı hzda kopyalama yapiyor.,negatif,Pp*,hedefli:kelime_yok,adim16_train,,,,pozitif,,,,performans
5264,ürün görselde ve amacında güzel görünmesine karşın teslimat sonrası bende oluşan izlenim beklediğim sağlamlık ve kullanışta değil. tam anlamıyla memnun kaldım diyemem.,negatif,"Qn,Pn",hedefli:gorunum,adim16_train,,,negatif,negatif,,,,
5266,var  fakat zaman gectikce degisik ve hos oluyor.bana hediye olarak gelmişti memnun kalmadim .,negatif,Qn*,rastgele,adim16_train,,,negatif,,,,,kalite
5267,yaklasık 1 bucuk sene evvel almıştım yıkanmaya gelmiyor hemen pamukçuklanıyor. ısı konusunda da yetersiz .,negatif,Qn,hedefli:kelime_yok,adim16_train,,,negatif,,,,,
5271,"""saçma"" akımının önderi albert camusun bu kült romanını halen okumadıysanız vakit kaybetmemenizi tavsiye ederim. bu kitabı okumanız için tarzını sevmeniz şart değil, kitabı okurken ve bitirdikten sonra düşünmeyi seviyorsanız muhakkak hemen acilen bir tane edinip okumaya başlayın!...",pozitif,Qp,rastgele,adim16_train,,,pozitif,,,,,
5274,2 adet aldım ikiside bir hafta içinde şarj yapmamaya başladı. kaliteli gibi görünsede başarısız.,negatif,Qn,rastgele,adim16_train,,,negatif,,,,,
5275,sadece ergen yaştaki çocukların jilet yerine bu makinayı kullanması yeterli ama her gün kullanmalı 3 gün sonra kullanırsa işe yaramaz,negatif,Qn*,hedefli:kargo,adim16_train,,,negatif,,,,,kalite
5276,150 sayfa kadar okudum çok sıkıcı hayatımda okuduğum en saçma kitaptı tavsiye etmiyorum,negatif,Qn,rastgele,adim16_train,,,negatif,,,,,
5280,bu koltuktan aldım 2 sene parça garantili dediler ayaklar yamuldu söyledim kulanım hatası dediler alalı 10 oldu,negatif,"Qn,Sn",hedefli:satici,adim16_train,,,negatif,,,,negatif,
5281,"kalitesi, görüntüsü, ölçüleriyle tam istediğim gibi. gerçekten çok güzel ürünler. gönül rahatlığıyla alabilirsiniz.",pozitif,"Qp,Gp,Bp",hedefli:boyut,adim16_train,,,pozitif,,pozitif,pozitif,,
5284,gercekten hizmet super cok isimize yaradi gonderi hizida mukemmel urunde tesekkurler,pozitif,"Sp,Qp,Kp",hedefli:kelime_yok,adim16_train,pozitif,,pozitif,,,,pozitif,
5285,ürün gerçekten fiyatına göre çok çok harika. yaklaşık üç aydır kullanıyorum çok memnunum. ama süpürme başlığı daha orjinal olabilirdi. birde sadece torbasını boşaltmak yetmiyor arada filitrelerini çıkarıp yıkamak gerekiyor. içi toz doluyor aşırı ısınma yapıyor.,pozitif,"Fp,Qp*,Pn",rastgele,adim16_train,,pozitif,pozitif,negatif,,,,kalite
5287,bu telefonu yeni aldım ve çok memnunum sadece biraz hızlı şarj yiyiyor ama almaya değer bir telefon,pozitif,Qp*,rastgele,adim16_train,,,pozitif,,,,,kalite
5289,arkadaşlar 3 çekmeceli deyip geçmeyin. bunların 65-100 lt arasında değişiyor. bu ürün net 75 brüt de 80 falan. almışken 100 lt olanını alın,negatif,Bn,rastgele,adim16_train,,,,,negatif,,,
5291,kopegim ac kalmadan asla yemedi yedikten 1 gun sonrada kusmaya basladi ucuz diye aldik bosa gitti para bir daha asla almam,negatif,"Qn,Fn",rastgele,adim16_train,,negatif,negatif,,,,,
5292,yeşil renk sipariş vermeme rağmen gri renk geldi. en önemli sorun demlik sapı aşırı ısınıyor. çıplak el ile tutmak mümkün değil. ayrıca kaynatma düğmesi bazen kaynamadan atıyor. birkaç defa basmak gerekiyor. memnun değilim,negatif,"Sn,Qn",rastgele,adim16_train,,,negatif,,,,negatif,
5295,ürün harika yaklaşık bir ay araştırdım ve bu ürüne karar verdim pişman değilim satıcı zaten hepsiburadanın kendisi en ince ayrıntıya kadar düşünmüşler. kesinlikle tavsiye ederim,pozitif,"Qp,Sp",hedefli:satici,adim16_train,,,pozitif,,,,pozitif,
5296,geçen yaz anneme siyahını almıştım hediye olarak. oldukça kullanışlı olduğunu söyledi. tavsiye ediyorum. bu ürünü de teyzeme aldık. çabuk kargolandı. oldukça şık ve kullanışlı diğeri gibi. pişman olacağınızı sanmıyorum alırsanız.,pozitif,"Pp,Kp,Gp",rastgele,adim16_train,pozitif,,,pozitif,,pozitif,,
5297,kaliteli bi ürün değil ancak bu fiyata sahada kötüleri var kokusu yok arkadaşlar 2011 aveo aracıma aldım çok fazla kesmek zorunda kaldım ebatlarına iyi bakin bence alınabilir hızlı kargo teşekkürler hepsiburada,negatif,"Qn,Fp,Bn,Kp",hedefli:kargo,adim16_train,pozitif,pozitif,negatif,,negatif,,,
5298,arzum markasına güvenerek aldım fakat fön çekerken oldukça işlevsiz makine kendini kapatıyor anca soğuyunca tekrar çalışmaya başlıyor. tavsiye etmem.,negatif,Qn,rastgele,adim16_train,,,negatif,,,,,
5299,boyuna aldanmayın büyük almanıza hiç gerek yok tabi akvaryumunuz 2mt fln değilse çok güzel temizliyor tavsiye ederim uyduruk bişi değil.,pozitif,"Qp,Bx",rastgele,adim16_train,,,pozitif,,nötr,,,
5300,ürün gerçekten çok kaliteli.şık giyinenlerde kullanılacak türden.akşamları kullanılırsa daha etkili olacağı çok açık.,pozitif,Qp,hedefli:gorunum,adim16_train,,,pozitif,,,,,
5301,2.kamera özelliği olsa da olur olmasa da mantığında yapılmış.harici bir odak tuşu yok.resimler genel olarak kalitesiz,negatif,Pn,hedefli:gorunum,adim16_train,,,,negatif,,,,
5302,"ürün çok kaliteli ve güzel ve kullanışlı. beklediğimin üstünde performans, satıcısı ürünü hızlı ve sorunsuz gönderdi.teşekkürler",pozitif,"Qp,Pp,Kp",rastgele,adim16_train,pozitif,,pozitif,pozitif,,,,
5303,kurulum için hiçbir şey yok.çok kaliteli bir ürün değil ama fiyatına göre iyi.kiliflarin fermuarlari daha kaliteli olabilir.teşekkür ederim,negatif,"Qn,Fp",rastgele,adim16_train,,pozitif,negatif,,,,,
5304,aldım  ama dıslerı karsılamadı ınce dıs oldu ve ıstenıldıgı gıbı bır urun degıl,negatif,"Qn,Pn",hedefli:kelime_yok,adim16_train,,,negatif,negatif,,,,
5305,"ürünün başka mağaza lardaki fiyatına göre kıyaslarsam çok uygun, neredeyse yarı yarıya gelen firmalar var. kireç temizleme ünitesi kullanışlılığını arttırmış.",pozitif,"Fp,Pp",hedefli:satici,adim16_train,,pozitif,,pozitif,,,,
5306,kolye resimde göründüğü gibi güzel taşları da gayet sade duruyor  alelade değil zirkon . i̇çinden minik bir garanti kartıyla çıkıyor. kutusuda gayet şık. bu fiyata bu ürün gönül yapmaya yeter . bir arkadaşım için hediye olarak aldım. çokta güzel duruyor,pozitif,"Gp,Fp",hedefli:gorunum,adim16_train,,pozitif,,,,pozitif,,
5307,oğlum için aldığım paten çok güzel oğlumun çok hoşuna gitti. teşekkürler.,pozitif,Qp,hedefli:kelime_yok,adim16_train,,,pozitif,,,,,
5308,ürünü 3 ay önce aldım. gayet güzel ve şık. fakat 1 tane sorun var. o da tarihi ayarlamak için düğme yok.,pozitif,"Qp,Gp,Pn",rastgele,adim16_train,,,pozitif,negatif,,pozitif,,
5312,hergün traş olan biri olarak makine işimi mükemmel gördü.,pozitif,Qp,rastgele,adim16_train,,,pozitif,,,,,
5313,"fotograflardaki boyutlara aldanmayin, anaokul mobilyasi kadar kucukler. ozellikle beyaz sehpalari kullanmak icin hic bir yer bulamadim. hic memnun kalmadim.",negatif,"Bn,Qn",hedefli:boyut,adim16_train,,,negatif,,negatif,,,
5314,uyku düzeniniz iyi yönde değişiyor bu kesin. sadece yükseklik konusunda daha dikkatli olmak gerek sanırım. benim için bir küçüğü olsa daha iyi olurmuş. kıyaslamanız acısında 170 boyunda 62 kg biri için biraz yüksek kalıyor. tavsiye ederim.,pozitif,"Qp,Bn",rastgele,adim16_train,,,pozitif,,negatif,,,
5315,gayet şık ve güzel bir tablo :) tavsiye ederim.,pozitif,"Gp,Qp",hedefli:gorunum,adim16_train,,,pozitif,,,pozitif,,
5317,işte bu diyebileceğiniz bir koku...testerini kullandım ve hala koku üzerimde...ilk başta bahçe gibi kokuyorsunuz çiçek tonları...sonra ise balımsı hafif bir kokuyla kendini koruyor...çok kalıcı bir koku ve kampaya süper acil alınır bence....,pozitif,"Pp,Fp",hedefli:boyut,adim16_train,,pozitif,,pozitif,,,,
5320,kesinlikle okunması fereken bir eser. i̇lber hoca kendi uslûbuyla çok güzel özetlemiş. 2 iş gününde elime gecti. iş ciddiyetleri için de teşekkürler hepsi burada,pozitif,"Qp,Kp",rastgele,adim16_train,pozitif,,pozitif,,,,,
5321,makineninizin yanında 1-2 lens de taşıyabileceğiniz ideal bir çanta.,pozitif,"Qp,Bp",rastgele,adim16_train,,,pozitif,,pozitif,,,
5322,konular cok üstünden geçilmiş derinlik yok açıkçası okuduğum tarih kitapları arasında aşağlarda kalır.,negatif,Qn,hedefli:kelime_yok,adim16_train,,,negatif,,,,,
5323,kalem gayet güzel yazıyor.  roller kalem keyfi veriyor.,pozitif,Qp,hedefli:kelime_yok,adim16_train,,,pozitif,,,,,
5324,güneş altında kaldığından yaklaşık 2 sene içinde çürüdü plastiği kırılmaya başladı. gölge altında kullanılması belki ömrünü uzatır. ancak ipi sağlam ve güvenli emniyeti sayesinde hiç düşme olayı olmadı.,negatif,Qn*,rastgele,adim16_train,,,negatif,,,,,kalite
5325,daha önce buna benzer bir ürün kullandım fakat bbu ürünün fiyatı ve garanti özellikleri sıkıntılı olabiliyo daha tanındık markalarda bayilikte sıkıntını çözebiliyosun gerçi bu fiyata 7 gün denemek gerekir diye düşünnüyorum,negatif,"Sn,Fx",hedefli:satici,adim16_train,,nötr,,,,,negatif,
5326,büyük bir hevesle aldım.. görüntü olarak evet çok güzel.. dış görünüm.. iç hacmi .. harika şık bir tasarım.,negatif,"Gp,Bp",hedefli:boyut,adim16_train,,,,,pozitif,pozitif,,
5327,ürünü kullanım klavuzundaki yönergelere göre kullanmak biraz zor ama youtube üzerinden ürününün nasıl kullanılacağına dair videolar mevcut.,pozitif,Pn,hedefli:satici,adim16_train,,,,negatif,,,,
5328,diğer yorumlar daki kutu durumu doğru. yüzük kutusu gibi küçük. ancak sertifika falan yok. svarovski olup olmadığını anlayamadım. ama çok şık.,pozitif,"Sn,Gp",hedefli:boyut,adim16_train,,,,,,pozitif,negatif,
5329,ilkten tereddütle aldim ama hepsiburadaya güvendigim için siparis verdim. ayni boyle resimdeki gibi cikti kesinlikle tavsiye ederim baska modellerini de alcam inşallah.hiç şüpheniz olmasin,pozitif,Gp,hedefli:gorunum,adim16_train,,,,,,pozitif,,
5331,"ürün iç derinliği az,yüksekliği az tv üzerine koyduğumda ayakları yaklasık önden ve arkadan 5 cm dışarı çıktı ürün 10 cm daha geniş,10 cm ha rafların içi yüksek olsa daha kullanışlı ve şık olur kargo biraz geç gönderildi",negatif,"Bn,Kn",hedefli:kargo,adim16_train,negatif,,,,negatif,,,
5333,normalden hafif geldi bana. plastik top gibi sekiyor. kaucuk basketbol topu izlenimi vermiyor. pompa topun yeterli basınca ulaşması için yeterli değil.,negatif,"Bn,Qn",hedefli:boyut,adim16_train,,,negatif,,negatif,,,
5335,fazla beklenti ile almadım. başlangıç seviye için uygun denebilir..,negatif,Qp,hedefli:kelime_yok,adim16_train,,,pozitif,,,,,
5337,ürün güzel görünüyor. yalnız boyu biraz uzun. kargo 3 günde geldi fakat ya bebek arabasının bi kullanma kılavuzu olmaz ya paketten çıkmadı.,negatif,"Gp,Bn,Kx,Sn",hedefli:satici,adim16_train,nötr,,,,negatif,pozitif,negatif,
5342,"gayet şık, taşıması 10400'lüğe göre çok daha rahat. alüminyum gövde sağlam ama yapı itibariyle kolay kirleniyor ama kolayca da silinebiliyor.",pozitif,"Gp,Pp,Qp",hedefli:gorunum,adim16_train,,,pozitif,pozitif,,pozitif,,
5343,bu tür ürünlerin görülerek alınması gerektiğine kanaat getirdim,negatif,0,hedefli:kelime_yok,adim16_train,,,,,,,,
5344,"ürünü cumartesi sipariş verdim salı günü ulaştı.cihaz çok güzel,hiçbir donma takılma görmedim fakat modern combat 5 gibi oyunlarda bayağı ısınıyor.",pozitif,"Kx,Qp,Pn*",hedefli:kargo,adim16_train,nötr,,pozitif,negatif,,,,performans
5345,vestel magazasindan daha uygun bi fiyata aldim.urun kucuk ama cekmeceleri gercekten buyuk ve sessiz calisiyor.verilen paraya deger bi urun.hepsiburada sitesine tesekkurler.,pozitif,"Fp,Bp,Pp",rastgele,adim16_train,,pozitif,,pozitif,pozitif,,,
5346,kitap bence isminden ve buradaki indirimden dolayı aldım.roman gibi değil ama idare eder,negatif,"Fx,Qx",rastgele,adim16_train,,nötr,nötr,,,,,
5350,"ürünü alıp almama konusunda cok kararsız kalmıstım.iyi ki almısım.kurulumu cok basit,ayaklarını cevirip takıyosun o kdr.saglam gorunuyor spor yapmak cok zevkli.ürünün büyüklügü ideal bence cünkü hareketler rahat yapılıyor.",pozitif,"Qp,Pp,Bp",rastgele,adim16_train,,,pozitif,pozitif,pozitif,,,
5352,telefonla ilgili bir sıkıntı olduğunda ne müşteri hizmetlerine ne de yetkili servislerine ulaşılamıyor ben bu konuda sıkıntı yasadım.telefon alacaklara bu konuyu göz önüne almalarını öneririm.,negatif,Sn,rastgele,adim16_train,,,,,,,negatif,
5353,"çok şık bir ürün, usb 2.0 olmasına rağmen tatmin edici, ufak ve metal kasa olduğu için tercih ettim.",pozitif,"Gp,Pp,Bp",rastgele,adim16_train,,,,pozitif,pozitif,pozitif,,
5355,23 mart'ta sipariş verdiğim ürün elime 28 mart'ta ulaştı.(5gün),negatif,Kx,hedefli:kargo,adim16_train,nötr,,,,,,,
5356,"4 yılönce aldım kullanışlı büyük,aynı anda 6 tane tost yapılıyor kare tost ekmegıyle.çok memnunum",pozitif,"Pp,Bp,Qp",hedefli:boyut,adim16_train,,,pozitif,pozitif,pozitif,,,
5358,ürün gerçekten çok güzel ve kaliteli verdiğiniz parayı sonuna kadar hakediyor. paketleme çok güzel yapılmış. ama kurulum kılavuzu biraz daha anlaşılır olabilirdi. parçaların üzerine numara verilmesi gerekir.,pozitif,"Qp,Fp,Kp,Pn",hedefli:satici,adim16_train,pozitif,pozitif,pozitif,negatif,,,,
5359,"küçük top patlak geldi,büyük top da çok fazla esniyor..diğer ürünler iyi",negatif,"Kn,Qn*",rastgele,adim16_train,negatif,,negatif,,,,,kalite
5362,eşime hediye aldım çok beğendi. dalgalar doğal duruyor.,pozitif,Qp,hedefli:gorunum,adim16_train,,,pozitif,,,,,
5364,i̇yi fırsat. i̇ndirimlerintakip edip hb den alıyorum herzaman,pozitif,Fp,rastgele,adim16_train,,pozitif,,,,,,
5365,inşallah çakma değildir biraz yüzümü tahriş ediyor ve de 2_3 gülüm sakalı tam almıyor,negatif,Qn,hedefli:kelime_yok,adim16_train,,,negatif,,,,,
5366,bu ürünü 3 gün önce sipariş ettim.1 gün sonra kargoya verildi.2 gün sonra da elime geçti.hemen denedim.sonuç gayet iyi.zaten traş makinasında yılların markası.sadece muhafaza çantası eksik bence.tavsiye ederim.,pozitif,"Kx,Qp,Sn",hedefli:satici,adim16_train,nötr,,pozitif,,,,negatif,
5367,"bu ürünü perşembe günü aldım. 4 gün oldu halen ulaşmadı.halen ürün tedarik sürecinde görünüyor.müşteri hizmetlerine yazdım,oda bana klasik bir cevap vermiş.1-7 gün arası diyor..teslimat çok geç.bu hepsiburadadan son alışverişimdir..",negatif,"Kn,Sn",rastgele,adim16_train,negatif,,,,,,negatif,
5368,500 ml olması ve fiyatının uygun olması nedeniyle aldım..denedim tekerleri simsiyah yaptı. alabilirsiniz.. ayrıca kargoda bedava daha ne olsun,pozitif,"Fp,Qp,Bp,Kp",hedefli:boyut,adim16_train,pozitif,pozitif,pozitif,,pozitif,,,
5369,en son aradiginiz kisiyi yanlislikla tusa bastiginizda ariyor gerisi guzel ama ttec marka makaron kulaklikta tusa iki kere bastiginizda en son aranani ariyor ben aldim simdide ttec aldim tekrardan.,negatif,"Pn,Qp",hedefli:kelime_yok,adim16_train,,,pozitif,negatif,,,,
5370,ürünü elime tam 6 günde ulaştırdılar. telefon tam bir rezalet sesi 5 mt den zor duyuluyor. fiyat performans açısından 0 puan. tambir zaman ve para kaybı,negatif,"Kn,Qn,Pn,Fn",rastgele,adim16_train,negatif,negatif,negatif,negatif,,,,
5372,"son yıllarda okuduğum en iyi kitap. dostluk, ihanet ve acı gerçekler...çok gerçekçi bir dille anlatılmış..",pozitif,Qp,hedefli:kelime_yok,adim16_train,,,pozitif,,,,,
5373,eğer bu ürünü alacaksanız kesinlikle doğru tercih etmiş olursunuz.,pozitif,0,hedefli:kelime_yok,adim16_train,,,,,,,,
5375,"daha önce daha uygun bi fiyata almıştım. ufak bir zorlanmada lokma dağılıyor, diyeceğim o ki sadece amatörler alsın fazla zorlamasın cırt da mekanizma çabuk bozuluyor",negatif,Qn,rastgele,adim16_train,,,negatif,,,,,
5377,arkadaşlar kitap o kadar güzelki farklı farklı düşünmenizi beynin sorular üzerinden değişik yollardan çözüme ulaşmasını sağlamakta ufkunuzu açacak ve insanı zirveye ulaştıracak özellikte. şiddetle tavsiye ediyorum yazar çok iyi gözlemci ve analizci diyebilirim.,pozitif,Qp,rastgele,adim16_train,,,pozitif,,,,,
5378,ancak çok ağır ve kaba ayrıca telofonu şarj etmek için çıkan kablo çok kısa ve kullanışsızdır.,negatif,"Bn,Pn",hedefli:boyut,adim16_train,,,,negatif,negatif,,,
5379,senelerdir hepsiburada yı kullanırım ve her aldığım şeyde hiç sorun yaşamadım bugüne kadar.tam 5 kişilik bol köpüklü türk kahvesi eldeediliyor.şiddetle tavsiye ederim.,pozitif,Qp,hedefli:kelime_yok,adim16_train,,,pozitif,,,,,
5381,ürün çok kötü dikiş kısımları iç tarafta dolayısıyla ellerinizi acıtıyor. deri olduğunuda düşünmüyorum bez bir eldiven alın daha iyi.özellikle fitness da ağırlık kaldırıp elleri nasır olanlar için bez bir eldiven alın daha iyi.,negatif,Qn,rastgele,adim16_train,,,negatif,,,,,
5384,"devrilmiyor, içi dışı çelik ama içeceğin ısısını uzun söre korumuyor",negatif,Qn*,rastgele,adim16_train,,,negatif,,,,,kalite
5385,ürünün tek sıkıntısı yayında sıkıntı yaratıyr randuman alamadık biz ama idare eder işte,negatif,Qn,rastgele,adim16_train,,,negatif,,,,,
5386,"gerçekten güzel,görüntüyü güzel bir şekilde aktarıyor gayet dayanıklı ve uzun ömürlü olacağını düşünüyorum ben memnun kaldım",pozitif,"Qp,Pp",hedefli:gorunum,adim16_train,,,pozitif,pozitif,,,,
5387,2 adet kedim var. sevmediler.  kakalari daha kotu kokmaya basladi,negatif,Qn,hedefli:kelime_yok,adim16_train,,,negatif,,,,,
5390,oğluma aldım ürünü... çok sevdi.. defalarca teşekkür etti.,pozitif,Qp,hedefli:kelime_yok,adim16_train,,,pozitif,,,,,
5391,ürün hızlı bi şekilde elime geçti çok kaliteli değil . temizlenmeden paketlenmiş paketlerin içi talaş doluydu. yarım saat temizlemekle uğraştım.  fotoğrafta alt ayaklar koyu gözüküyor bana beyaz geldi. kurulumda menteşe yerleri belirtilmemiş bazı delikler açılmamış.,negatif,"Kp,Qn,Gn,Pn",rastgele,adim16_train,pozitif,,negatif,negatif,,negatif,,
5393,fiyat olarak cazip geldi aldım.ancak kokusu yüzünden 1 haftadır dışarıda tutmama rağmen gitmedi.sağlığa zararlı olabileceğini düşünüyorum.,negatif,"Fp,Pn",rastgele,adim16_train,,pozitif,,negatif,,,,
5395,urun 8 gunde elime ulasti. kargolamayi super yapmislar. zarar girmemis. ama avizenin alt kisminda desenlerinde silik ve kaymalar mevcut.  kutusunun icinden kurulumla alakali bir tek satir yazi bile cikmadi. ????,negatif,"Kp,Qn,Sn",hedefli:gorunum,adim16_train,pozitif,,negatif,,,,negatif,
5396,ürünü 1 hafta önce aldim.eşim kullanıyor saclari dalgalı sonuc alamadik.kurutma işine yarıyor.,negatif,Qn*,rastgele,adim16_train,,,negatif,,,,,kalite
5397,"ürün çok hızlı elime ulaştı, profesyonel çalışma için teşekkür ederim. ürünü gidip mağazada begenip hepsiburada ile daha uygun fiyata aldım. taşındığımda kurduracağım için şu an kullanamıyorum ve teknik bir veri bilsiremeyeceğim.",pozitif,"Kp,Fp",hedefli:satici,adim16_train,pozitif,pozitif,,,,,,
5398,2- eski fırınım da 800watt idi fakat buna göre daha çabuk ısıtıyordu.,pozitif,Pn,rastgele,adim16_train,,,,negatif,,,,
5399,uzun vadede yatırım için para biriktiremeyenler için kredi kartıyla taksit seçeneğini kullanarak alabilirler.güzel bir yatırım olacanağına inanıyorum.en son tarih basımı şeklinde gönderiyolar,pozitif,"Fx,Qp",hedefli:kargo,adim16_train,,nötr,pozitif,,,,,
5400,urunu aldik geldi iyiguzel fakat kopuk tabancasi kopuk d3gil sabun atiyor 30 saniyede 1 lt oto yikama sabununu arabanin ustune bocaladi kopuk yapmiyor kanmayin buna. ve urun 105 bar olsaydi tabanca kismini tutmak guclesirdi,negatif,"Pn,Qp",hedefli:boyut,adim16_train,,,pozitif,negatif,,,,
5401,içinde 2 adet ağırlık adı altında demir plaka yerlerştirmişler,negatif,Qn,rastgele,adim16_train,,,negatif,,,,,
5404,ürün bugün elime ulaştı. cantlar koli içinde ezilmiş olarak çıktı. kurdum icine bitane bile alyan koymamislar zorla kurduk. şimdide sele sıkıştırmama rağmen yerinden çıkıyor. frenler çok kalitesiz  keşke 60-70tl daha verip iyi marka alsaydim. i̇nş başka sorun çıkarmaz.,negatif,"Kn,Sn,Qn",rastgele,adim16_train,negatif,,negatif,,,,negatif,
5405,"aldığım ürün fiyatına göre kalite değil,keten kısmını çok kötü yapıştırmışlar, kırış kırış duruyor.tavsiye etmiyorum.",negatif,"Qn,Fn",rastgele,adim16_train,,negatif,negatif,,,,,
5406,alıcı olarak ml den anlamamak ortak derdimiz. kutunun boyutlarını vermek en doğru seçim olacaktır. ama denediğimiz ve dildiğimiz bir ürün.. fiyat olarak da gayet iyi. ama seyahat boyu diye not düşülmeli...,negatif,"Bn,Fp",hedefli:boyut,adim16_train,,pozitif,,,negatif,,,
5407,üründe fazla kafa başlıgı olmasının bir yararı yok.fazlasıyla vasat.kısacası bu fiyata kalite de olmaz denmiş.paranızı boşa harcamak yerine daha üst modellere yönelin,negatif,"Qn,Fn",rastgele,adim16_train,,negatif,negatif,,,,,
5409,oğlumda kullanıyordum çok memnun kaldım hiç gaz sorunu yaşamadık.şimdi kızım için aldım.diğer biberonlarda içtikten sonra bebekler boş hava çekiyorlar dr.browns biberonlarda bu başımıza gelmedi.yalnız her kullanımdan sonra bekletilmeden fırça ile temizlenmesi lazım.parcaların içine kaçan mama çok kötü kokuyor yoksa.,negatif,Qp,rastgele,adim16_train,,,pozitif,,,,,
5410,"gayet kullanışlı ve ergonomik, çantası ile de rahatça taşınabilir, düşünmeden alın :)",pozitif,Pp,rastgele,adim16_train,,,,pozitif,,,,
5414,mucize beklemeyin. aracın döşemelerinde kullandım temizlediği falan yok memnun kalmadım basit market mallarından alırsanız daha fazla iş görür.,negatif,Qn,rastgele,adim16_train,,,negatif,,,,,
5415,başka yerden bu marka tv aldık ama bir hafta kullanabildik ayaklar kalitesiz kendiside kalitesiz küçük bi darbeyle panel kırıldı pahalı alın kaliteli olsun,negatif,Qn,rastgele,adim16_train,,,negatif,,,,,
5416,guvenlik acisindan zayif malzeme kalitesi cok kotu malesef,negatif,Qn,rastgele,adim16_train,,,negatif,,,,,
5418,ürünü daha önce kullanmamıştım...deneyeyim dedim...beklentimin altında çıktı...tarif edecek olursam traş kolonyasına benzer bir koku...,negatif,Pn,rastgele,adim16_train,,,,negatif,,,,
5419,kaç kere denemede ancak çalıçıyor. çok zor çalışıyor . biraz daha para verip daha iyi bir makine alsaydım keşke .,negatif,Qn,rastgele,adim16_train,,,negatif,,,,,
5420,öncelikle hızlı gönderi için hepsiburada.com ailesine teşekkürlerimi sunuyorum.,pozitif,Kp,rastgele,adim16_train,pozitif,,,,,,,
5422,bu ürünü bu fiyata görünce hemen aldım ve 1 gün sonra elime ulaştı. kaliteli bir ürün ve çok hızlı su kaynatıyor. ayrıca kapasitesi de tatmin edici. teşekkürler hepsiburada.,pozitif,"Fp,Kp,Qp,Pp,Bp",hedefli:gorunum,adim16_train,pozitif,pozitif,pozitif,pozitif,pozitif,,,
5423,uzun zamandır kullanıyorum. i̇şini gayet iyi yapıyor. sadece yumurta boyutlarına dikkat etmek lazım. küçük köy yumurtaları ile çift sarılı büyüklerde biraz yanıltıcı olabiliyor ama standart yumurtada hiç şaşmıyor.,pozitif,Qp,rastgele,adim16_train,,,pozitif,,,,,
5425,"bu kadar para vermek yerine arkonun cool traş kolonyasını alabilirsiniz inanın hiç bir farkı yok..buradaki efsane, klasik, mükemmel gibi yorumlara da kesinlikle inanmayın koku kalitesine gelince 10 üzerinden 5 yeterli olur sanırım. kesi̇nli̇kle başka bi̇r parfüm deneyi̇n...",negatif,"Fn,Pn",rastgele,adim16_train,,negatif,,negatif,,,,
5426,"bende aynı tarzda x7 mouse var. kullanabilirlik açısından çok iyi mouselar. fakat uzun süre oyun oynayacaksanız, elleriniz terliyor ve üstündeki plastik desen soyuluyor.",negatif,"Pp,Qn",hedefli:gorunum,adim16_train,,,negatif,pozitif,,,,
5428,eşim için aldım eşim işi nedeni ile spor salonu veya başka bir yere gidemiyordu. ama bu eşofmanla ev işlerini yaparken bile giyebiliyor. tavsiye ederim,pozitif,Qp,hedefli:kelime_yok,adim16_train,,,pozitif,,,,,
5431,renkler çok guzel. uygun fiyata duvarını daha hoş görmek isteyenler rahatlıkla alsin.,pozitif,"Gp,Fp",rastgele,adim16_train,,pozitif,,,,pozitif,,
5434,arkadaşlar ben açık renkli şişede olanı da kullandım o çok güzeldi yine onu almak istemiştim ama bunu almışım yanlışlıkla bu hiç iyi değil... bence bazı arkadaşlarda karıştırıyor...,negatif,Qn,hedefli:gorunum,adim16_train,,,negatif,,,,,
5437,arkadaslar ben şimdi sipariş ettim zaten ben alışverişimi burdan yapiyom çok güvenilir,pozitif,Sp,hedefli:kelime_yok,adim16_train,,,,,,,pozitif,
5441,bu kitaba güzel diyen arkadaşlar cidden hiç kitap okumayan insanlar herhalde okunacak o kadar güzel kitap dururken kesinlikle tavsiye etmiyorum.,negatif,Qn,hedefli:kelime_yok,adim16_train,,,negatif,,,,,
5442,2 ay önce aldim bu ürünü gerçekten çok güzel terleti̇yor. zayifalamak i̇steyenler i̇çi̇n çok i̇deal. şi̇mdi̇ eşi̇mede bi̇r tane alicam herkese tvsi̇ye ederi̇m.,pozitif,Qp,hedefli:kelime_yok,adim16_train,,,pozitif,,,,,
5443,annem ve babama hediye olarak daha dün aldım..,pozitif,0,hedefli:kelime_yok,adim16_train,,,,,,,,
5445,ürünü bileğim ağrıdıgı icin aldım.yorumları okuyunca dahada ürüne icim ısındı.dün siparis vermistim.bugün elime gecti.kargosu hızlı.kokusu biraz var.estetik özelliğe sahip ve kalitesi en üst düzeyde.ama ürün kendisini cok güzel belli ediyor.tesekkürler hepsiburada,pozitif,"Kp,Gp,Qp",hedefli:kargo,adim16_train,pozitif,,pozitif,,,pozitif,,
5447,şiparişim hemen kargoya verildi hepsiburadaya teşekkürler     küçük ama çok işime yarıyor bu tost makinası herkese tavsiye ederim özellikle de bekarlara,pozitif,"Kp,Qp,Bn",rastgele,adim16_train,pozitif,,pozitif,,negatif,,,
5450,iphone 5s cep telefonumu iki kez bile sarj etmedi iade ettim hafifolmasina hafif ve ince ama benim isime yarayan bir powerbank degil almak isteyenler bunu göz artı etmesin,negatif,"Qn,Bp",hedefli:boyut,adim16_train,,,negatif,,pozitif,,,
5452,"ev telefonu olarak alınabilecek bir telefon. fiyatı da uygun. kullanıyorum, memnunum.",pozitif,"Fp,Qp",rastgele,adim16_train,,pozitif,pozitif,,,,,
5453,en önemli özelliği titreşiminin olması telefon çaldı duymadım olayı yok...,pozitif,Pp,hedefli:kelime_yok,adim16_train,,,,pozitif,,,,
5454,tavsiye etmiyorum. süngerleri çok kalın ve sert malzeme kullanılmış. bundan dolayı kapı kapanmıyor.,negatif,Qn,rastgele,adim16_train,,,negatif,,,,,
5455,orta boy olan ilk seyahatinde tekerlek kısmının oradan kırıldı ne yazık ki,negatif,Qn,rastgele,adim16_train,,,negatif,,,,,
5456,malzeme kalitesi çok kötü. özellikle klips olayı tam bir sorun. klipsi mutlaka kırılıyor kullanımda. üstelik serviste yedek parçası da yok. ürünü değiştirmek istediğinizde ne yazık ki servis sorun çıkarıyor. onun yerine klipsi sağlam bir ürün bulmanızı öneririm.,negatif,"Qn,Sn",hedefli:satici,adim16_train,,,negatif,,,,negatif,
5459,ürünü telefonun uygulama hafızasını genişletmek için kullanıyorum.  uygulama açılışında bile çok hızlı.  gayet başarılı ve f/p ürünü. ..hızlı kargo ve en iyi flyat için teşekkürler hb.,pozitif,"Pp,Qp,Fp,Kp",hedefli:boyut,adim16_train,pozitif,pozitif,pozitif,pozitif,,,,
5461,göründüğünden çok daha güzel ve şık herkese tavsiye ederim. büyük olmasına rağmen çok hafif ve kol yormuyor. fiyatı kalitesine göre çok uygun.,pozitif,"Gp,Bp,Fp",hedefli:boyut,adim16_train,,pozitif,,,pozitif,pozitif,,
5466,sağ üst kısmın kaplaması zarar görmüş halde geldi. kurarken alyan vidalar yerine tam oturmadı.kurduktan sonra da biraz sallanma var. çok kaliteli bir ürün değil.,negatif,"Kn,Qn",rastgele,adim16_train,negatif,,negatif,,,,,
5467,"bu fiyata büyük beklentiye girmeyin, rüzgarı kısmen keser.",negatif,"Qn*,Fx",hedefli:boyut,adim16_train,,nötr,negatif,,,,,kalite
5469,ürün diğer ütü masalarına göre ebat olarak küçük duruyor. ebatlarını gözden geçirerek alırsanız sıkıntı yaşamazsınız. biraz kalitesiz gibi duruyor.,negatif,"Bn,Qn",rastgele,adim16_train,,,negatif,,negatif,,,
5471,2 kedim var onlara aldım.tuvalet düzgün temizlenmiyor aşırı pis kokuyor.alan çok dar kediler hiç rahat edemediler.i̇ç haznesi çok az kum alıyor fazla koyarsanız akıp alta gidiyor.asla tavsiye etmem.çok yer kaplıyor aynı zamanda.,negatif,"Qn,Bn",rastgele,adim16_train,,,negatif,,negatif,,,
5472,diger aldigim hareketli kitaplar gibi kaliteki degil. baskasini almasnizi oneririm,negatif,Qn,rastgele,adim16_train,,,negatif,,,,,
5473,tek + yönü sağlam ve anahtarlıkta hoş duruyor. yazma hızı 7 gösterilmis 4 küsür ile yaziyor.,negatif,"Qp,Gp,Pn",hedefli:gorunum,adim16_train,,,pozitif,negatif,,pozitif,,
5475,kardesim icin aldim. kaliteli ve zarif bir goruntusu var. ayrica kutudan kilif ve ekran koruyucu cikmasida hoc bir supriz. tesekkurler,pozitif,"Qp,Gp,Sp",rastgele,adim16_train,,,pozitif,,,pozitif,pozitif,
5478,kullanıyorum daha 10 kere kullanmadan yırtılmaya başladı fakat kullanmaya engel olmuyor yani yırtıldığı yerden kendini kolay kolay bırakmıyor. yinede alın bence,negatif,Qn*,rastgele,adim16_train,,,negatif,,,,,kalite
5480,"1993 yılından beri kullanıyorum, düşmeler çarpmalar v.s v.s hâlâ taş gibi",pozitif,Qp,hedefli:kelime_yok,adim16_train,,,pozitif,,,,,
5481,"ürün elime yeni geçti, beklentim büyüktü fakat çalıştırdığımda çok ses yapıyor o yüzden işyeriniz için ideal bir ürün olacağını zannetmiyorum.",negatif,Pn,hedefli:kargo,adim16_train,,,,negatif,,,,
5482,ürünü burdan aldım. montajını yaptırdım. görünüşü çok güzel ve havalı. ama davlumbaz 3. kademede çalıştırınca kendi kendine duruyor ve 15dk çalıšmıyor. bir özellik değil ama yapıyor. denemeye devam ediyorum. ya sevisi çağıracam . yada iade edecem. bakalım.,negatif,"Gp,Qn",hedefli:satici,adim16_train,,,negatif,,,pozitif,,
5484,değiştirmesi çok basitmiş.bu kadar kolay olacağını tahmin etmemiştim..youtubeda videosu var izledim ve kolayca değiştirdim. koltuğumu değiştirmekten kurtuldum.,pozitif,Pp,rastgele,adim16_train,,,,pozitif,,,,
5486,"telefon gerçekten beklediğimden iyi çıktı.etrafımda inceleyen herkesde hayran kaldılar diyebilirim.kamerası çok iyi,çok net.i̇nternet bağlantı hızı olsun,kullanım açısından da donma kasma gibi problemler yok.çift sim kart aktif olarak kullanılabiliyor.fiyat performans olarak 10 numara diyebiliriz.gönül rahatlıyla satın alabilirsiniz.",pozitif,"Qp,Pp,Fp",rastgele,adim16_train,,pozitif,pozitif,pozitif,,,,
5488,"tek kelimeyle mükemmel bir ürün, şiddetle tavsiye ederim",pozitif,Qp,rastgele,adim16_train,,,pozitif,,,,,
5489,geçen sene almıştım tasarımı çok şık ama 3 kademeli ve 1. kademesi çok hızlı geliyor daha önce 5 kademeli olanını kullanmıştım ve 1. kademesi tam yetiyordu bence en büyük eksikliği bu. çok sıcak olmayan havalarda açtığınızda 1. kademe fazla geliyor.,negatif,"Gp,Pn",rastgele,adim16_train,,,,negatif,,pozitif,,
5490,çok bir ekstra özelliğini göremedik normal primadan farkı yok kanımca,negatif,Qn,hedefli:kelime_yok,adim16_train,,,negatif,,,,,
5491,"bebeğinizde her hangi bir alerjik durum söz konusu değilse ki bunu deneyerek anlayabilirsiniz, en ideal bez diyebilirim. gayet memnun prensesimiz..",pozitif,Qp,rastgele,adim16_train,,,pozitif,,,,,
5494,elektrikçilerde bulamadım hemen hepsi burada ya girdim gece lambası olarak,pozitif,0,hedefli:kelime_yok,adim16_train,,,,,,,,
5495,hızlı teslimat diyor ama hemen gelmiyor inanmayın ürün güzel sorunsuz,negatif,"Kn,Qp",rastgele,adim16_train,negatif,,pozitif,,,,,
5497,"ürün şık olmasına rağmen öpücük işlevini yerine getirmediği için yarım saat uğraşmama rağmen duvara,dolaba hiçbir yere tutturamadım.yapıştırıcı alıp yapıştırmayı düşünüyorum.",negatif,"Gp,Qn",hedefli:gorunum,adim16_train,,,negatif,,,pozitif,,
5498,doğruluğundan emin olmak zor. fakat ayaklığının olmaması çok kötü. duvara asmak için illa çivi çakmak gerekiyor.,negatif,Pn,hedefli:kelime_yok,adim16_train,,,,negatif,,,,
5500,aldıktan  1 gün sonra motor bölümünden ses gelmeye başladı ve ertesi sabah çalışmadı.malzeme çok kalitesiz.kesinlikle tavsiye etmiyorum.,negatif,Qn,rastgele,adim16_train,,,negatif,,,,,
5501,"ürün düşündüğüm, gibi çıktı ve zamanında teslimatla, hepsi buradaya bu ürünleri bizlere sunduğu için teşekkürler.",pozitif,"Qp,Kp",rastgele,adim16_train,pozitif,,pozitif,,,,,
5502,cihaz çok başarılı.kanal geçiş hızı tatminkar.tkgs özelliği avantaj.tkgs özelliği sayesinde kanal atartma derdi ortadan kalkıyor.malzeme kalitesi gayet iyi.,pozitif,"Qp,Pp",kararsiz,adim16_train,,,pozitif,pozitif,,,,
5503,"arkadaşlar bence bu fiyata bu özellikler kaçırılmaz. 1-2 milyar verip , 2 sene sonra elinde kalacağını düşünenler için süper bi telefon.",pozitif,"Fp,Qp",rastgele,adim16_train,,pozitif,pozitif,,,,,
5504,benzer ürünlere göre verimi daha düşük oranda diyebilirim. beklentimi tam olarak karşılamadı.,negatif,Qn,kararsiz,adim16_train,,,negatif,,,,,
5505,uzun süre araçta kokusu kalıyor. onun dışı iyi.,negatif,"Pn,Qp",rastgele,adim16_train,,,pozitif,negatif,,,,
5506,ürünü tavsiye etmiyorum.öncelikle en düşük devri 800 daha azı yok.yazın bu devirde sıktırmak fazla olabilir ya da bazı ürünler için uygun değil.deterjan gözü oyuncak gibi bir plastik.oldukça da gürültülü,negatif,"Pn,Qn",rastgele,adim16_train,,,negatif,negatif,,,,
5507,"öncelikle çekiş gücü çok iyi , ev de  yer kaplamaması da bir avantaj. fiyatına göre çok uygun olduğunu düşünüyorum.tavsiye ederim.",pozitif,"Pp,Bp,Fp",rastgele,adim16_train,,pozitif,,pozitif,pozitif,,,
5508,sadece su sicaklik orani yeteli̇ deği̇l kahvesi̇ni̇ çok sicak sevenler i̇çi̇n sikinti olabi̇li̇r bunun,pozitif,Pn,kararsiz,adim16_train,,,,negatif,,,,
5509,dolabın alt kısmı güzel standartlara yakın ama üst kısmı hiç iyi değil çok basit yapılmış hiç tavsiye etmem,negatif,Qn*,kararsiz,adim16_train,,,negatif,,,,,kalite
5510,marketlerden almaya kalksanız çok daha pahalı. bu şekilde 1 tanesi bedavaya geliyor.,pozitif,Fp,rastgele,adim16_train,,pozitif,,,,,,
5511,yaklaşık 1 aydır kullanıyorum gayet güzel.ufak tefek eksiklikleri dile getiren arkadaşlar bu fiyata inanın daha iyisini bulamayacağınız kesin.başta tereddüt ettim ama sonradan iyiki almışım dedim.teşekkürler,pozitif,"Qp,Fp",rastgele,adim16_train,,pozitif,pozitif,,,,,
5512,hayatınızda kullanacagınız en iyi bayan parfümü vazgeçilmeyen eşim çok uzun zamandır bunu kullanıyor yolda bile durduruyorlar inanılmaz bir parfüm.. kesinlikle tavsiye ederim..,pozitif,Qp,rastgele,adim16_train,,,pozitif,,,,,
5513,"ev i̇çi̇ hortumu i̇çi̇n i̇deal bi̇r ürün, özelli̇kle balkon kullanimi i̇çi̇n çok kullanişli ve esteti̇k. ben en çok rengi̇ni̇ ve kumaşin dokusunu beğendi̇m.",pozitif,"Pp,Gp,Qp",rastgele,adim16_train,,,pozitif,pozitif,,pozitif,,
5514,tencerelerim elime 2.günün sonunda ulaştı.gerçekten çok güzel çıktı hatta 2lt lik olanla çorba bile yaptık düşünenlere tavsiye almaya değer... bu arada hepsiburadayada teşekkürler:),pozitif,"Kx,Qp",kararsiz,adim16_train,nötr,,pozitif,,,,,
5515,"adı üstünde faber-castell. piyasada bulunan made in chına kalemlerinden değil dersem yeter herhalde. fitatı da uygun, ofis ve okullar için ideal",pozitif,"Qp,Fp",rastgele,adim16_train,,pozitif,pozitif,,,,,
5516,"daha derin olabilrdi zira kek taşıyor  kenarları  da çok eskin ,yuvarlatılabilirdi.bu kaliteye daha bile ucuz olabilirdi.",negatif,"Bn,Qn,Fn",kararsiz,adim16_train,,negatif,negatif,,negatif,,,
5517,"çift yönlü kullanabilirsiniz, bir tarafı diğerine nazaran daha sert (ufak bebekler icin).",pozitif,Pp,rastgele,adim16_train,,,,pozitif,,,,
5518,ev içinde kullanmak için ideal daha büyüğü çok yer kaplar. 1-3 yaş arası çocukların oynayabileceğini düşünüyorum.,pozitif,Bp,rastgele,adim16_train,,,,,pozitif,,,
5519,yorumlara göre karar verip sipariş verdiğim bu ürün beklentimin çok üstünde çıktı. teşekkür ederim.,pozitif,Qp,kararsiz,adim16_train,,,pozitif,,,,,
5520,urunu süper hızlı aldım lakin 10 gün boyunca zor geçti kaç defa aradım su bu neyse urun güzel lakin büyük ağır boyutu ağırlı önemli değil bana guc olsun dayanlik hakkını veren diyorsanız mi ve mi ürünleri premuim,negatif,"Qp,Bn",kararsiz,adim16_train,,,pozitif,,negatif,,,
5521,diğer amaçlar ile kullanıma sözüm yok fakat ofis içi kullanıma tavsiye etmem.,negatif,Qn,kararsiz,adim16_train,,,negatif,,,,,
5522,güzel ve gösterişli ancak malzeme kalitesi olarak biraz zayıf gibi geldi bana. ayrıca koltuk çok dik ve uzun süreli oturduğunuz zaman bel ağrısı yapıyor.,negatif,"Gp,Qn,Pn",kararsiz,adim16_train,,,negatif,negatif,,pozitif,,
5523,ürün zamanlaması mükemmel herzaman ki gibi ürüne gelicek olursak bu ürüne olumsuz bişeyler yazmak haksızlıktır bana göre bu ürünü yüzünüzde küçük dokunuşlarda kullanmak için almalısınız hiç pişman olmazsınız emin olun hemde böle bi para miktarına karşın ne kaybedersiniz,pozitif,"Kp,Qp,Fp",kararsiz,adim16_train,pozitif,pozitif,pozitif,,,,,
5524,hatta vasatinda altinda bir usurun cikti 1cm lik taslari bile cekemiyor.tozlari aliyor ama tekrar haznesinden toz ufluyor bana kalirsa paranizi sokaga atmayin,negatif,"Qn,Pn",rastgele,adim16_train,,,negatif,negatif,,,,
5525,"hayal kırıklığına uğradım, ürün iphone şarj etmiyor, bunu belirten herhangi bir ibare de yok özelliklerinde.",negatif,"Pn,Qn",rastgele,adim16_train,,,negatif,negatif,,,,
5526,"iki tane 6 kiloluk dambıl aldım. kargo sırasında kenarını köşesini patlatmadan getirmişler, teşekkür ediyorum. bence gayet kullanışlı bir spor aleti. 5 kiloluk almaktansa 6 kiloluk almanızı tavsiye ederim. sonrasında 10 kiloya geçişte farkı anlayacaksınız :)",pozitif,"Kp,Pp",kararsiz,adim16_train,pozitif,,,pozitif,,,,
5527,"ki̇m gorduyse si̇pari̇ş veri̇yor,6 tane aldim şuan  kadar almayada devam edecem gali̇ba   tavsi̇ye ederi̇m  cok i̇yi̇ kali̇teli̇ bi̇r urün tek husura var üzeri̇nde ki̇ tus bastigin an son aranani ariyor yakanizda taktiniz zaman sorun olmuyor, cemi̇ni̇ze koydunuz zaman oluyor.",pozitif,"Qp,Pn",kararsiz,adim16_train,,,pozitif,negatif,,,,
5528,ürün kalite bakımından birşeye benziyor ancak alt dolabın delikleri tutmuyor iade edeceğim mobilyacı olsam zaten kendim yapardım 2 gündür uğraşıyorum,negatif,Qn*,kararsiz,adim16_train,,,negatif,,,,,kalite
5529,ürün görsellerden daha iyi geldi. çok memnun kaldık. fiyatı artmadan almanızı tavsiye ederim.,pozitif,"Gp,Qp",rastgele,adim16_train,,,pozitif,,,pozitif,,
5530,5. dış görünüşü zarif ve çift kapak ile gelmesi,negatif,Gp,kararsiz,adim16_train,,,,,,pozitif,,
5531,özellikle askılığıyla beraber bu ürünleri almanızı kesinlikle tavsiye ediyorum..mangal için hem görüntü hem kullanış açısından mükemmel..bu markanın mangalının yanına takılıyor ve uzun olmaları kullanış açısından büyük klaylık sağlıyor.,pozitif,"Gp,Pp,Bp",kararsiz,adim16_train,,,,pozitif,pozitif,pozitif,,
5532,hepsiburadayaı daha önce de kullanmıştım.güvendiğim bir site.ürün güründüğü gibi çıktı.kaliteli.görenler beğendi.çok ağır veya çok kaba değil.kırmızı rengini aldım.yalnız kargo kötü.2 günde antebe geldi.2 günde teslim edilmedi.o da beldava olmasından herhalde.,pozitif,"Gp,Qp,Bp,Kn",rastgele,adim16_train,negatif,,pozitif,,pozitif,pozitif,,
5533,ürünü odamda ambiyans aydınlatması olarak kullanıyorum gayet güzel iş yapıyor gece lambası için uygun bir ürün değil bence,pozitif,Qp,kararsiz,adim16_train,,,pozitif,,,,,
5534,fiyata göre güzel bi saat güzel basit ve şık duruyor. hem spor hemde klasik kullanım için uygun. her keze tavsiye ederim,pozitif,"Fp,Qp,Gp",kararsiz,adim16_train,,pozitif,pozitif,,,pozitif,,
5535,ariel ister sıvı ister toz olsun hep kaliteli,pozitif,Qp,rastgele,adim16_train,,,pozitif,,,,,
5536,not: çıkan kurum mazot yanmasından olurmuş arada bir temizletin,negatif,0,kararsiz,adim16_train,,,,,,,,
5537,bu paraya gelen plastik son derece basit ürünü görünce çok şaşırdım. takılınca biraz daha güzel duruyor. yatak odama renkleri çok uyduğundan iade etmedim,negatif,"Fn,Qn,Gp",kararsiz,adim16_train,,negatif,negatif,,,pozitif,,
5538,fiyatına göre iyi sadece plastik aksamları biraz kötü,negatif,"Fp,Qn",rastgele,adim16_train,,pozitif,negatif,,,,,
5539,"ürün benim ilk kullandığım orjinal parfüm.kokusunu bilmeden,yorumları okuyarak almıştım.çok beğendim.10 aydır kullanıyorum.bittiğinde tekrar sipariş edicem.2 gün içindede adresime ulaştı.kalıcı bir koku,ağır değil.tavsiye ederim.",pozitif,"Qp,Kx,Pp",rastgele,adim16_train,nötr,,pozitif,pozitif,,,,
5540,koşu bandı aldım.beraberinde tavsiye edildigi için sweat sauna eşofmanını aldım.30 dakikalık bir yürüyüş sonucu süper terletiyor.bu sayede kilo verebilecegime inanıyorum.i̇nşallah umdugum gibi olur.çok memnunum tavsiye ederim.,pozitif,Qp,rastgele,adim16_train,,,pozitif,,,,,
5541,çok kaliteli bir ürün aracı yıkadıktan sonra jantları kurulayıp ürünü kullandım jantlar ilk günkü gibi pırıl pırıl parladı. ürünü uyguladıktan sonra 3 dk civarı üzerinde beklettim. kesinlikle tavsiye ediyorum.,pozitif,Qp,rastgele,adim16_train,,,pozitif,,,,,
5542,eşime aldım ve çok memnun kaldı çok iyi ürün,negatif,Qp,rastgele,adim16_train,,,pozitif,,,,,
5543,bu saatin başka bir modelini iş yerimde kullamıyordum. evde de lazım oldu aldım. çok güzel bir alet parasının karşılğığını tam veriyor. gerekli is almanızı tavsiye ederim.,pozitif,"Qp,Fp",rastgele,adim16_train,,pozitif,pozitif,,,,,
5544,filtre denen sünger 2 kullanımda tıkanıyor fiyat fayda ilişkisi sıfır,negatif,"Qn,Fn",rastgele,adim16_train,,negatif,negatif,,,,,
5545,"acayip gürültülü ve uzun sürede kaynatıyor suyu , tavsiye etmiyoruzzz...",negatif,Pn,kararsiz,adim16_train,,,,negatif,,,,
5546,"süpürgemi çalışıyor vidanjörmü çalışıyor belli değil,apartman ayağa kalkıyor,onun dışında temizliği güzel,suya çekmesi güzel.ayrıca güç ayar düğmesi yok,hep maksimumda çalışıyor.",negatif,"Pn*,Qp",rastgele,adim16_train,,,pozitif,negatif,,,,performans
5547,ürün resimde göründüğü gibi değil küçük çiçekler yok resimde demir çubuklar üzerinde yapışık 2 adet çiçek görünüyor. üzerine sus konduğunda fena durmadı süsler bi parça şïk görünmesini sagladi,negatif,Gn*,rastgele,adim16_train,,,,,,negatif,,gorunum
5548,benziklikler de satılan antifrizli cam suları ile bir farkı yok.,negatif,Qx,kararsiz,adim16_train,,,nötr,,,,,
5549,almis oldugum urunun sunta kalitesi normal.fakat urunun parcalarinda numaralandirma yok.urunun cogu parcalarinin birlestirme yerlerindeki delikler yok.urun kurulum semasi yetersiz.yani mobilya ustasi degilseniz kesinlikle dolabi kuramazsiniz.hic yanasmayin derim.zaten iade etmeyi dusunuyorum,negatif,"Qn,Pn",rastgele,adim16_train,,,negatif,negatif,,,,
5550,eskiden köyde amcaların kullandığı zilden :) biraz enterasan duruyor spor bisikletlerde,negatif,Gx,rastgele,adim16_train,,,,,,nötr,,
5551,zincirlerin birleştiği yerler her an kopacakmış gibi inciler hiç olmasa daha iyi derecede kalitesiz kolyeyi kız arkadaşıma almıştım ama başka bi arkadasa vermeyi düşünüyorum o derece utanç verici durumda vasat,negatif,Qn,rastgele,adim16_train,,,negatif,,,,,
5552,"ürün kalitesi harika, hem de kargoya teslim süresi de ürün kadar iyi. teşekkürler.",pozitif,"Qp,Kp",rastgele,adim16_train,pozitif,,pozitif,,,,,
5553,arkadaşlar ürün güzel bir ürün ama alıcak olanların dikkatine ürünle yağlı boya yani selülozik karışım olan boyalar kullanılmıyor. ürün açıklamasında bunu belirtmemiş sadece su bazlı boyalar yapılıyor. içindeki oringler selülozik boyadan dolayı erime yapıyor. almayı düşünenlerin dikkatine.,negatif,"Qp,Pn",kararsiz,adim16_train,,,pozitif,negatif,,,,
5554,gereksiz bir ürün para ile değil parasız bile almamak lazım kargoyla uğraştıgınıza değmez,negatif,Qn,kararsiz,adim16_train,,,negatif,,,,,
5555,hiç beğenmedim fan çok ses çıkarıyor kalite hiç yok,negatif,"Qn,Pn",rastgele,adim16_train,,,negatif,negatif,,,,
5556,alt demlik bildiğin su ısıtıcı kettle yani. sürekli sıcak tutma gibi bir fonksiyonu yok çayı demlediniz bardağa doldurmadan önce alt suyunu bir kaynatmanız gerekiyor,negatif,Pn,kararsiz,adim16_train,,,,negatif,,,,
5557,fiyat performans en ileri seviye denilse yeridir. pc ve tv olarak odaya mutfaklara alinir...,pozitif,Fp,kararsiz,adim16_train,,pozitif,,,,,,
5558,isınıyor.  kışın fişe taktından 40 dakika sonra  cep sobası yeine kullanabilirsiniz... çok hızlı şarj ettiği de söylenemez. gerçi orjinali de böyle. yapacak birşey yok..,negatif,Pn,rastgele,adim16_train,,,,negatif,,,,
5559,"4)6 aydır kullanıyorum şık ama bir sürü eksi yönü var,almamakta fayda var.",negatif,"Gp,Qn",rastgele,adim16_train,,,negatif,,,pozitif,,
5560,yorumlara göre hareket ettim ama başarısız bi ürün etkisi olmadı,negatif,Qn,rastgele,adim16_train,,,negatif,,,,,
5561,"her yerde bulamayacağınız, fresh ve çok güzel kokan bir deodorant. fiyatı da cabası.",pozitif,"Pp,Fp",kararsiz,adim16_train,,pozitif,,pozitif,,,,
5562,arkadaşlar bu gün teslim aldım. öncelikli olarak kutusu bulunmamakta. poşete sarılı olarak geldi.,negatif,Kn,rastgele,adim16_train,negatif,,,,,,,
5563,paraniz fazlaysa alin. yoksa bosuna almayin hic kullanisli degil. onun yerine gozluk alin,negatif,"Pn,Fn",kararsiz,adim16_train,,negatif,,negatif,,,,
5564,"hemen geldi yalniz sokak köpekleri için almıştık, bir çoğu yemedi. yazık oldu.",negatif,"Kp,Qn",rastgele,adim16_train,pozitif,,negatif,,,,,
5565,çok ses çıkarıyor ve yarım saat filan kullandıktan sonra şu ince ayarı var kendi kendine bozuluyor ve düzeltince yarım saat sonra tekrar bozuluyor alttaki bıçak titriyor ve su motoru gibi ses çıkarıyor.normal calismasida guclu oldugu icin gurultulu alcaklar bilerek alsın.,negatif,"Pn,Qn",kararsiz,adim16_train,,,negatif,negatif,,,,
5566,"tasarım olarak çok hoş, büyüklüğüne kısa süre içersinde alışılıyor ekran çerçevesi sıfır kullanılmış olması muhteşem.",pozitif,Gp,kararsiz,adim16_train,,,,,,pozitif,,
5567,fiyat ve koku çok iyi ama kalıcılık fazla yok 200 ml olması da ayrıcalık düşünenler alabilir bende almak ta tereddüt ettim güzel beğendim.,negatif,"Fp,Pp*,Bp,Qp",rastgele,adim16_train,,pozitif,pozitif,pozitif,pozitif,,,performans
5568,çooooooooook iyi bir hesap makinesi herkes tavsiye ediyorum,pozitif,Qp,rastgele,adim16_train,,,pozitif,,,,,
5569,kesinlikle harika. çok fazla traş olan birisi değilim çünkü sakalım çok yok. jiletle traş oldugunuzda hani böyle pürüssüz bir cilt olur ya aynen oyle yapti yuzumu.,pozitif,Qp,rastgele,adim16_train,,,pozitif,,,,,
5570,hızlı kargo ve aynı ürün tıpa tıp çok teşekkür ederim iyikide hepsi burada.com dan almışım ürünü iyi günler iyi çalışmalar bir dahaki alışverişte görüşmek üzere :),pozitif,"Kp,Gp",kararsiz,adim16_train,pozitif,,,,,pozitif,,
5571,kesinlikle selpak kalitesinde değil daha kalın ve suya renk veriyor bir daha almam,negatif,Qn,rastgele,adim16_train,,,negatif,,,,,
5572,arka kapağı tam oturmuyor ve çalışırken titreşip gürültü yapıyor.,negatif,"Qn,Pn",kararsiz,adim16_train,,,negatif,negatif,,,,
5573,fiyatına göre oldukça kullanışlı ve sağlam. oturak ve sırt yaslama yerleri biraz sallanıyor ama hareketli parça oldukları için o kadar da olacak artık. kargo da dağıtım yapan şube tarafından sıkıntı yaşadım hepsiburada musteri hizmetlerine bildirdim. sagolsunlar hemen ilgilendiler.  teşekkürler.,pozitif,"Fp,Pp,Qp*,Kn,Sp",kararsiz,adim16_train,negatif,pozitif,pozitif,pozitif,,,pozitif,kalite
5574,urunu fazla isiniyor. bayanlar uzun ure makinayi kullandiklarindan sorun olabilir. benim hanim begenmedi mesela. benim sacim kisa benimki hemen kurudugundan sorun yok. ona gore dusunup alin.,negatif,Pn,rastgele,adim16_train,,,,negatif,,,,
5575,"cımbız teknolojisi berbat... braun'dan beklenen kalite ve güveni sıfırladı. tüyleri kökünden almıyor, jiletten farkı yok.koparıp atıyor, haftalarca pürüzsüz cilt palavra...1 hafta sonra tüyleriniz size siz onlara bakıyorsunuz.",negatif,Qn,kararsiz,adim16_train,,,negatif,,,,,
5576,ürünü aldım iki günde teslim edildi ama makine çok sesli çalışıyor.,negatif,"Kx,Pn",rastgele,adim16_train,nötr,,,negatif,,,,
5577,sıcaklık ölçümü ve pusula pek tatmin edici değil hb den aldım kullanıyorum kolumda havuza da girdim saunayada bişey olmadı hala kullanıyorum memnunum...,negatif,"Pn,Qp",rastgele,adim16_train,,,pozitif,negatif,,,,
5578,kurulumu kolay. orijinal yazılımında (firmware) türkçe seçeneği var. web sitesindeki upgrade uygulanırsa (us_d301v1.0br_v1.2.10.1_en_td) menüler sadece ingilizce.,pozitif,Pp,rastgele,adim16_train,,,,pozitif,,,,
5579,üründen gayet memnunum gayet stabil çalışıyor aynı zamanda avucumun içine tam oturuyor görünüş olarakta çok estetik hepsiburada ailesine çok teşekkürler,pozitif,"Qp,Pp,Gp",rastgele,adim16_train,,,pozitif,pozitif,,pozitif,,
5580,resimde belirtildiği gibi kuyruklu albenili bir ürün değil yayı çok kısa kedimin hiç ilgisini çekmedi. tek renk bir maymun oyuncağı vardı tepesinde o da sallanmadan sabit bir şekilde yayın tepesinde.,negatif,"Gn,Bn,Qn",rastgele,adim16_train,,,negatif,,negatif,negatif,,
5581,prensip olarak çok kolay beğenen biriyimdir. ancak bu ürünü aldigim gün iade ettim. zira gerçekten fonksiyonel olarak hiç bir işe yaramaz.,negatif,Qn,kararsiz,adim16_train,,,negatif,,,,,
5582,ürünü ilk kargodan geldiğinde şok yaşadım ve yanlış geldi zannettim :)) büyük bir kargo beklerken rulo halinde bir paket aldım. ürün gerçekten başarılı olmuş ve emsallerine göre kaliteli ve ucuz. üreticiyi firmaya teşekkürler.,pozitif,"Qp,Fp",kararsiz,adim16_train,,pozitif,pozitif,,,,,
5583,"bugüne kadar hep yaylı yatak kullanmıştım. i̇lk kez yaysız bir yatak bu fiyata olunca , çok da beklentim olmaksızın sırf denemek için aldım. bir haftadır kullanıyorum ; müthiş rahat ettim . çok teşekkürler bu fiyata bu yatak fazla .",pozitif,"Fp,Pp",kararsiz,adim16_train,,pozitif,,pozitif,,,,
5584,malzemesi çok basit ayrıca geçme yeri tam iyi değil sallanıyor,negatif,Qn,kararsiz,adim16_train,,,negatif,,,,,
5585,ürün gayet güzel ve şık bi görünümde fiyat performans olarak çok iyi hiç düşünmeden alın derim,pozitif,"Qp,Gp,Fp",rastgele,adim16_train,,pozitif,pozitif,,,pozitif,,
5586,gercekten bu kadar ucuza bu kalite ürün gelemiyeceğini düşündüm ancak  ürün cok güzel ve kurulumudu çok basit 15 içinde kullanıma  hazır ??,pozitif,"Fp,Qp,Pp",rastgele,adim16_train,,pozitif,pozitif,pozitif,,,,
5587,kaliteli bir urun. bebegime uni baby nin bütün ürünlerini kullanıyorum hepsinden çok memnunum kaliteyi ucuza almamiza olanak sagladgin için teşekkürler hepsi burada,pozitif,"Qp,Fp",rastgele,adim16_train,,pozitif,pozitif,,,,,
5588,"yarım kilo diyeceğim neredeyse, kızıp birine atsam kafası kırılır.",negatif,Bn,rastgele,adim16_train,,,,,negatif,,,
5589,tavsiye ederim.bir haftada belirgin ön kol kasları yaptım,pozitif,Qp,rastgele,adim16_train,,,pozitif,,,,,
5590,ve internet hızında ki düşü sadece %8 (test edildi),pozitif,Pp,kararsiz,adim16_train,,,,pozitif,,,,
5591,bende yorumlara bakarak aldım bu urunu ..fiyatına ve adına gore kalitesi bence cok asagıda kalıyor.sonucta bir koku yorumlara bakarak almakta pek mantıklı değil dusununce :),negatif,"Fn,Qn",kararsiz,adim16_train,,negatif,negatif,,,,,
5592,15 gün güzel şarj etti sonra etmemeye başladı,negatif,Qn,rastgele,adim16_train,,,negatif,,,,,
5593,i̇phone 5s telefonum için aldım. 2 kere fulluyor ve birde yarım yapıyor. gayet yeterli benim için. ürünün hafif ve ince olmadı çok makul,pozitif,"Qp,Bp",rastgele,adim16_train,,,pozitif,,pozitif,,,
5594,cok harika bi kokusu var kalıcılıgından da gayet memnunum herseyden önce 200 ml. olması cok iyi kullan kullan bitmiyo resmen,pozitif,"Pp,Bp",rastgele,adim16_train,,,,pozitif,pozitif,,,
5595,samsung beni şaşırtmaya devam ediyor artık çağ atladı bu marka eskisi gibi değil kaliteye önem veriyorlar bu tarz birşeye ihtiyacınız varsa direk bunu alın derim,pozitif,Qp,rastgele,adim16_train,,,pozitif,,,,,
5596,çift taraflı olması şişirmede çok etkili. uçları sayesinde basket topumu şişirebildim. bisitlette de kullanacağım. tavsiye ederim. kargo bedava olması çok büyük artısı.,pozitif,"Qp,Pp,Kp",kararsiz,adim16_train,pozitif,,pozitif,pozitif,,,,
5597,"1 günde elime ulaştı, seri numaradan da sorguladım orjinal ürün. hepsiburadadan alınanın orjinal olmama olasılığı yok zaten :)",pozitif,"Kp,Sp",kararsiz,adim16_train,pozitif,,,,,,pozitif,
5598,"çok sıklıkla kullanmadığım bir ürün, durduğu yerde bozuldu internetten araştırınca bu markayla herkesin sorunu olduğunu ve ürünlerinin kalitesiz olduğunu okudum .kesinlikle tercih etmeyin",negatif,Qn,kararsiz,adim16_train,,,negatif,,,,,
5599,çok fazla birşey beklemeyin. showroom parlaklığı falan hikaye. aracınız yeniyse evet parlatıyor ancak ıslak görünüm yok. fiyatına göre bir performans ben bulamadım.,negatif,"Qn*,Fn",kararsiz,adim16_train,,negatif,negatif,,,,,kalite
5600,ürün yaklaşık olarak iki günde elime ulaştı. ürünü lastiğe uygulamadan önce lastiğin kuru olmasına yeterince özen gösterirseniz gayet iyi sonuç alırsınız. lastiklerin yeni gibi parlaması aracınıza ayrı bir hava katacaktır.,pozitif,"Kx,Qp",kararsiz,adim16_train,nötr,,pozitif,,,,,
5601,"doğum günümde hediye olarak gelmişti.çene altında inanılmaz başarısız,olduğu gibi bırakıyor,sonrasında traş bıçağı ile tekrar almam gerekiyor ki ben çok sert sakallı biri de değilim. hediye olarak geldiği için çok önemsemiyorum ama para verip alsaydım cidden üzülürdüm.",negatif,Qn,kararsiz,adim16_train,,,negatif,,,,,
5602,ürün masmavi bir macun içeriyor etrafı ve üstünüzü batırmamak için dikkatli kullanmalısınız... öncelikle belirtiyim diş fırçasını bile biraz maviye boyuyor dişleri beyazlatırmı bilmiyorum çünkü renk içeriği ve fırça da mavi renk hoşuma gitmedi kullanmayı bıraktım...,negatif,Qn,kararsiz,adim16_train,,,negatif,,,,,
5603,aslinda urun kotu deil fakat biz renk secenegi olmadigi halde resimde gorunenden farkli bir renk geldi rengi kotu ve sescikartmasi icin gaganin bastirilmasi lazim o islemi biz bile zor yaarken cocugun yaoabilmesi biraz zor,negatif,"Gn,Pn",rastgele,adim16_train,,,,negatif,,negatif,,
5604,eldiven bugün sabah elime geçti gerçekten evde çalışmak için yeterli bence derinin gerçek deri oldugu kokusundan ve dokunuldugunda anlaşılıyor.kaliteli duruyor bakalım ne kadar dayanıcak bana :d,pozitif,Qp,rastgele,adim16_train,,,pozitif,,,,,
5605,"30, 35 cm çaptan büyük ağaçlarda zorlanıyor ve pala esniyor. bu yüzden düz kesim biraz beceri gerektiriyor.",pozitif,Qn,rastgele,adim16_train,,,negatif,,,,,
5606,rulosuz boya yapmak cok zahmetlı derken paint zoom ile daha cok zahmete gırıyosun.boya puskurtme zayıf.tatmınkar deıl.ayarlarını oynuyosun yıne aynı yıne aynı.hortumu ıkıde bır cıkıyor.gurultude cabası.bence reklamlar tam bı fiyasko.reklamlardaki ürünlerin özel üretim oldugunu düsünüyorum.kesinlikle verilen paraya degmeyen bir boya tabancası.,negatif,"Pn,Qn,Fn",kararsiz,adim16_train,,negatif,negatif,negatif,,,,
5607,denemek için 1 paket aldık ama 3 sefer kakasını yaptı 3ündede dışarı kaçırdı. çocuk ufak olduğu için biraz civik yapıyor yarısını bez dışarı kaçırıyor hiç emmiyo desem yeri var. paketi olduğu gibi attım,negatif,Qn,rastgele,adim16_train,,,negatif,,,,,
5608,"siparişim 3 adetti, ilk gönderimde yanlışlıkla olacak 1 adet gönderildi, sonrasında bir hafta kadar gecikmeyle diğer ikisi de elime ulaştı.",pozitif,"Sn,Kn",kararsiz,adim16_train,negatif,,,,,,negatif,
5609,atlaslar hepsiburada dan mi5 alalı bir hafta oldu. hem kalite hem dizayn hem de özellikleri harika. birçok telefon kullandım hiç bu kadar beğenerek kullandığım olmamıştı. esimde bulunan iphone 6s den çok daha iyi. hiç korkmadan alın pişman olamazsınız.,pozitif,"Qp,Gp,Pp",kararsiz,adim16_train,,,pozitif,pozitif,,pozitif,,
5610,zenfone 2 mi hızlı şarj etmedi 1 yıldır.,negatif,Pn,rastgele,adim16_train,,,,negatif,,,,
5611,benim bebeğim hiç sevmedi hem büyük taşıyamadı ağzında boşuna aldık ucuz emzik deneyin önce emerse alın derim,negatif,"Qn,Bn",rastgele,adim16_train,,,negatif,,negatif,,,
5612,"gül kokusunu beğeniyorsanız tavsiye edilebilir, ancak çamaşırlarda kalıcı bir kokusu yok, klasik 10 yıkamalık vernel ürünü.",negatif,Pn,rastgele,adim16_train,,,,negatif,,,,
5613,fiyatına göre iyi performans gösteriyor. kopyalama hızı bende usb 2.0 için 18-20 mb/s şeklinde bilginize.,pozitif,"Fp,Pp",kararsiz,adim16_train,,pozitif,,pozitif,,,,
5614,boru kısmı iyi değil ama işe yarar bir makine üstelik çok hafif,negatif,"Qp*,Bp",rastgele,adim16_train,,,pozitif,,pozitif,,,kalite
5615,"geçen yıl almıştım ama memnun değilim.toz torbası çok küçük, borusu plastik çok basit, emiş gücü iyi değil ve çok gürültülü çalışıyor.",negatif,"Qn,Bn,Pn",rastgele,adim16_train,,,negatif,negatif,negatif,,,
5616,"hassas cilt bölgelerinizi hiç rahatsız ve de tahriş etmeden oldukça kolayca uygulanabilen ve de market fiyatından ucuza satılan bir ürün, biz şahsen çok beğendik ....",pozitif,"Pp,Fp,Qp",rastgele,adim16_train,,pozitif,pozitif,pozitif,,,,
5617,klavye estetik olarak güzel fakat kullandıktan bir süre sonra çok ciddi bir hata ile karşılaşıyorsunuz,negatif,"Gp,Qn",kararsiz,adim16_train,,,negatif,,,pozitif,,
5618,ben kokuyu denemeden aldım ve çok pişman oldum resmen arko traş kolonyası. benim gibi ilk kez alacaklara tavsiye etmem,negatif,"Pn,Qn",kararsiz,adim16_train,,,negatif,negatif,,,,
5619,tek bir sıkıntısı var gözüküyor. program bitiminde kurutma aşaması yeterli değil. bulaşıklar ve makinanın içi kısmi olarak ıslak kalıyor.,negatif,Pn,rastgele,adim16_train,,,,negatif,,,,
5620,bu ürün elime ulaştığında içinden kırılmıştı dısı saglam ama ıcınden ses gelıp duruyo :) ama bu fıyata gayet ıyı bı urun :),negatif,"Kn,Fp",kararsiz,adim16_train,negatif,pozitif,,,,,,
5621,"ürün orjinal güzel kutusunda geldi, mağazada kampanyaya girmesini beklemeye gerek yok, yaz boyu rahat rahat kullanmak için şimdiden aldım.",pozitif,Kp,kararsiz,adim16_train,pozitif,,,,,,,
5622,herkese hayırlı akşamlar.bende ilk defa hepsi burada dan lg3 cihaz aldım.cok menmunun.tavsiye ederim.,pozitif,Qp,rastgele,adim16_train,,,pozitif,,,,,
5623,mükemmel bir lastik.yol yardımı da evrak olarak gönderilmiyormuş 1 numara var bir sorun olduğunda o numarayı aramamız yeterliymiş.çok iyi,pozitif,Qp,rastgele,adim16_train,,,pozitif,,,,,
5624,ürünü aldıgımda yavru kedime büyük geldigi icin bandanasını kesmek zorunda kaldım ve kedim o bandanadan huylanıyordu su icerken fln hep ıslanıyor,negatif,"Bn,Qn",rastgele,adim16_train,,,negatif,,negatif,,,
5625,ürün kaliteli ve fiyatı da uygun.kısa sürede elimizde oldu.,pozitif,"Qp,Fp,Kp",kararsiz,adim16_train,pozitif,pozitif,pozitif,,,,,
5626,urunlerim elime tam zamaninda ulasti ve cok cok begendm gercekten cok tatlilar cok tsk ederim elinize saglik. cocugum oldugundada siparisim kesinlikle sizden  olacaktir??,pozitif,"Kp,Qp",kararsiz,adim16_train,pozitif,,pozitif,,,,,
5627,ürün siparişi daha elime ulaşmadı. 4. günde belki teslim edilecek. ürünü sürekli kullanıyorum. 3 saatte bir kullandıgınız zaman gayet iyi bir performans sunuyor. haricinde kalıcılık beklemeyin. fiyata göre normal.,negatif,"Kn,Pn*,Fx",rastgele,adim16_train,negatif,nötr,,negatif,,,,performans
5628,gerçekten spor ve güzel bir saat .. kesinlikle kolda güzel duruyor ayrıca büyük bir saat değil tam kıvamında :),pozitif,"Gp,Bp",kararsiz,adim16_train,,,,,pozitif,pozitif,,
5629,bu işlerden anlayan biri olarak ürün kalitesi bu fiyata göre çok iyi çok şık bi duruşu var küçük mobilyalarla şıklık arayanlara....,pozitif,"Qp,Fp,Gp",rastgele,adim16_train,,pozitif,pozitif,,,pozitif,,
5630,malzeme kalıtesı ıyı ışık kalıtesı dıger ıyı markalarla aynı,pozitif,"Qp,Pp",kararsiz,adim16_train,,,pozitif,pozitif,,,,
5631,eşdeğer modellere göre uygun fiyata sahip. tavsiye edilir. başka firmaları zengin etmeye gerek yok. general özünde yerli bir firma kabul edilebilir zaten. kargo da epey hızlı. teşekkürler,pozitif,"Fp,Kp",kararsiz,adim16_train,pozitif,pozitif,,,,,,
5632,ürün çok kalitesiz. 3-4 ayda delindi ve kenarlaından yırtıldı. bundan önceki daha ucuz paspaslar bile daha uzun süre dayanmıştı.tavsiye etmem,negatif,Qn,kararsiz,adim16_train,,,negatif,,,,,
5633,"üst kilitleri sağlam, açarken kopmuyor. keşke yerli mallarımız da bu kalitede üretse de onlardan alsak.",pozitif,Qp,rastgele,adim16_train,,,pozitif,,,,,
5634,"telefon tumseklerde dusuyor, yolda donuyor bir turlu sabitlenmiyor ve daha 2 ay oldu tutmacinin yapistiricisi kendini atti note5 telefonunuz veya genis telefonlar icin tavsiye etmiyoru.",negatif,"Qn,Pn",rastgele,adim16_train,,,negatif,negatif,,,,
5635,uzatma hortumlarını takmak tam bir eziyet. çünkü çok çukurda. diğer yönlerden güzel,negatif,"Pn,Qp",rastgele,adim16_train,,,pozitif,negatif,,,,
5636,"i̇şlemcisi, ekranı, hızlı şarj olma özelliği, 4gblık rami, kamerası gerçekten harika.",pozitif,Pp,kararsiz,adim16_train,,,,pozitif,,,,
5637,"i̇stediğim model ve renk hepsi̇burada farkıyla, uygun fiyatıyla, kısa sürede benim oldu. herkese tavsiye ederim",pozitif,"Fp,Kp",kararsiz,adim16_train,pozitif,pozitif,,,,,,
5638,hepsi̇burada: bu siteden yıllardır  alışveriş yapıyorum en küçük bir sorun yaşamadım. özellikle müşteri hizmetlerinin yaklaşımı ve ilgisi çok güzeldi.,pozitif,Sp,rastgele,adim16_train,,,,,,,pozitif,
5639,ürünün kullanım anlamında çok iyi bir ürün kullanışlı fakat paket içinden sadece cihaz çıktı ne şarj kablosu nede herhangi bir aparat çıktı o anlamda çok memnun değilim,negatif,"Pp,Sn",kararsiz,adim16_train,,,,pozitif,,,negatif,
5640,ürün iki kere caldiktan sonra pusula topu yerinden cikti,negatif,Qn,kararsiz,adim16_train,,,negatif,,,,,
5641,bileğinize göre ayarlamak için makasla kesiyosunuz o aralıklar varya oralardan. bide 5 saniye işlem yapılmazsa otomatik kapanıyor ben bunu gereksiz buldum kronometresi var ama 5 saniye işlem yapılmazsa kapanıyor wtf iyi yanları ise güzel duruyor led paneli güzel.,pozitif,"Pn,Gp",kararsiz,adim16_train,,,,negatif,,pozitif,,
5642,"herkesin olumlu yorumlarına rağmen haksızlık mı yapıyorum bilmiyorum ama ben bu kitapta seranad, mutluluk, kardeşimin hikayesinde olan anlatımı bulamadım.",negatif,Qn,kararsiz,adim16_train,,,negatif,,,,,
5643,ürünü ben cok beğendim internetten epeyce araştırma yaptım fiyat olarak da hepsiburada uygun arabanın sesinde azalma ve performansta artış hissettim tavsiye ederim ürün tarihi 24/12/2014 geldi .yeni urun.,pozitif,"Qp,Fp",rastgele,adim16_train,,pozitif,pozitif,,,,,
5644,amerikan kapılara uygun değil. çıtırtı sesi ürkütüyor ve kapıya tam oturmuyor. kendni güvende hissetmiyorsun.  ben yorumlara adırış etmeden aldım.,negatif,"Pn,Qn",kararsiz,adim16_train,,,negatif,negatif,,,,
5645,"suyu çekmesi normal ama,su püskürtmesi güzel ama fazla bastırmaya gelmiyor..zarar gelebilir.",negatif,"Pp,Qn",rastgele,adim16_train,,,negatif,pozitif,,,,
5646,3 kitabı çok uygun fiyata ve 1 günde hızlı teslimatla hepsiburada güvencesiyle aldım. geriye sadece ayaklarımı uzatıp keyifle okumak kaldı.??,pozitif,"Fp,Kp",kararsiz,adim16_train,pozitif,pozitif,,,,,,
5647,cihazda kullanılan 2k ekran süper fakat aşırı ısınma yapıyor. ayrıca pil ömrünüde bitiriyor. ürünü alıp %70 parlaklığın altında kullanacaksınız sorun yaşamazsınız.,negatif,"Pn*,Qn",rastgele,adim16_train,,,negatif,negatif,,,,performans
5648,"ürün bugün elime geçti, rengi çok güzel beğendim fakat farklı pompalarla da denememe rağmen bir türlü şişiremedim. bi hevesle aldım  hevesim kursağımda kaldı. nasıl şişireceğimize dair bir talimat olsaydı topla gelen, ona göre deneseydik daha faydalı olurdu diye düşünüyorum.",negatif,"Gp,Qn,Pn",kararsiz,adim16_train,,,negatif,negatif,,pozitif,,
5649,+ el süpürgesi olarak başarılı bir çekim gücü var,negatif,Pp,rastgele,adim16_train,,,,pozitif,,,,
5650,"büyük akvaryum diye aldık mini duvar akvaryumu yollandı fanus çapı 24 cm kargo şirketi çok kötü, almanızı tavsiye etmem mini akvaryum yolluyorlar...",negatif,"Sn,Kn",kararsiz,adim16_train,negatif,,,,,,negatif,
5651,"petshopların çoğunda kırık oluyor bunlar nedense, bana gönderdikleri düzgün geldi, bu açıdan memnunum. ancak henüz bizim ufaklıklar çok ta ilgi göstermediler.",pozitif,"Kp,Qn",kararsiz,adim16_train,pozitif,,negatif,,,,,
5652,"özet olarak 100, 200 gr. lık farklar önemli değilse bu fiyata kaçırılmaması gereken bir ürün.",pozitif,Fp,kararsiz,adim16_train,,pozitif,,,,,,
5653,20 gündür kullanıyorum. hala örümcek var hala örümcek var 2 tane kullanıyorum hemde :) sinekte oluyor.,negatif,Qn,rastgele,adim16_train,,,negatif,,,,,
5654,urunu bir hafta once aldim. urunu kullanirken plakalar tam kapanmiyor. saclarim ince telli oldugundan urunu kullanirken bastirmam gerekiyor. geri vermeyi dusunuyorum,negatif,Qn,kararsiz,adim16_train,,,negatif,,,,,
5655,ürün elime çok kısa sürede ulaştı hem çok şık hem de çok güzel bir ürün bıçakları çok keskin motoru çok iyi tavsiye ederim,pozitif,"Kp,Gp,Qp,Pp",rastgele,adim16_train,pozitif,,pozitif,pozitif,,pozitif,,
5656,2- çocuklara hep di̇ğer ürünleri̇n en kali̇teli̇si̇ni̇ kullandim aslinda onlara boşa para vermi̇şi̇z bu daha i̇yi̇ daha güzel,pozitif,Qp,rastgele,adim16_train,,,pozitif,,,,,
5657,ses kalitesi ve malzeme kalitesi orjinal apple düzeyinde değil maalesef elinize aldığınızda kalitesizliği anlıyorsunuz . yinede idare eder . kendim kullanmak için almayacağım bir ürün . ayrıca ürün basit bir poşet içerisinde geliyor.,negatif,"Pn,Qn,Kn",kararsiz,adim16_train,negatif,,negatif,negatif,,,,
5658,kalitesi için herhangi bir şey yazmaya gerek yok bence. fiyat olarak da gayet iyi.,pozitif,"Qp,Fp",rastgele,adim16_train,,pozitif,pozitif,,,,,
5659,24 yaşındayım bu zaman kadar aldığım parfümler çöpmüş taki bu kokuya rastlayana kadar hiç şüphe etmeden alın derim gerçekten harika bir koku kalıcılığıda süper hb ye tşk ederim hızlı  ve sorunsuz kargosuda gayet iyiydi,pozitif,"Pp,Kp",kararsiz,adim16_train,pozitif,,,pozitif,,,,
5660,"yemek catallarının tırnaklı kısmı asırı uzun , yemek kasıkları küçük ,içinde tatlı catalı yok ben dıkkatli okumadığım için fark etmedim , iade ettim.",negatif,Bn,kararsiz,adim16_train,,,,,negatif,,,
5661,antutu da 99.198 puan aldı. cok hızlı ve kullanışlı tavsiye ederim.,pozitif,Pp,rastgele,adim16_train,,,,pozitif,,,,
5662,"anahtarlığınızda bile taşıabileceğiz, sağlam,hızlı, kullanışlu bir usb bellek, kullanımdan kaynaklanacak arızaları önleyeck şekilde tasarlanmış, herkese he zaman tavsiye ederim.",pozitif,"Qp,Pp,Bp",kararsiz,adim16_train,,,pozitif,pozitif,pozitif,,,
5663,ürün ev ortamı için iyi. öğretmen ve öğrencilere ideal. kısa sürede 100 den fazla çıktı aldım renkli ve siyah gayet stabil çalışıyor. arada sırada kullanacaksanız veya her gün kullanmayacağım diyorsan ne gerek var pahalısına al rahat et,pozitif,"Qp,Fp",kararsiz,adim16_train,,pozitif,pozitif,,,,,
5664,vr desteği telefonunuzda yoksa görüntü netliği konusunda iyi performan beklemeyin çnkü vr destekleyen telefonlarda pixeller daha ufak ve görüntü net oluyor.,pozitif,Pn,rastgele,adim16_train,,,,negatif,,,,
5665,dün kullanmaya başladım. ses kalitesini hiç beğenmedim. karşı tarafın söylediğüini anlamakta güçlük çekiyorum . bir de kulak içi kulaklık da rahat değil . uzun süreli takmak problemli . telefonum nokia 5800 xm,negatif,Pn,kararsiz,adim16_train,,,,negatif,,,,
5666,alman kalitesinin farkı hemen belli oluyor. son yıllarda böyle kaliteli ürün bulmak çok zor. teşekkürler hepsiburada.,pozitif,Qp,rastgele,adim16_train,,,pozitif,,,,,
5667,hepsiburada sayesinde birgünde elime ulaştı ürünü denedim gercekten çok güzel makyaj temizliyor.,pozitif,"Kp,Qp",kararsiz,adim16_train,pozitif,,pozitif,,,,,
5668,ürün elime hızlı bir şekilde ulaştı resimlerde boyutunu kestiremiyorsunuz ama ürün göründüğünden baya büyük elimdeki yedeğim bitmediği için kullanmaya başlamadım ama sprey oluşu çok güzel yağ dağılımının dengeli ve kolay olacağını düşünüyorum fiyatıda çok çok iyi tavsiye ederim..,pozitif,"Kp,Bx,Pp,Fp",rastgele,adim16_train,pozitif,pozitif,,pozitif,nötr,,,
5669,"ürün elime hızlı şekilde ulaştı , hayatımda ilk defa uygulamama rağmen zorlanmadım baloncuk kalmıyor ve dokunma kalitesi orijinal ekranla bir nerdeyse , piyasada ne olduğu belirsiz ürünler yerine spigen markasını tavsiye etmenizi öneririm.",pozitif,"Kp,Pp",kararsiz,adim16_train,pozitif,,,pozitif,,,,
5670,bunca zaman niye bundan almamısım dedim. eski traş makinamla 10 dakika süren traş 3 dakka sürdü hem saç hem sakal. efsaneymiş.,pozitif,"Qp,Pp",kararsiz,adim16_train,,,pozitif,pozitif,,,,
5671,ama ithalatçı garantili olduğu için dolandırıcı arkadaşlar 32gb kutunun içinde 16gb gönderiyorlar dikkat edelim.,negatif,Sn,kararsiz,adim16_train,,,,,,,negatif,
5672,tek kelimeyle süper arabamı sonaxla yıkadım durulayınca arabada su durmuyor vede çok parlıyor,pozitif,Qp,kararsiz,adim16_train,,,pozitif,,,,,
5673,büyük perdelerde işe yaramıyor yorumlara tv deki reklamlara aldanarak aldım kullanışsız çıktı. en iyisi kornişe takılan mıknatıslı sistem,negatif,"Qn,Pn",rastgele,adim16_train,,,negatif,negatif,,,,
5674,"mümin sekmanı anlatmaya gerek yok.fakat bu kitapta beyin ile ilgili neredeyse bütün bilgi alıntı.google dan bile aratarak bulabilirsiniz bu bilgileri, kısacası mümin sekmanın bu kitabında hayal kırıklığına uğradım.",negatif,Qn,rastgele,adim16_train,,,negatif,,,,,
5675,normal bi çorap işte yok termalmiş felan hikaye. 3 derece hava da ayağımda ki botlarla bu çoraplarla dondum resmen,negatif,Qn,kararsiz,adim16_train,,,negatif,,,,,
5676,"fiyatı çok uygun olunca sipariş verdim. kısa sürede elime ulaştı. tartıyı denedim, sanki biraz farklı sonuçlar çıkıyor gibi. bilmiyorum belki de denediğim zemin tam değildir belki de ondandır. yalnız otomatik açılıp kapanma özelliği çok güzel...alınabilir, fiyat çok uygun.",negatif,"Fp,Kp,Pp",kararsiz,adim16_train,pozitif,pozitif,,pozitif,,,,
5677,saati istediğimde çok sevindim ama eve gelince comp düğmesine tıkladım birden bire cal düğmesi çıktı sonara ---- şekiller çıktı hiç ama hiç tavsiye etmem,negatif,Qn,kararsiz,adim16_train,,,negatif,,,,,
5678,"prati̇k, balkona çikarip kullanabi̇lme avantajindan dolayi aldim, çok kali̇teli̇ bi̇r malzemesi̇ yok ama i̇ş görüyor, alacak arkadaşlar bu konulari değerlendi̇rsi̇nler ona göre karar versi̇nler deri̇m",negatif,"Pp,Qp*",rastgele,adim16_train,,,pozitif,pozitif,,,,kalite
5679,çok beğendim. i̇ndirimdeydi aldım. uzun süreli ve kullanışlı bir pil. i̇htiyacı olan arkadaşlara kesinlikle tavsiye edilir. i̇yi günlerde kullanmak dileklerimle...,pozitif,"Qp,Fx,Pp",kararsiz,adim16_train,,nötr,pozitif,pozitif,,,,
5680,fikir olarak güzel ve kullanışlı ama ışığı yetersiz ve göz yoruyor bu sebepten.,negatif,Pn*,kararsiz,adim16_train,,,,negatif,,,,performans
5681,tkgs sayesinde hiç kemse zorluk çekmeden kanallarını güncelleyecek güzel bir sistem ve güzel bir televizyon.,pozitif,"Pp,Qp",rastgele,adim16_train,,,pozitif,pozitif,,,,
5682,arkadaşlar lastikleri gerçekten simsiyah yapıyor ben kullandım bitti daha sonra sonax ın köpük lastik parlatıcısını aldım arada pek bir fark yok size önerim bu üründe en ucuz hangisiyse onu tercih edin işlevsel olarak aynı.paramıza yazık,pozitif,"Qp,Fn",kararsiz,adim16_train,,negatif,pozitif,,,,,
5683,tereddutlerım olmasına ragmen urunu aldım sıparısım gecıkmeden ve hıcbır sorun cıkmadan elıme ulaştı.. suan ben cok memnunum.. evde spor ıcın yapabılecegım en ıyı sonucuda alabılecegım ucuz olan tek mekık aletı.,negatif,"Kp,Qp,Fp",kararsiz,adim16_train,pozitif,pozitif,pozitif,,,,,
5684,kullanışsız geldi bana. ayrıca montajla ilgili detaylı bilgiyi bulamadım.,negatif,Pn,rastgele,adim16_train,,,,negatif,,,,
5685,ürünü ablam için sipariş verdim.piyasadaki en uygun fiyata hepsi buradada idi.ablam gayet memnun ve ürünle ilgili hiçbir sıkıntısı yok.teşekkürler hepsi burada..,pozitif,"Fp,Qp",kararsiz,adim16_train,,pozitif,pozitif,,,,,
5686,"ürünün kalitesine lafım yok,ama emzik emmeyi reddeden bir bebeğiniz varsa bu da işe yaramıyor. emzik ağır ve sert. kesinlikle anne memesini andıran bi tarafı yok. bu emzigi daha fazla fiyata magazadan aldım. çöpe giden para :-(",negatif,"Qn*,Bn,Fn",kararsiz,adim16_train,,negatif,negatif,,negatif,,,kalite
5687,ürün çok hızlı geldiği için mağazaya teşekkürler. 1 yıldız ürün içindir.,negatif,"Kp,Qn",rastgele,adim16_train,pozitif,,negatif,,,,,
5688,yatak i̇nce ve yaylar hi̇ssedi̇li̇yor. fi̇yatina göre normal. çok kali̇teli̇ falan yazanlara da i̇nanmayin. beni̇m i̇çi̇n fi̇yati uygun geldi̇ ve üzeri̇ne yün döşek koyacağim i̇çi̇n kali̇tesi̇ni̇ önemsemedi̇m.,negatif,"Bn,Qn,Fp",kararsiz,adim16_train,,pozitif,negatif,,negatif,,,
5689,hem malzemesi kötü hem de çok kötü bir kokusu var. çocuğum için almıştım ama keşke almasaydım :(,negatif,"Qn,Pn",rastgele,adim16_train,,,negatif,negatif,,,,
5690,ürünüm çok kısa sürede elime ulaştı.2 adet sipariş verdim birini yeni kuracağım evime diğerini ise nişanlimin ailesine aldık.fiyat performans açısından çok güzel tavsiye ederim teşekkürler hepsiburada,pozitif,"Kp,Fp",kararsiz,adim16_train,pozitif,pozitif,,,,,,
5691,"ürün güzel,kalitesi belli.  fazla söze gerek yok ??",pozitif,Qp,rastgele,adim16_train,,,pozitif,,,,,
5692,ürün elime yeni ulaştı hava durumu sebebiyle daha kullanamadım ama başarılı bir alışveriş oldu.satıcı tavsiye olunur.,pozitif,Sp,kararsiz,adim16_train,,,,,,,pozitif,
5693,bugun elime ulasti taktim hemen super tutuyor takla atsaniz bile dusmez elimde denedim:) tesekkurler,pozitif,Qp,kararsiz,adim16_train,,,pozitif,,,,,
5694,hızlı gönderi özenli paketleme için emeği geçenlere çok teşekkürler ürünü konuşmaya bile gerek yok zaten,pozitif,"Kp,Qp",kararsiz,adim16_train,pozitif,,pozitif,,,,,
5695,çok çabuk aşınıyor ayrıca hiçbir bağımsız test kuruluşunun testlerine girmiyor şu an param yok yada arabayı satacağım zaten diyenlerin tercih ettiği bir lastik isterdim ki bu olumsuzluklar kalksın benim param ülkemde kalsın,negatif,Qn,rastgele,adim16_train,,,negatif,,,,,
5696,internetten sıvı ürün almaya hep tereddüt etmişimdir. ancak hepsiburada.comdan kesinlikle tereddütsüz alışveriş yapabilirisiniz. akmış halde gelen sıvı sabunu iadeyle uğraştırmadan hediyelerle birlikte tekrar gönderdiler. gözüm kapalı her ürünü kuşkusuz alabileceğim tek yer :),pozitif,"Sp,Kn",rastgele,adim16_train,negatif,,,,,,pozitif,
5697,bugün mağazalardan birisine gidip parfümü denedim.koku yaz için çok uygun ve fiyat olarak çok çok uygun.siprariş vermeyi düşünüyorum.grldiğinde tekrar yorum yaparım.,pozitif,"Pp,Fp",rastgele,adim16_train,,pozitif,,pozitif,,,,
5698,telefon kısa süre içersin de geldi herhangi bir sorunum olmadı kayıtlı sıfır telefon ama beni rahatsız eden pil kullanımı telefonu hiç kullanmadığım halde 5 saatte %18 şarj yiyor bu hiç normal değil.,pozitif,"Kp,Qn",kararsiz,adim16_train,pozitif,,negatif,,,,,
5699,direksiyonu ve tekerleri cok cok zor donuyor fiyatina göre daha fonksiyonel olabilirdi goruntusu guzel  2  yasindaki oglum cok zorlaniyor zaten 3 ten domrada bunlar kucuk geliyor cocuklara,negatif,"Pn,Fn,Gp,Bn",rastgele,adim16_train,,negatif,,negatif,negatif,pozitif,,
5700,"10 gündür kullanıyorum.önce kuru traş oldum.daha sonra traş köpüğü kullandım.traş köpüğü ile daha rahat traş olunuyor.temizleme aparatı çok güzel.kendi kendisini hem temizliyor,hem şarj ediyor,hem de yağlıyor.",pozitif,Pp,rastgele,adim16_train,,,,pozitif,,,,
5701,evet fazla ses yapmıyor ve saçları yakmıyor.tavsiye edilebileceğim bir ürün.,pozitif,"Pp,Qp",rastgele,adim16_train,,,pozitif,pozitif,,,,
5702,ürün hem erken geldi hemde oğlum da çok beğendi fakat kurbağa daha hassas olabilirdi çocuk çekmiyor diğerleri de güzel teşekkür ederiz.,pozitif,"Kp,Qp,Pn",kararsiz,adim16_train,pozitif,,pozitif,negatif,,,,
5703,oyun oynarken şarj ederken tel ısınıyor. telefon donuyor. silinen resimler telefon açıp kapatınca tekrar geliyo. sd kart dosyaları görmüyor. telefon yavaş. şarjıda az gidiyor. ekran hassasiyeti çok kötü. aynı wifiye bağlanırken sorun yaşıyor. 3g çekişide berbat.,negatif,"Pn,Qn",kararsiz,adim16_train,,,negatif,negatif,,,,
5704,"bulaşik maki̇nesi̇ dedi̇nmi̇ akla fai̇ry plati̇num geli̇r ,;) güzel ürün... kokusu o kadar güzelki̇ ekstra bi̇r koku takmaniza bi̇le gerek yok !",pozitif,"Qp,Pp",rastgele,adim16_train,,,pozitif,pozitif,,,,
5705,kesinlikle burun kıllarını almıyor. alacağım diye uğraşırken burnumu yara yaptım.,negatif,Qn,rastgele,adim16_train,,,negatif,,,,,
5706,samsung note 5 ürününü hızlı şarj etmiyor. bu sebep ile iade ettim,negatif,Pn,kararsiz,adim16_train,,,,negatif,,,,
5707,"malzeme kalitesi çok düşük, uygulama sırasında sesi yüksek, ergonomik değil ve performansını da beğenmedim maalesef .",negatif,"Qn,Pn",kararsiz,adim16_train,,,negatif,negatif,,,,
5708,arkadaşalar kesinlikle tavsiye ederim 5 gün önce kayınvalideme aldım şimdi bir tanede anneme aldım arnica nın kablolu ürünü kablosuzlardan daha kullanışlı çekim gücü normal süpürgeler kadar kuvvetli,pozitif,Pp,rastgele,adim16_train,,,,pozitif,,,,
5709,bu arada net de olumsuz berbat değmez tarzı yorum yapanların çoğu elindeki kendi tlfnun bile özelliklerini bilmeyen lg kullanmamış insanlar. benim gibi kararsız kalanlara tavsiye ederim şimdilik memnunum! sorunsuz ürün ve alışveriş için hepsiburada.com'a teşekkür ederim,pozitif,Qp,kararsiz,adim16_train,,,pozitif,,,,,
5710,malzeme olarak kaliteli bir şey beklemeyin. amacını pek yerine getirdiği söylenemez. su sızdırıyor. kızım şapka değil banyo oyuncağı olarak kullanıyor.,negatif,Qn,rastgele,adim16_train,,,negatif,,,,,
5711,ürün bildiğiniz iphone anlatmaya gerek yok. ancak aynı gün kargo yazmasına rağmen 5 gün sonra kargolandı. müşteri temsilcisi ile yapılan görüşmede herhangi bir sonuç alınamadı.,negatif,"Kn,Sn",kararsiz,adim16_train,negatif,,,,,,negatif,
5712,herkesten methini duyunca hemen alıp denedim fakat bardaklardaki deterjan kokusu beni ürküttü ve bir daha kullanmadım.ben calgonir quantum kullanıyorum ve daha iyisi yok sanırım.(makinemde arıza olduğunu bulaşıklarımın onun için lekeli çıktığını söyleyen servise rağmen)mükemmel temizliği quantumda buldum.,negatif,"Pn,Qn",rastgele,adim16_train,,,negatif,negatif,,,,
5713,arkadaşlar bu fiyata alınacak en güzel ürün 2 programlısını alırsanız daha ucuz ve mantıklı kapasiteleri ayni her zaman tek ayarda çalışıyor boşuna programa para vermeyin.,pozitif,"Fp,Qp",kararsiz,adim16_train,,pozitif,pozitif,,,,,
5714,ayın 15 in de siparis verdim 17 sin de aras kargo ile elime gecti.kargo paketinden ekstra olarak mini paket fairy bulasik makinasi deterjani ve persil sıvı camasir deterjani cikmasi benim icin hos bir sürpriz oldu.teşekkürler hepsi burada.,pozitif,"Kx,Fp",kararsiz,adim16_train,nötr,pozitif,,,,,,
5715,herkese tavsiye ederim cok guzel hali. saticiya ve hepsi burada'ya binlerce caglayan tesekkurler.,pozitif,Qp,kararsiz,adim16_train,,,pozitif,,,,,
5716,çok kaliteli ve hesaplı hemen elime geçti çok teşekkürler :d,pozitif,"Qp,Fp,Kp",kararsiz,adim16_train,pozitif,pozitif,pozitif,,,,,
5717,ürünü sipariş vedikten 5-6 gün sonra getirdiler böyle kargo firması olmaz olsun bu firmayla çalışmaması lazım böyle bir sitenin ürüne gelecek olursak üründen çok memnun kaldım satıcıya teşekkür ederim. bir yıldızı da kargo yüzünden kırıyorum,pozitif,"Kn,Qp",rastgele,adim16_train,negatif,,pozitif,,,,,
5718,"büro için oldukça kullanışlı bir buzdolabı ne çok büyük ne küçük buzluğunun olması ayrı bir avantaj büro tipi buzdolaplarının çoğunda yok, elektirik tüketim oranlarıda oldukça makul",pozitif,"Pp,Bp",kararsiz,adim16_train,,,,pozitif,pozitif,,,
5719,fiyat uygunluğundan dolayı tercih ettim ancak henüz kış koşullarında kullanmadım. kışın performansını daha iyi anlaşılır. ama fiyatı piyasanın çok altında kalıyor,pozitif,Fp,kararsiz,adim16_train,,pozitif,,,,,,
5720,bu ürünü babamın arabasına hediye almıştım gerçekten güzel bir görüntüsü var kokusuda gayet hoş....tavsiye edebilirim siteye teşşekkürler hızlı kargo,pozitif,"Gp,Pp,Kp",kararsiz,adim16_train,pozitif,,,pozitif,,pozitif,,
5721,bende  hepsiburadadan aldım cok ahım sahım bır urun degıl ama ısınızı fazlasıyla gorebilir benim gibi arada sırada arabasını yıkayan kişiler için ideal.,negatif,Qp,rastgele,adim16_train,,,pozitif,,,,,
5722,"bana tek katlı geldi, resimde görüldüğü  gibi değil. geri iade için uğraşmak istemedim.",negatif,Gn,kararsiz,adim16_train,,,,,,negatif,,
5723,"ürün fotoğrafındaki gibi çok kancası yok, 6 kanca ile geliyor, karşılıklı yük dengesi yapmanız gerekiyor, fakat işe yarıyor. kullanışlı.",negatif,"Qp,Pp",rastgele,adim16_train,,,pozitif,pozitif,,,,
5724,telefon dubai den ithal tamamen orjinal o yüzden şarz aleti dönüştürücülü piyasanın bence en iyi fiyat-performans telefonu servis evo garantili (inşaallah delta servise ve lenovonın servisine benzemiyordur) dürüst satıcı tsk,pozitif,"Fp,Sp",kararsiz,adim16_train,,pozitif,,,,,pozitif,
5725,ısıtması iyi. ancak çok naylonumsu ve ses çıkartıyor. yastıklar da çok zayıf. tavsiye etmiyorum.,negatif,"Qn*,Pn",rastgele,adim16_train,,,negatif,negatif,,,,kalite
5726,telefon kesinlikle fiyatının ederi değil. samsung olmasının haricinde fiyatını göz önüne alırsak bu rakamlara çok daha başarılı telefonlar alınabilir. hatta cebimizde 200-300tl kalabilir.,negatif,Fn,kararsiz,adim16_train,,negatif,,,,,,
5727,bantların genişliği yeterli değil. egzersiz yaparken katlanıyor ve rahatsızlık veriyor.,negatif,"Bn,Pn",rastgele,adim16_train,,,,negatif,negatif,,,
5728,bu fiyata daha kaliteli ve uygun ürünler var.,negatif,"Fn,Qn",kararsiz,adim16_train,,negatif,negatif,,,,,
5729,ortalama bir ürün. traş bıçağı performansı beklemeyin. tüyleri alırken atlama oluyor. tahriş yapmaması ve diğer trimmerlar gibi kanatma yapmaması güzel.,negatif,Qx,kararsiz,adim16_train,,,nötr,,,,,
5730,"lavanta kokusunu alamadım,biraz tozlu. ve koku hapsetme özelliğini yok gibi.",negatif,"Pn,Qn",kararsiz,adim16_train,,,negatif,negatif,,,,
5731,memnun kalmadım. cımbız ya da ipin yerini tutmuyor. kullanımı zaman alıyor,negatif,Qn,rastgele,adim16_train,,,negatif,,,,,
5732,arkadaslar aldiginiz telefonun serisi 500 ile başlıyor ise kullandıktan 1 yil sonra ana kart arızasi ile karsilasabirsiniz.,negatif,Qn,kararsiz,adim16_train,,,negatif,,,,,
5733,"anneme aldık daha önce de kullanmıştık çok yüksek performanslı kullanmayanlar için uygun fiyatlı iyi bir telefon, hepsiburadadan da memnunuz",pozitif,"Fp,Qp",kararsiz,adim16_train,,pozitif,pozitif,,,,,
5734,ürün elime sorunsuz ulaştı ve aynı gün  duvara astım bir gün sonra kabarmaya başladı. yani beş kuruş etmemiş. avanta bir tablo.,negatif,"Kp,Qn",kararsiz,adim16_train,pozitif,,negatif,,,,,
5735,arkadaşlar cihaz orjinal yanında şarj cihazı adaptörü ile geliyor. kutu içeriğinde delta garantiside var. bence ithalatcıdan ürün alacaksanız buradan düşünmeden alın..,pozitif,Sp,kararsiz,adim16_train,,,,,,,pozitif,
5736,"kimlik kartı, anahtar gibi şeyleri ucuna takıyorsunuz, belinize/boynunuza asıyorsunuz, yeri geldiğinde kullanmak üzere çektiğinizde içinddeki ip uzuyor, kullanım bitince geri yerine dönüyor. yoyo mantığıyla çalıştığından, adına yoyo diyoruz.",negatif,0,kararsiz,adim16_train,,,,,,,,
5737,"alır almaz ön attırıcı da sorun oluştu, ön taraftan gıcırtı sesi geliyor vites geçişleri kötü.",negatif,Qn,rastgele,adim16_train,,,negatif,,,,,
5738,arada ağ var olsada internet gidiyor sınırlı bağlantı oluyor. fabrika ayarlarına döndürmeden düzelmiyor.,negatif,Qn,kararsiz,adim16_train,,,negatif,,,,,
5739,ürün sipariş verdikten kısa bir süre elime geçti pişe taktım koku ve hafif duman çıktı ama sorun yok gayet iyi bir ürün buharı da iyi tavsiye ederim.,pozitif,"Kp,Qp,Pp",rastgele,adim16_train,pozitif,,pozitif,pozitif,,,,
5740,fiyat kalite ve kullanış dengesi anlamında çok güzel.,pozitif,"Fp,Qp,Pp",kararsiz,adim16_train,,pozitif,pozitif,pozitif,,,,
5741,ürünü indirimde denk getirdim ve gayet kullanıslı mukemmel tavsıye ederım resimde göründdüğü gibi hiç bir fark yok bence,pozitif,"Fx,Pp,Qp,Gp",kararsiz,adim16_train,,nötr,pozitif,pozitif,,pozitif,,
5742,"ürün aynen göründüğü gibi viko zaten bilinen ve güvenilir bir marka, siyah olması tercih sebebimdi. plastiği diğer ucuz çoklayıcılar gibi değil oldukça kaliteli tavsiye ederim",pozitif,"Gp,Qp",kararsiz,adim16_train,,,pozitif,,,pozitif,,
5743,"kargo ertesi günü geldi, ürün süper, ben bunca zamandır diş fırçalamıyomuşum demekki",pozitif,"Kp,Qp",kararsiz,adim16_train,pozitif,,pozitif,,,,,
5744,cihaz herşeyiyle on numara tek eksiği kanal geçişlerinde biraz yavaş görüntü kalitesi iyi kutu içeriği eksiksiz tafsiye ederim,pozitif,"Qp,Pp*,Sp",rastgele,adim16_train,,,pozitif,pozitif,,,pozitif,performans
5745,"urun kaliteli olabilir fakat ekrana tam oturmuyor, kenarlarindan cok bosluk kaliyor, tavsiye etmiyorum",negatif,Bn,rastgele,adim16_train,,,,,negatif,,,
5746,"plastik olması sizin için bir sorun değilse hiç düşünmeden bu fiyata alın derim. kullanışlılık açısından metal/ahşap muadillerinden farkı yok. koku yok, montajı ise en fazla iki dakikanızı alır.",pozitif,"Fp,Pp",rastgele,adim16_train,,pozitif,,pozitif,,,,
5747,avizenin altının kapalı olması da ışığın yayılmasını engelliyor.,negatif,Pn,rastgele,adim16_train,,,,negatif,,,,
5748,"furminator köpek ve kedi tarağı konusunda bilinen en iyi markalardan. ben kediler için aldım. ürün gerçekten çok iyi, kullanımı ve temizlemesi kolay. ancak burda satılan modeli eskisi. tüy temizleme aparatı olan yeni modeli satılsaydı keşke.",pozitif,"Qp,Pp",kararsiz,adim16_train,,,pozitif,pozitif,,,,
5749,"unisex çok güzel paten, ayak numarası ayarlanabiliyor, tekerlekler,iç dizaynı herşeyi ile çok güzel",pozitif,"Qp,Pp",kararsiz,adim16_train,,,pozitif,pozitif,,,,
5750,"daha önce de satın aldım,kaliteli kum, fazla paraya gerek yok, ayağınıza kadar teslim, zahmetsiz ve uygun alışveriş, teşekkürler hepsi burada.",pozitif,"Qp,Fp,Kp",rastgele,adim16_train,pozitif,pozitif,pozitif,,,,,
5751,"3 paket aldım ama pısman oldum, takarken olmasada çıkartırken sorun tutulmuyor karga burnuyla tutup çıkarıyorum",negatif,"Qn,Pn",rastgele,adim16_train,,,negatif,negatif,,,,
5752,ürünü yeni aldım ve 1 kere kullanma fırsatım oldu.cok inatcı lekeleri cıkarmıyor ama  genel olarak iyi sayılır.kokusu ve köpürmesi gayet iyi.,negatif,"Qp*,Pp",rastgele,adim16_train,,,pozitif,pozitif,,,,kalite
5753,kurulumu zor oldu ama ürün gayet şık ve güzel,pozitif,"Pn,Gp,Qp",kararsiz,adim16_train,,,pozitif,negatif,,pozitif,,
5754,yorumlara bakarak aldım ama filtreli kahve hiç kullanmamıştım. benim gibi bilmeyenler almasın derim,negatif,0,kararsiz,adim16_train,,,,,,,,
5755,eşime hediye olarak aldım  tüm parçaları bulaşık makine sın de de yıkanabiliyor. paslan ma da yapmıyor.,pozitif,"Pp,Qp",rastgele,adim16_train,,,pozitif,pozitif,,,,
5756,"urun, hediye olarak geliyor sony z5 yaninda, fakat z5i 10-20% kadar sarj yapip kendisi bitiyor. urun calisiyor fakat bu telefonu hic sarj edemedi.",negatif,Qn,rastgele,adim16_train,,,negatif,,,,,
5757,indirimli fiyati oldugunu dusunmuyorum oldukca basit ve ucuz bi urun zaman kaybi,negatif,"Fn,Qn",rastgele,adim16_train,,negatif,negatif,,,,,
5758,okuyucuya bir şey kattığını düşünmüyorum. sürükleyici bir hikayesi var. zaman öldürmek için iyi bir kitap,negatif,Qx,rastgele,adim16_train,,,nötr,,,,,
5759,ürünü ikinci kez alıyorum. i̇lk anlardaki çiçek kokusu harikulade. i̇lerleyen dakikalarda da koku hafifleyerek asıl özüne dönüşerek etkisini sürdürüyor. patrik suskind in koku romanındaki kahramanını duysa takdir edeceği bir koku:),pozitif,Pp,rastgele,adim16_train,,,,pozitif,,,,
5760,"çin malı ürünlerin en büyük sorunu olan ağırlık ve yüksek ses bunda da var. arzum markasına yakışır profesyonel ürün beklerdim. kablosu, şekli yeterli ama gücü zayıf. kuaförlerde de bulunmuyor. ağır olduğu için iade ettim. bunun dışında pek kullanışlı olduğu söylenemez.",negatif,"Bn,Pn,Qn",kararsiz,adim16_train,,,negatif,negatif,negatif,,,
5761,"tek kelimeyle ürünü güvenle alıp monte edebilirsiniz.hem kaliteli, hem hepsiburada farkıyla çok hızlı geldi.duvarla mesafeside gayet iyi.endişeniz olmasın.yorumlara bakıp alışveriş yapanlara tereddütlerinin olmamasını öneririm",pozitif,"Qp,Kp",rastgele,adim16_train,pozitif,,pozitif,,,,,
5762,telefonu inceleyerek aldım çok da mutlu oldum yüksek özellik düşük fiyat. özellik olarak arkadaşların dediği gibi sıkıntı yok lakin satın almak isteyen arkadaşlar şunu bilsin.,negatif,"Pp,Fp,Qp",kararsiz,adim16_train,,pozitif,pozitif,pozitif,,,,
5763,almayi düşünen arkadaşlara tavsi̇yemdi̇r daha neyi̇ düşünüyorlar. ben aldim beklenti̇mi̇n çok üstünde bi̇ ürün yarim saatli̇k bi̇r yürüyüş komple vucut ter su i̇çi̇nde kaliyor düşün me hemen al,pozitif,Qp,rastgele,adim16_train,,,pozitif,,,,,
5764,* hafif ve ince olmasına rağmen dizüstü bilgisayarıa ait adaptör ve fareye hatta çoğu eşyaya yer var.,pozitif,Bp,rastgele,adim16_train,,,,,pozitif,,,
5765,"michelinden şaşmazdım, o kadar para vermeye gerek yok. tatmin edici",pozitif,"Qp,Fp",rastgele,adim16_train,,pozitif,pozitif,,,,,
5766,çabuk ısınıyor. 6 tost ekmeği aynı anda yapılabiliyor. yıkanabiliyor. ön taraftan çok bastırdığınızda üst kapa arka tarafındaki yerinden çıkabiliyor.,pozitif,"Pp,Bp,Qn",kararsiz,adim16_train,,,negatif,pozitif,pozitif,,,
5767,"ürün satıcının vadettiği gibi hemen ertesi gün kargoya verildi, ambalajı oldukça özenliydi, teşekkür ederim",negatif,Kp,rastgele,adim16_train,pozitif,,,,,,,
5768,"kış lastiği olarak, karda buzda kullanacaksanız başka marka düşünün. ancak suda idare eder. karda da buzda bir felaket... pişmanım, hemde çok, keşke eski lastiğim ultragrip 8 alsaydım.. dağlar kadar fark var.",negatif,Qn,kararsiz,adim16_train,,,negatif,,,,,
5769,ürün beklediğimden kaliteli çıktı. henüz duvara monte etmedim ama gayet sağlam bir yapıda olduğu anlaşılıyor. paket içeriğinden de gereken tüm montaj elemanları çıkıyor. bir matkapla tornavida yeterli size..,pozitif,"Qp,Sp",rastgele,adim16_train,,,pozitif,,,,pozitif,
5770,yalnız şişe tasarımı iyi. kalıcılık orta düzeyde. 1 saat sonra bir şey kalmıyor gibi. parasını hak etmiyor bence.,negatif,"Gp,Pn,Fn",kararsiz,adim16_train,,negatif,,negatif,,pozitif,,
5771,ürün çok güzel her evde bulunması gerek hepsiburadaya teşekkürler...,pozitif,Qp,rastgele,adim16_train,,,pozitif,,,,,
5772,küçük bir ofisiniz varsa tavsiye ederim gayet kullanışlı ve pratik bir ürün.,pozitif,Pp,rastgele,adim16_train,,,,pozitif,,,,
5773,ürünün dokunmatiği gayet güzel. fotoğraf ve video kalitesi güzel. java uygulamaları yüklenebiliyor. wi-fi çok hızlı. i̇nternette çok geznince şarjı 1-2 gün gidiyor. yani şarj durumu da iyi.,pozitif,"Pp,Qp",kararsiz,adim16_train,,,pozitif,pozitif,,,,
5774,herkes ozelliginden bahsediyor ama telefonun bas bolgesinde sar degeri 1.49 muazzam rakam cok fazla kamera istedigi kadar iyi olsun diger ozelliklerde bunu goz onune getirip alin dusuk alsa hemen alicaktim telefonu adami mahveder bu sar degeri,negatif,Pn,rastgele,adim16_train,,,,negatif,,,,
5775,kargom daha bugün elime geçti ve hemen kullandım. hem küçük olması hem de gücü açısından oldukça iyi bir ürün. özellikle yolculuklarda çok işe yarayacak gibi görünüyor.,pozitif,"Bp,Pp,Qp",rastgele,adim16_train,,,pozitif,pozitif,pozitif,,,
5776,evde bazi basi̇t i̇şler i̇çi̇n kullanilabi̇li̇r fazla ağir i̇şler i̇çi̇n çok basi̇t bi̇r ürün parasida zaten ona göre gayet ucuz,negatif,"Qn*,Fp",rastgele,adim16_train,,pozitif,negatif,,,,,kalite
5777,ürün zaten başlı başına mükemmel fazlası var eksiği yok,pozitif,Qp,rastgele,adim16_train,,,pozitif,,,,,
5778,ürünü hepsiburada dan yorumları okuyup sipariş ettim.. ancak o kadar kullanışlı bir ürün değilmiş.. içini tam doldurmadığımdan kartlar düzensiz duruyor. ve kullanması güçleşiyor. ben beğenmedim açıkçası...,negatif,"Pn,Qn",kararsiz,adim16_train,,,negatif,negatif,,,,
5779,i̇ki tip başlığı mevcut. i̇nce olan biraz iş görüyor daha uzun başlık tam bir fiyasko ben aldım memnun kalmadım.,negatif,Qn,kararsiz,adim16_train,,,negatif,,,,,
5780,usb 3.0 kullanıyorum hani saniyede 80mb filan yalan maximum göreceğiniz hız 40 - 50 arası ssd kullanıyorum bu arada.,negatif,Pn,rastgele,adim16_train,,,,negatif,,,,
5781,sadece kargom geç geldi ama ambalaj ürün süper,pozitif,"Kn*,Qp",rastgele,adim16_train,negatif,,pozitif,,,,,kargo
5782,o parayı verip 20.000'lik powerbank alıyorsanız bunu da darbelere ve çiziklere karşı almalısınız.,pozitif,0,rastgele,adim16_train,,,,,,,,
5783,bir kere toz torbasının maliyeti 1-2 senede kendi fiyatının üstüne çıkıyor.pratik bir çözüm olmaktan çok uzak.,negatif,"Fn,Pn",kararsiz,adim16_train,,negatif,,negatif,,,,
5784,yapışkanlar ürünü resimdeki gibi tutmuyor. takılan fişlerin ağırlığı ile birlikte bir süre sonra yer çekimine yenik düşüyor,negatif,Qn,kararsiz,adim16_train,,,negatif,,,,,
5785,ürünün rengi parlak siyah gösterilirken gelen ürün mat siyah ve adi bir plastik gibi duruyor.,negatif,"Gn,Qn",kararsiz,adim16_train,,,negatif,,,negatif,,
5786,1 saat gibi bir sürede ürünü direksiyona diktim. aracım clio. çok şık oldu. kesinlikle tavsiye ediyorum.dikişleri sağlam yapmalısınız. i̇p yetiyor hatta artıyor.,pozitif,Gp,kararsiz,adim16_train,,,,,,pozitif,,
5787,eski prima daha iyiydi sabaha kadar tek bezle sizdirma yoktu ama su yenilenen 3 kanalli ile surekli gunduz bile sizdirmalar mevcut,negatif,Qn,kararsiz,adim16_train,,,negatif,,,,,
5788,fiyatına göre gayet iyi ama kızımız pek sevmedi.. farklı mama kullanıyorsanız geçişte karıştırarak birkaç güne yayın değişikliği yoksa reddedebiliyor.. yine de imkanınız varsa daha iyi bir markayı kullanmanız iyi olur..,negatif,"Fp,Qn",rastgele,adim16_train,,pozitif,negatif,,,,,
5789,monitörün rengi sanki biraz soluk gibi fakat 1ms olduğu için oyunlarda gecikme olmuyo fakat monitör 60hz. oyun için kullanmak istiyorsanız 75hz ve daha üstü modellere bakmanızı tavsiye ederim,negatif,Pn*,rastgele,adim16_train,,,,negatif,,,,performans
5790,"hem çok şık, hem kullanışlı, hem sessiz hem de rahat. kesinlikle tavsiye ederim.",pozitif,"Gp,Pp",rastgele,adim16_train,,,,pozitif,,pozitif,,
5791,ürün güvenilirliği yok diye bilirim.lastik basınçlarını başka bir ürünle karşılaştırınca farklı ölçüyor.ayrıca aletin kendi tutarsızlığıda var.bu fiyata başka şey beklememk lazım,negatif,"Qn,Fx",kararsiz,adim16_train,,nötr,negatif,,,,,
5792,"piyasa fiatlarından çok daha uygun ve zaten spor çalışmalarım için gerekli ürünü hemen sipariş ettim,istediğim ağırlık ile gayet rahat çalışıyorum",pozitif,"Fp,Qp",rastgele,adim16_train,,pozitif,pozitif,,,,,
5793,"ürünün artıları kadar eksileri de var kulağa çok iyi oturmuyor ve kulaktan çabuk çıkıyor iyice yerleştirildiğindede kulakta dolgunluk yapıyor uzun süreli görüşmelerde yoruyor,son arama düğmesi çok sorun çıkarıyor ses kalitesi orta seviyede.",negatif,Pn,rastgele,adim16_train,,,,negatif,,,,
5794,ben burada okudugum yorumlara onem vererek alisverisimi yonlendiriyorum.benim gibi yapan arkadaslara önerim urun guzel  cok kullanisli gercekten 2 gunde elime ulasti sadece hazne kisminda kücuk bi catlak var.paketleme daha hassas yapilirsa iyi olur.,pozitif,"Qp,Pp,Kn",kararsiz,adim16_train,negatif,,pozitif,pozitif,,,,
5795,fiyatlar pahalı ama taksitli olması avantaj birde kargo kampanyalarına dahil edilse güzel olur ayrıca normal kargo gibi geliyor biraz riskli,negatif,"Fn*,Kn",rastgele,adim16_train,negatif,negatif,,,,,,fiyat
5796,paranız yazık almayın.. en ucuz ağda bunda iyidir. bal kıvamına gelince heryere bulasıyor ağda gıbı degıl yaısan maske gibi ama hiçbir işlevi yok 2kez kullanmaya calıstım kutuyu dırek çöpe attım..,negatif,"Qn,Fn",kararsiz,adim16_train,,negatif,negatif,,,,,
5797,mükemmeldi̇.i̇lk 5 ki̇tap arasinda en etki̇leyi̇ci̇ olaniydi bence. kesi̇nli̇kle herkese tavsi̇ye edi̇yorum.ki̇tabi okuyunca fi̇lmi̇nde ne kadar çok şey kesti̇kleri̇ni̇ fark etti̇m.,pozitif,Qp,rastgele,adim16_train,,,pozitif,,,,,
5798,"arabanın bagajında bulunan bütün küçük ıvır zıvırları toplaması açısında gayet güzel bir ürün, piyasaya göre fiyatıda çok uygun, bagaj derli toplu oldu, tavsiye ederim.",pozitif,"Qp,Fp",rastgele,adim16_train,,pozitif,pozitif,,,,,
5799,"ürünü hepsiburada.com dan aldım. çok kısa sürede elime ulaştı. üründen çok memnun kaldım. tek eksiği flaşının olmaması. bu fiyata bu özellikler, o da olmasın...",pozitif,"Kp,Qp,Pn,Fp",kararsiz,adim16_train,pozitif,pozitif,pozitif,negatif,,,,
4000,"fiyatı ben aldıktan sonra daha da düşmüş,bu da tüh dedirten bir şey sonuçta...",negatif,Fn,adim15_test,adim15_test,,negatif,,,,,,
4002,çok ergonomik ayrıca arabirimi sayesinde istediğiniz şekilde ayarlanabiliyor. bu kısmı müthiş.,negatif,Pp,adim15_test,adim15_test,,,,pozitif,,,,
4005,"yorumları okuyup xl almam iyi oldu, aksi halde çok dar olabilirdi, ürüne gelince uzun bandajla uğraşmaktan ziyade böyle bir neopren den üretilmiş bileklik gerçekten iyi.",pozitif,"Bx,Qp",adim15_test,adim15_test,,,pozitif,,nötr,,,
4006,"neredeyse 15 kişiye aldırdım, süper bir cihaz, çok fonksiyonel. son derece başarılı bir çalışma, çok işime yarıyor, kesinlikle tavsiye ederim...",pozitif,Qp,adim15_test,adim15_test,,,pozitif,,,,,
4008,4 adet petlas lastik yanında hediye verildi lafta 2004 model aracım için 10 yaş sınırını aştığından geçersiz denildi. aslında bir yıldız bile çok bu ürün için.,negatif,"Sn,Qn",adim15_test,adim15_test,,,negatif,,,,negatif,
4009,asla para ile satmayınız ve bunun yerine yarar herhangi bir şey vermeniz daha anlamlı ..,negatif,Fn,adim15_test,adim15_test,,negatif,,,,,,
4011,ürünü aldık ama on kapak çok iyi şık ancak arka kapak çok kötü  takiyoruz bir türlü oturmuyo çok basit alınmadan önce tekrar iyice arastirilsin derim,negatif,"Gp,Qn",adim15_test,adim15_test,,,negatif,,,pozitif,,
4013,ürün kullanışlı çekiş gücü çok iyi fakat yan tarafından üflediği hava tozları çekemeden etrafa dağıtıyor birde kablo sarma mekanizmasının olmaması dezavantaj elle sarmak zorundasın,pozitif,Pn*,adim15_test,adim15_test,,,,negatif,,,,performans
4015,ürün gerçekten çok harika bir ürün... yeni sipariş için sepetime hemen attım beklemede... tüm herkese tavsiye ederim.... birine ev hediyesi falan mı alacaksın... hemen sipariş ver gelsin hemde adresine... memnun kalmazsa... ben buradayım...,pozitif,Qp,adim15_test,adim15_test,,,pozitif,,,,,
4016,alırken işe yarar mı diye tereddütlerim vardı ancak şimdi içim rahat ürün güzel herkese tavsiye ediyorum.,pozitif,Qp,adim15_test,adim15_test,,,pozitif,,,,,
4017,bu üründen önce de kullandım ve çok memnun kalmıştım. yine sipariş verdim... ders çalışırken ve de okuduğunuz araştırma vb. gibi kitaplarda önemli yerleri belirtmede en büyük yardımcım.,pozitif,Qp,adim15_test,adim15_test,,,pozitif,,,,,
4018,kurulum gayet kolay. ama sallantı problemi var. üst raflar çok dar değil ama kitapta tam olarak sığmıyor.,negatif,"Pp,Qn,Bn",adim15_test,adim15_test,,,negatif,pozitif,negatif,,,
4019,dikiz aynası ve benzeri dar yerlerde pratik kullanım açısından çok kullanışlı bir ürün.hepsi buradan birşeyler alırken bunuda alışveriş listenize ekleyin bence.,pozitif,Pp,adim15_test,adim15_test,,,,pozitif,,,,
4020,rahat olmasina rahat ancak cok kotu bir kokusu var. yaklasik 1 haftadir kullaniyoruz ama koku azalsa da mevcut...,pozitif,Pn*,adim15_test,adim15_test,,,,negatif,,,,performans
4021,ayrıca bu özelliği iptal edememeniz de ürünün en büyük eksilerinden.,negatif,Pn,adim15_test,adim15_test,,,,negatif,,,,
4022,"uygulamasi zor oldugu gibi, telefonun uzerindr muşamba gibi duruyor parmaginizi kaydirirken filme takiliyor berbat bir urun",negatif,"Pn,Gn,Qn",adim15_test,adim15_test,,,negatif,negatif,,negatif,,
4023,"bu fiyata bu kalite güzel bir ürün , yalnız paket içinde av kablosu da olsaymış daha iyi olurdu...",pozitif,"Fp,Qp,Sn",adim15_test,adim15_test,,pozitif,pozitif,,,,negatif,
4024,her lekeyi temizledi. bi 20likler yüzünden çaprazlaşan dişlerimin arasına girmedi o gerisi tertemiz.,pozitif,Qp,adim15_test,adim15_test,,,pozitif,,,,,
4025,"şarj süresi iyi, ısınma problemi beklenilen seviyede. yalnız bataryayı taktık takalı telefon titreşim modunda titrememeye başladı. o özellik iyiydi? neden samsung o özelliği kaldırdı durup dururken anlamış değilim!?",negatif,"Qp,Pn",adim15_test,adim15_test,,,pozitif,negatif,,,,
4027,bundan daha iyi bulaşık yıkayan deterjana denk gelmedim. parlatma ve leke çıkarmada üzerine yok.kargo bedava fiyatıda cazip.hediyeside cabası ama ben birgün önce aldıgım icin hediyeden faydanalanamadım.tavsi̇ye ederi̇m,pozitif,"Qp,Kp,Fp",adim15_test,adim15_test,pozitif,pozitif,pozitif,,,,,
4028,ürün sürekli aldığımız ürün. fiyatı piyasaya göre ucuz. 1 gün içinde teslim,pozitif,"Fp,Kp",adim15_test,adim15_test,pozitif,pozitif,,,,,,
4029,telefon güzel ve uygun fiyatlı. ama rom yüklemesi yapılmış türkçe olsun diye. bu sırada knox 1 olmuş.  oluşan sorun nedeniyle şarjı çabuk bitiyor. bunu düzeltmek için tekrar servise yollamak lazım.,negatif,"Fp,Qn*,Sn",adim15_test,adim15_test,,pozitif,negatif,,,,negatif,kalite
4033,hepsiburada ya teşekkür ederim kaliteli ürün sağlam ve hızlı şekilde elimede ulaştı,pozitif,"Qp,Kp",adim15_test,adim15_test,pozitif,,pozitif,,,,,
4034,küçük ama güzel tasarlanmış bir ürün kurulum çok basit çocuk odasında gayet güzel durdu sorunsuz,pozitif,"Bx,Gp,Pp",adim15_test,adim15_test,,,,pozitif,nötr,pozitif,,
4035,kızıma ve gelinime hediye olarak aldım kırmızı rengini i̇stediler çok beğendiler allah güle güle i̇yi günlerde kullanmayı nasip etsin i̇nşallah gayet kaliteli şık bir ürün rengi de çok güzel çok beğendim alacaklara tavsiye ederim,pozitif,"Qp,Gp",adim15_test,adim15_test,,,pozitif,,,pozitif,,
4036,canbebe bebek bezi; kalite ve fiyat olarak çok iyi.,pozitif,"Qp,Fp",adim15_test,adim15_test,,pozitif,pozitif,,,,,
4037,aldığım siparişi ürün hiç ürünleri iyi değil hiç de tasviye etmiyorum .hiç bir de etkisi de yok,negatif,Qn,adim15_test,adim15_test,,,negatif,,,,,
4041,"planlandığı gibi kısa sürede elimize geçti. kullanıcılar tarafından test edildi, onaylandı, ilgilenenlere tavsiye edilir.",pozitif,"Kp,Qp",adim15_test,adim15_test,pozitif,,pozitif,,,,,
4042,"-malzeme kalitesi iyi, oyuncak gibi bir şey değil, gayet sağlam görünüyor",pozitif,Qp,adim15_test,adim15_test,,,pozitif,,,,,
4043,aldığınız ürün tek mi yoksa çift olarak mı elinize ulaştı daha önce alan arkadaşlar cevap verirse sevinirim teşekkürler.ben tek diye biliyorumama yinede sormak istedim,pozitif,0,adim15_test,adim15_test,,,,,,,,
4044,arkadaşlar bu tür birşey düşünürseniz kesinlikle kaçırmayın harika bir alet,pozitif,Qp,adim15_test,adim15_test,,,pozitif,,,,,
4045,"pek memnun kalmadım. eskiden düzleştirici ile dalga yapıyordum, bu ürün daha pratik gözüktüğü için bunu denemek istedim fakat kendi düzleştiricimle dalga yapmak inanın daha etkili, kolay ve hızlıydı...",negatif,Qn,adim15_test,adim15_test,,,negatif,,,,,
4046,ürünü sipariş ettim. ürün geldikten sonra hayal kırıklığına uğradım. fiyatına göre kaliteli bir ürün değil. tostu sıkıştırmak için bir ayarı yok. ayrıca şunu da belirteyim seramik veya granit kaplama falan hikaye. kaliteli bir döküm tost makinesi alın derim.,negatif,"Fn,Qn,Pn",adim15_test,adim15_test,,negatif,negatif,negatif,,,,
4049,bu buzdolabinin ici belirli araliklarla buz tutuyor ve icine koydugunuz ürün eger arka tarafa degerse bozulmasina yol aciyor.buz kendiliginden akip gidiyor daha sonra ama bunu belli araliklarla tekrarliyor.bu yuzden tavsiye etmiyorum.onun disinda güzel bi ürün.,negatif,Qn*,adim15_test,adim15_test,,,negatif,,,,,kalite
4050,umduğumdan çok daha güzel çikti ve tahmi̇ni̇mden hizli geldi̇,pozitif,"Qp,Kp",adim15_test,adim15_test,pozitif,,pozitif,,,,,
4052,"arkadaslar huawei gr5, lg g pro 2, samsung galaxy bir modelinde denedim ama calismadi. sadece htc one x te calisti haberiniz olsun.",negatif,Pn,adim15_test,adim15_test,,,,negatif,,,,
4053,ürün beklediğimden iyi çıktı keşke ampüllerinide yanında verselerdi,pozitif,"Qp,Sn",adim15_test,adim15_test,,,pozitif,,,,negatif,
4055,ürünü alalı 2 gün oldu ve yaklaşık günde 2 saat kullandım. fakat terlettiğini söylemek yanlış olur. umarım ilerleyen günlerde faydasını görürüm. yoksa boşuna almış olmak istemiyorum..,negatif,Qn,adim15_test,adim15_test,,,negatif,,,,,
4057,açıkçası hiç kullanışlı değil. yapışkanı çok zayıf hemen çıktı.  ayrıca açıp kapama da sıkıntılı.,negatif,"Pn,Qn",adim15_test,adim15_test,,,negatif,negatif,,,,
4058,aslinda urunu alirken marka kalitesini bekliyordum ama piyasada satilan muadillerinden pek farkli degilmis. paslanir demir vidalar ilk hayal kirikligim oldu. su bosaltma dugmesinin islevsizligi de cabasi. i̇cinden de kullanim klavuzu da cikmadi. kurulumu pratik oldu diyebilirim.,negatif,"Qn,Pn*,Sn",adim15_test,adim15_test,,,negatif,negatif,,,negatif,performans
4059,çok çok kötü bir ürün sakin almayın yazilan gibi yok hali süpur falan yalan çekiş gücü hiç mi hiç yok mümkün değil böyle bir el süpürgesi olamaz zaten bugün iade gönderdim.,negatif,"Qn,Pn",adim15_test,adim15_test,,,negatif,negatif,,,,
4060,ürün 5 yıl önceki tv ler gibi arkası baya kalın görüntü kalitesi full hd uydu alıcısı kullanırsan belki iyi olabilir ama normal uydu alıcısında çok kötü bu paraya ne bekliyosun denilebilir ama bu kdar kötü bir performansta olmaz.,negatif,"Gn,Pn",adim15_test,adim15_test,,,,negatif,,negatif,,
4061,bu hepsiburada.com sitesinde bilgileri yazan kişileri çok çalıştırıyorlar galiba. baksanıza 32 megabyte hafıza sahip telefon var diye ayrı bir kategori açıp satışını yapıyorlar. bravo sizlere.,negatif,Sn,adim15_test,adim15_test,,,,,,,negatif,
4062,hızlı bir şekilde ulaştı. hediye olarak gelen ahşap testeresiyle ilk denememi yaptım. gayet başarılı bir kesim oldu. bu fiyata bundan iyisi şamda kayısı,pozitif,"Kp,Fp,Qp",adim15_test,adim15_test,pozitif,pozitif,pozitif,,,,,
4063,"buharı normal ütülerden farklı değil hatta az bile. tek kelimeyle ""pişmanım""!",negatif,"Pn,Qn",adim15_test,adim15_test,,,negatif,negatif,,,,
4064,"20 m2 mutfakta cok basarili. beyazligi, görüntüsü 10 numara.",pozitif,"Qp,Gp",adim15_test,adim15_test,,,pozitif,,,pozitif,,
4065,imza icin ama yazim icin degil. ellerim batti...,negatif,Pn,adim15_test,adim15_test,,,,negatif,,,,
4066,deneme amaçlı 1 adet almıştım. çok kullanışlı olduğu için bir kaç tane daha alacağım.,pozitif,Pp,adim15_test,adim15_test,,,,pozitif,,,,
4067,renk şeceneği olmalı. rastgele renkler geliyor. makinede yer kaybettirmiyor. çabuk yıkanıyor. dümdüz bir ürün.,pozitif,"Gn,Pp",adim15_test,adim15_test,,,,pozitif,,negatif,,
4068,fanların dağılımı  güzel cihazın her tarafına serinlik veriyor. fakat ses konusunda kötü ayar kısmında fan hızını düşürdüğümde dahi sesli çalışıyor..,negatif,Pn*,adim15_test,adim15_test,,,,negatif,,,,performans
4069,berber kokusu gibi geliyo ilk sıkınca ama sonra toparlıyor gibi sonradan,negatif,Pn*,adim15_test,adim15_test,,,,negatif,,,,performans
4070,sephorada 2 kere denedim.inanın kalıcılığı o kadar kuvvetliki 15 günden fazla dolabımı her açışımda montum kokuyor ve ben bayılacak gibi oluyordum.şeker dozajını aşmış.arabada arkadaşım sıkmıştı ve midem başım felaket oldu.angel   kullanıyorum o daha hoş,negatif,Pn,adim15_test,adim15_test,,,,negatif,,,,
4071,lastikleri aldım kullanıyorum. konfor derseniz normal yaz lastiği düşünün derim.çünkü dört mevsim lastikleri normal yaz lastiklerine göre daha fazla ses yapıyor bilginize,negatif,Pn,adim15_test,adim15_test,,,,negatif,,,,
4072,6-7 köpek üzerinde denedim sadece bir köpek tepkisiz kaldı... en son çöp konteynırında beni sürekli rahatsız eden kocaman köpekte denedim onun kaçıp gidişi rahat nefes aldırdı. tavsiye ederim,pozitif,Qp,adim15_test,adim15_test,,,pozitif,,,,,
4073,ürünün süngerle kaplı olması çok güzel. alacak kişilere tavsiye ederim . ayrıca fiyat olarak da çok uygun başka bi yerde bu fiyata bulamadım.,pozitif,"Qp,Fp",adim15_test,adim15_test,,pozitif,pozitif,,,,,
4074,"sızmalara karşı ekstra ön ve arka bariyer koymuşlar ancak hiç bir işe yaramıyor. sızdırıyor. az buz değil, çok sızdırıyor.",negatif,Qn,adim15_test,adim15_test,,,negatif,,,,,
4075,ürün çok toz halinde kullanımı çok zor.tavsiye etmiyorum.,negatif,Pn,adim15_test,adim15_test,,,,negatif,,,,
4076,"kızıma hediye aldım gerçekten çok sevindi.düşünenlere şiddetle tavsiye ederim,siparişimden üç gün sonra elimize ulaştı.ayrıca hepsiburadaya da çok teşekkürler bu şartlarla kimse telefon satmaz.",pozitif,"Kx,Fp,Qp",adim15_test,adim15_test,nötr,pozitif,pozitif,,,,,
4077,kalıcılıgı çak az koku ilk başta kötü aama durdukça fena olmuyor günde iki üç defa kullanmak lazım,negatif,Pn*,adim15_test,adim15_test,,,,negatif,,,,performans
4078,eşim için aldığım cihazı özellikle büyük kangal cinsi köpeklerde  denedim... hayvanda bir tepki bile olmadı oralı bile değil yani :) ama  sokaktaki sümdük kendi halindeki köpeklerde çoğunda başaralı diyebilirim....,negatif,Qn*,adim15_test,adim15_test,,,negatif,,,,,kalite
4079,"saclarima cok guzel sekil verdim kuaforden cikmis gibi oldu ..saclarimin uclarini dalgali bile yaptim ...(kisa saclarim)cok begendim ,cok basarili..",pozitif,Qp,adim15_test,adim15_test,,,pozitif,,,,,
4081,esim cok memnun kaldi 2 aylik bebegimiz var her emzirme sonrasi uyguluyor ve hic yara olmadi.,pozitif,Qp,adim15_test,adim15_test,,,pozitif,,,,,
4082,"ürünü ilk aldığımda sesi katlanılabilirdi, işimi görüyordu. yaklaşık 5 saat çalıştırdıktan sonra ses katlanılamaz bir hal aldı. sese aldırmıyorsanız, ucuz bir fan arıyorsanız işinizi görebilir.",negatif,Pn*,adim15_test,adim15_test,,,,negatif,,,,performans
4083,ürün anlatıldığı gibi değil. taze dökülmüş çay lekesini çıkaramadı.,negatif,Qn,adim15_test,adim15_test,,,negatif,,,,,
4084,"fiyatının uygunluğu nedeni ile buradan satın aldım. yorumların çoğunda belirtildiği gibi kalıcılık maalesef hiç iyi değil. kokunun bir karakteri yok. biraz daha para verip güzel parfüm kullanmanızı tavsiye ederim, ben de öyle yapıcam bundan sonra.",negatif,"Fp,Pn",adim15_test,adim15_test,,pozitif,,negatif,,,,
4087,"arabayla ne taşlı yollardan gidiyorum hiç birşey olmuyor işim gereği günde 300 km yapıyorum bir kere düşmedi , piyasadaki en iyi araç için telefon tutacağı hiç şüphesiz",pozitif,Qp,adim15_test,adim15_test,,,pozitif,,,,,
4088,"ben bir arkadaşımda gördüm,bu fiyata göre iyi bence.",negatif,Fp,adim15_test,adim15_test,,pozitif,,,,,,
4091,soğuk nedeni ile daha henüz kullanmadım. başka birinde kullanmıştım  beğendiğim için aldım. sadece çalışmasını denedim.  her halde iyidir. teşekürler... einhel aletlerinden kullandığım bazı cıhazlarından memnunum,negatif,0,adim15_test,adim15_test,,,,,,,,
4092,kılıf hızlı şekilde elime ulaştı ama beklediğimden çok kalın ve biraz kaba  çıkınca iade ettim. hızlı ödeme iadesi için hepsiburada.com a teşekkür ederim.,negatif,"Kp,Gn,Sp",adim15_test,adim15_test,pozitif,,,,,negatif,pozitif,
4093,üç değişik kokulu şampuanla yıkadım birkaç kere şampuanlı suda beklettim bir kaç gün havalandırdım hala berbat kokuyordu iade ettim,negatif,Pn,adim15_test,adim15_test,,,,negatif,,,,
4094,"şimdiye kadar aldığım en iyi tabloydu , sağolun varolun",pozitif,Qp,adim15_test,adim15_test,,,pozitif,,,,,
4097,ürünü 1 yıl önce almıştım ilk başlarda güzel traş oluyordum şarjıda iyi gidiyordu ancak 4. ayda başlık arıza yaptı takılmalar yapıyor duruyor sürekli ve şarjıda çok çabuk bitiyor 3 kez traj yapan makine şuanda 2 traj zor yapıyor. tavsiye etmiyorum.,negatif,Qn*,adim15_test,adim15_test,,,negatif,,,,,kalite
4098,"bosch marka kalite, memnunum, zincir bileme aparatı gerekiyor.",pozitif,Qp,adim15_test,adim15_test,,,pozitif,,,,,
4099,kargomu yeni teslim aldım ürün güzel sorun yok keşke arayüzü türkçe olsaidi birde kablosu uzun. herkese tavsiye ederim teşekkürler hepsiburada.com ailesine ....,negatif,"Kx,Qp,Pn",adim15_test,adim15_test,nötr,,pozitif,negatif,,,,
4100,ürün elime geçince merakla denedim ürün iş yörür fakat ürümle beraber gelen aksesuarlar özellikle kesici ve aşındırıcılar işe yaramıyor zımparalar aparatlara oturmuyor bunların dışındaki aşındırıcılar metal haricinde işe yarar,pozitif,"Qp,Pn",adim15_test,adim15_test,,,pozitif,negatif,,,,
4102,"kardeşime doğum günü hediyesi olarak aldım. kokusu muhteşem, çok kalıcı. üstelik ambalajı ve parfümün şişesi çok orijinal. genç beylerin vazgeçemeyeceği bir koku. üstelik bu fiyata kaçırılmayacak bir fırsat. alan pişman olmaz.",pozitif,"Pp,Gp,Fp",adim15_test,adim15_test,,pozitif,,pozitif,,pozitif,,
4105,ürünü teslim aldım uyguladım sabahında bütün camlardaki sinekliklerimin aşagıda oldugunu gördüm bantlar yapışmıyor ne tozluydu nede pis nede ıslak ama yapışmadı hiç beyenmedım birde çift taraflı bant ile deniycem olmaz ise atmak zorunda kalıcam,negatif,Qn,adim15_test,adim15_test,,,negatif,,,,,
4107,mağazanın birinde bu ürünü inceleme fırsatı buldum. homend marka kullanmış biri olarak çelik modelini alın derim. hem sağlıklı hem güvenli. benden tavsiye,negatif,0,adim15_test,adim15_test,,,,,,,,
4109,hattiniz hangisi olursa olsun goruntulu gorusme yapilmiyor ama diger internet gerektiren  programlarla yapilabiliyor.egerki goruntulu gorusme sik yapiyorsaniz hattiniz uzerinden almak mantikli degil.onun haricinde güzel sayilir.,negatif,"Pn,Qp",adim15_test,adim15_test,,,pozitif,negatif,,,,
4112,kızım doğduktan sonra farklı bir kaç pişik önleyici krem denedim. ancak sadece sebamed pişik önleyici krem pişik oluşmasını engelledi. o günden beride yalnızca bu kremi kullanıyoruz. çok memnun kaldık.,pozitif,Qp,adim15_test,adim15_test,,,pozitif,,,,,
4113,"ürün 1600 w ve çekim gücü çok zayıf , ürün fiyatını haketmiyor",negatif,"Pn,Fn",adim15_test,adim15_test,,negatif,,negatif,,,,
4116,hepsi buradaya teşekkür ediyorum ürünüm istenilen zamanda elime ulaştı sağlam ve uygun fiyat.,pozitif,"Kp,Fp",adim15_test,adim15_test,pozitif,pozitif,,,,,,
4118,felice marka değil magic hose marka hortum geldi. ve bütün bağlantı yerlerinden ciddi şekilde su kaçırıyor. bağlantıları teflon bant ile desteklerseniz o zaman kullanılabilir hale geliyor,negatif,"Sn,Qn",adim15_test,adim15_test,,,negatif,,,,negatif,
4119,"kalite sıfır ütü yaparken çok ses çıkartıyor,bacaklarında aksama var sallanıyor ve hiç güzel değil tavsiye etmiyorum. verdiğim paraya yazık şunu bir kez daha anladım ki alacağın ürünleri gözünle görerek kalitesini kontrol ederek almak gerekiyor.",negatif,"Qn,Pn,Fn",adim15_test,adim15_test,,negatif,negatif,negatif,,,,
4120,telefonu anlatmaya gerek yok zaten mükemmel bir telefon. hepsiburada ekibine teşekkür ediyorum hızlı ve kapalı kutu göndermişler. yanında aldığım spigen telefon kılıfı s7 için geldi tek sıkıntı o oldu. onun dışında alışverişte ve gönderimde hiç sıkıntı çıkmadı çok memnunumm,pozitif,"Qp,Kp,Sn",adim15_test,adim15_test,pozitif,,pozitif,,,,negatif,
4121,çok basit bir ürün ısı ayarı bile yok.,negatif,Pn,adim15_test,adim15_test,,,,negatif,,,,
4122,sesi çok ğür çıkıyor ancak acıp kapattıktan sonra en baş şarkıya geri dönüyor ki aynı şarkıları dinlemek ten bıktım ve kaldırıp attım alısanız bunu düşünün,negatif,Pn*,adim15_test,adim15_test,,,,negatif,,,,performans
4123,"120 tl ye geldi daha ne olsun. ucuz çin malı fiyatına çook kaliteli bir ürün, çantasıda çok kullanışlı ayrıca. başka sitelerde 300 tl den başlıyor",pozitif,"Fp,Qp,Pp",adim15_test,adim15_test,,pozitif,pozitif,pozitif,,,,
4124,ağız yapısından dolayı bebeğimiz hiç sevmedi bu ürünü - defalarca denememize rağmen.,negatif,Pn,adim15_test,adim15_test,,,,negatif,,,,
4127,kokusu beni çok tatmin etmedi. hediye olarak aldım hem kalıcılığı hem de kokusu benim çok içime sinmedi.,negatif,Pn,adim15_test,adim15_test,,,,negatif,,,,
4128,kimi yorumları okuduktan sonra alıp almamakta  tereddüt ettik. mağazalardaki fiyatını görünce burdan sipariş ettik. gelir gelmez denedik. halıyı çekip kaldıracak kadar güçlü. bu güne kadar meğerse süpürge yaptığımızı düşünüyormuşuz. eski süpürgenin süpürdüğü halıdan nasıl toz çıkardı.,pozitif,"Fp,Pp",adim15_test,adim15_test,,pozitif,,pozitif,,,,
4129,kesinlikle süper bir ürün bizim köpeğimiz bayılıyor.fiyat olarak da çok uygun ve kargo bedava olunca harika oluyor. teşekkürler hepsi burada,pozitif,"Qp,Fp,Kp",adim15_test,adim15_test,pozitif,pozitif,pozitif,,,,,
4130,"ürünün içinden üçgen bir şey çıkıyor ve nereye takılacağı belli değil, kafa karıştırıyor. ayrıca tüm kafeslerle uyumlu değil. vision marka kafesime aldım büyük geldi çok fazla büyük, önermiyorum.",negatif,"Pn,Bn",adim15_test,adim15_test,,,,negatif,negatif,,,
4134,"ürün fiyatının kesinlikle üzerinde kaliteye sahip, beklentimin çok üzerinde. tavsiye ederim.",pozitif,"Fp,Qp",adim15_test,adim15_test,,pozitif,pozitif,,,,,
4135,gayet güzel ve kaliteli bir ürün en azından fiyatını göz önüne aldığımızda. sipariş verdiğim gün paketlenip kargoya verildi. kargodan da bana 2 güne teslim edildi. ürün geldiğinde de hiçbir kusuru yoktu. kısacası hiçbir sıkıntıyla karşılaşmadım.,pozitif,"Qp,Fp,Kp",adim15_test,adim15_test,pozitif,pozitif,pozitif,,,,,
4136,"kulak tıkacı birçok yerdeki gürültüyü büyük oranda engelliyor fakat uyurken asla ama asla takmayın! birkaç gündür kullanıyorum bir sorun yoktu ama bugün bir baktım tıkaç kulak yolunun çok içlerine gitti güç bela çıkarabildim, olmasaydı hastaneye gidecektim. sakın uyurken takmayın!",negatif,Pn*,adim15_test,adim15_test,,,,negatif,,,,performans
4137,yağ gibi kayıyor ve de sıfır ses var. bu kadar da ucuz.,pozitif,"Pp,Fp",adim15_test,adim15_test,,pozitif,,pozitif,,,,
4138,benim beklediğim gibi tek seferde tertemiz yapan bir ürün çıkmadı.yumuşak olan tüyleri alması çok zor.,negatif,Qn,adim15_test,adim15_test,,,negatif,,,,,
4139,"bu ürünü alana kadar aynaları silmek hep eziyet oluyordu. bez ile silmeye çalıştığımda toz/çamur iyice aynaya bulaşıyordu. lastik kısmı çok başarılı, hiç su bırakmıyor ve ayna pırıl pırıl çıkıyor. büyük rahatlık. herkese tavsiye ederim.",pozitif,"Qp,Pp",adim15_test,adim15_test,,,pozitif,pozitif,,,,
4141,urun bugün sorunsuz bir şekilde elime ulaştı. gri kalmamıştı kahverengi aldım. başta tereddüt etmiştim ama kahverengi de çok hos duruyor. i̇lk izlenimim olumlu. fiyatına göre sunduğu ozellikler fazla. kalemli ve çok pahalı olmayan telefon arayanlar için tam fiyat performans ürünü.,pozitif,"Kp,Gp,Fp,Qp,Pp",adim15_test,adim15_test,pozitif,pozitif,pozitif,pozitif,,pozitif,,
4142,"kamerayı araştırdım ve buna karar verdim tüm aksesuarları mevcut, ürün küçücük ben motorsikletimin kaskına takmak için aldım ve tam uydu , araç aksesuarları da mevcut, su altı dalışını henüz denemedim ama menüsü basit ve türkçe olması gayet güzel tavsiye ederim",pozitif,"Sp,Bp,Pp",adim15_test,adim15_test,,,,pozitif,pozitif,,pozitif,
4143,halı resimdekini aynısı değil resme aldanıp almayın. ebatları yazılan gibi ama halı resimdeki gibi guzel gorunmuyor bildiğiniz piyasadaki ucuz yolluklar ile aynı,negatif,"Gn,Bp,Qn",adim15_test,adim15_test,,,negatif,,pozitif,negatif,,
4144,audacity programı kullanıyorum. gürültü kaldırıyorum ses gitsede aynı ses hale geliyor. 3 - 4 gün memnundum ama benden mi kaynaklanıyor üründenmi bilmiyorum...,negatif,Pn,adim15_test,adim15_test,,,,negatif,,,,
4145,"güzel ve kaliteli ürün, zamanında kargo, ilgili satıcı, tek kusuru şarj kablosunun sony xperia z5 premium ile uyumlu olmaması, bu problemi de farklı bir kablo alarak çözdüm, birde kargo ücretsiz olsa daha güzel olacak.",pozitif,"Qp,Kp*,Sp,Pn",adim15_test,adim15_test,pozitif,,pozitif,negatif,,,pozitif,kargo
4146,urun cok guzel cok arastırdım ve bu urunu almaya karar verdık ve gercekten guzel br makıne .tavsıye ederım.makına cok uzun surelı uyku moduna gecmıyor yanı tam tostun olmasına yakın kapanıpta tostu kurutmuyor.,pozitif,"Qp,Pp",adim15_test,adim15_test,,,pozitif,pozitif,,,,
4147,aldığınız etin hakkını veriyor mühürleme yaparak gerçekten çok lezzetli etler pişirebilirsiniz..,pozitif,Pp,adim15_test,adim15_test,,,,pozitif,,,,
4148,plastik kalitesi o kadarda iyi değil. elde pro bir his bırakmıyor. herzaman fiyat performans için değerlendiririm. çok iyi.,pozitif,"Qn,Fp",adim15_test,adim15_test,,pozitif,negatif,,,,,
4149,verdiginiz paraya degmez bir kere bile şarj etmiyor,negatif,"Fn,Qn",adim15_test,adim15_test,,negatif,negatif,,,,,
4150,"ürün tutuş kolaylığı ve ağız içi kullanımı için ergonomik,fiyat olarak uygun. fakat kılları çok sert ve  seyrek temizlemede etkili değil. diş etlerini çok rahatsız ediyor. yumuşak başlık bekleyenleri hüsrana uğratabilir. daha iyi olabilirdi.  :(((",negatif,"Pn*,Fp,Qn",adim15_test,adim15_test,,pozitif,negatif,negatif,,,,performans
4152,uzun zamandır kopeklerıme verdıgım bır mama köpeklerım severek yıyıyor fıyat olarakta gayet uygun herkese tavsıye ederım cok tesekkurler,pozitif,"Qp,Fp",adim15_test,adim15_test,,pozitif,pozitif,,,,,
4153,ürün fiyatına göre gayet kaliteli ve güzel ürün arakdaşım için sipariş ettim cok memnun kaldılar,pozitif,"Fp,Qp",adim15_test,adim15_test,,pozitif,pozitif,,,,,
4154,tencerelerin kapakları tam oturmuyor ayrıca çiziliyor da! daha kaliteli bi markadan almanızı tavsiye ederim,negatif,Qn,adim15_test,adim15_test,,,negatif,,,,,
4157,çok memnun kaldım teslimat kalite herşey on numara kendim mağazaya gidip bu kadar hızlı alamazdım,pozitif,"Kp,Qp",adim15_test,adim15_test,pozitif,,pozitif,,,,,
4158,bağlantı noktalarında aspiratör tarafı cuk diye birebir oturuyor ancak baca tarafı fileksi için büyük kalıyor kaplama bantla bu durumu çözebilirsiniz...,pozitif,Bn*,adim15_test,adim15_test,,,,,negatif,,,boyut
4159,"ürün montaja hazır bir şekilde gelmedi, ve içerisinde doğru düzgün bi montaj kataloğu çıkmadı. montajının zorluğundan dolayı pek tavsiye etmem.",negatif,"Pn,Sn",adim15_test,adim15_test,,,,negatif,,,negatif,
4160,çok güzel bekledigimden biraz daha büyük ve renkleri çok ilgi çekici. kızımın çok dikkatini çekti ve sevdi topu alma hevesiyle dönmeye de başladı. teşekkür ederiz :),pozitif,"Bx,Gp,Qp",adim15_test,adim15_test,,,pozitif,,nötr,pozitif,,
4161,ürün siparişini verdikten 1 gün sonra elimdeydi. sevkiyat süper.,pozitif,Kp,adim15_test,adim15_test,pozitif,,,,,,,
4162,ürün kesinlikle kaliteli ancak case 4u markalı değil. dandik bir kutuyla gelmiş ama kaliteli ve mıknatıs gücü çok iyi hiçbir sıkıntı olmuyor şarja takıp çıkartırken çok kullanışlı,pozitif,"Qp,Kn,Pp,Sn",adim15_test,adim15_test,negatif,,pozitif,pozitif,,,negatif,
4163,makina sarj kutusuna oturmadigi icin sarj olmuyor ilk geldiginde icinde olan sarj ile tras oldum gayet iyiydi fakat suan sarj edemedigim için kullanamiyorum,negatif,Qn*,adim15_test,adim15_test,,,negatif,,,,,kalite
4164,ürün kalitesiz paket kumaşının içine yerleştirilmiş boru izolasyonu şeklinde geldi. eşim kokusundan dolayı eve almadan attı. fiyat performans açısından ancak kabul edilebilir.,negatif,"Qn,Pn,Fx",adim15_test,adim15_test,,nötr,negatif,negatif,,,,
4165,guzel isinizi gorur  telefonla gorusme de tatmin edici,pozitif,"Qp,Pp",adim15_test,adim15_test,,,pozitif,pozitif,,,,
4166,"makinanın ağırlığı kolu yormuyor ,aynı zamanda üfleme gücüde gayet güzel ,kullanışlı ve zaten markada tanınmış bir marka,birgün içindede elinize ulaşıyor.ben beğendim...",pozitif,"Pp,Bp,Kp,Qp",adim15_test,adim15_test,pozitif,,pozitif,pozitif,pozitif,,,
4167,zayıf bir malzemeden üretilmiş et kalınlığı zayıf 2001 doblo için aldım ölçüleri uydu 1 hafta kadar koku yapıyo fiyatına göre malzeme geçici olarak kullanıla bilir,negatif,"Qn,Bp,Pn,Fx",adim15_test,adim15_test,,nötr,negatif,negatif,pozitif,,,
4169,oral _ b bu işin profesyoneli. herr fırçası çok başarılı. tebrikler..,pozitif,Qp,adim15_test,adim15_test,,,pozitif,,,,,
4170,köpeğim sevmedi normal ürünleri kokladıgı anda alıp götürürdü bunu kokladı ama tenezzül etmedi,negatif,Qn,adim15_test,adim15_test,,,negatif,,,,,
4172,"prima güzel bir bebek bezi markası ancak son zamanlardaki yeni cıkan teknolojili bu bez pi̇şi̇k,sizdirma  yapıyor ????",negatif,Qn,adim15_test,adim15_test,,,negatif,,,,,
4175,"ürün her yerde ayni sonuçta. ama hepsi̇burada'dan almak hem ucuz, hem güveni̇li̇r, hem de hizli. gece aldim, sabah yola çikti. teşekkürler.",pozitif,"Fp,Sp,Kp",adim15_test,adim15_test,pozitif,pozitif,,,,,pozitif,
4176,çok hızlı kargo. mükemmel bir ürün. i̇lk kullanışta diş etlerimin rahatladığını hissettim. tavsiye ederim.,pozitif,"Kp,Qp",adim15_test,adim15_test,pozitif,,pozitif,,,,,
4178,kum sesi ve biraz buyuk olması harıcınde bı sorunla karsılasmadım,pozitif,"Pn,Bn",adim15_test,adim15_test,,,,negatif,negatif,,,
4180,konusunun güncel olması  hoşuma gitti okunması gereken bir  kitap tavsiye ediyorum.,pozitif,Pp,adim15_test,adim15_test,,,,pozitif,,,,
4181,ürün fiyata göre  normal dışı plastik içinde kum mevcut. yeni başlayan için ideal,pozitif,"Fx,Qp",adim15_test,adim15_test,,nötr,pozitif,,,,,
4182,kitapta bol miktarda çelişki mevcut bolca ikilem içinde kaldık. memnun kalmadık kitaptan.,negatif,"Pn,Qn",adim15_test,adim15_test,,,negatif,negatif,,,,
4183,ürünün içerisinde sanki 3gr yerine 1.5gr varmış gibi sıkıyorsun yarısı hava boşalıyor.,negatif,Bn,adim15_test,adim15_test,,,,,negatif,,,
4184,delta çok fonksiyonlu deluxe kapı barfiksi + mekik & şınav çekme aleti - ds 1325  ürün süper hızlı gönderi deniliyor ama 3 gün geçti hala kargoya verilmedi lütfen kargo işlemini gerçekleştirin,negatif,Kn,adim15_test,adim15_test,negatif,,,,,,,
4185,çok ağır ilerliyor.kitap okumaya yeni başlamıştım soğudum o derece yani,negatif,Pn,adim15_test,adim15_test,,,,negatif,,,,
4186,ürün çok kısa zamanda elime geçti. duvarda leke bırakmıyor ve boyayı sökmüyor tabi kaldığım toki evinde hariç.,pozitif,"Kp,Qp",adim15_test,adim15_test,pozitif,,pozitif,,,,,
4187,siteden ve üründen memnunum ürün sağlam olarak kısa sürede geldi teşekkürler kago hızlı yani memnunum herkese tavsiye ederim.internetten ilk defa bu kadar büyük alış veriş yaptım ve memnun kaldım,pozitif,"Kp,Sp,Qp",adim15_test,adim15_test,pozitif,,pozitif,,,,pozitif,
4189,"montajı gayet basit. normal perdelere göre biraz daha parlak ve bence gayet yeterli... epson tw6000 ile beraber kullanıyorum , herkese tavsiye ederim.",pozitif,Pp,adim15_test,adim15_test,,,,pozitif,,,,
4191,derisinin biraz sert olmasından dolayı tamamen elinizin şeklini almıyor ama parasına göre değecek bir ürün.eger daha iyisi olsun derseniz paranıza kıyıp daha iyisini almanızı öneririm.,negatif,"Qn,Fp",adim15_test,adim15_test,,pozitif,negatif,,,,,
4192,i̇ki yıldır kullanıyorum kamerası 1.5 gibi hissettirmiyor net ve güzel 4.5 g uyumluda değil tek sorun bu galiba ?? almak isteyen varsa alabilir,pozitif,Pp*,adim15_test,adim15_test,,,,pozitif,,,,performans
4194,bir önceki aldığım ürün güzeldi ama  kağıt gibi elini siliyorsun elinde kalıyor gazete kağıdı gibi,negatif,Qn,adim15_test,adim15_test,,,negatif,,,,,
4197,"samsung note 5 ile hızlı şarjda mükemmel sonuç aldım, aldığım için son derece mutluyum. telefonun şarj soketi arızalansa, bu ürünün fiyatına tamir ettirmek mümkün değil. çok başarılı.",pozitif,"Qp,Pp,Fp",adim15_test,adim15_test,,pozitif,pozitif,pozitif,,,,
4198,ürün paketleme iyi değildi.telefon kutusu hepsiburadanın kutusunun içinde sağa sola sallanıyordu.aynı gün kargo yapılmadı.telefonun arka kameranın olduğu kısımda hafif tıklatınca ses geliyor.ekran başarılı.ayrıca çok hafif bir cihaz.işlemleri rahatlıkla yapıyor.şarj konusunda fazla bişey beklmeyin fazla gitmiyor.,negatif,"Kn,Qn,Pp,Bp",adim15_test,adim15_test,negatif,,negatif,pozitif,pozitif,,,
4199,"kitap cinsellik ve erotizim üzerine yazılmış cok fazlaca cinsellik taşıyor, arkadaşlar tafsiye etmemişlerdi ben genede seri bozulmasın diye üçünü birden aldım suanda fi yi bitirmek üzereyim almanızı tafsiye etmem bu kitaba vereceğiniz paraya daha güzel daha hoş kitap alabilirsiniz.",negatif,"Pn,Fn",adim15_test,adim15_test,,negatif,,negatif,,,,
4202,"güzel ürün, dekoratif amaçlı aldım.  çok şık duruyor.",pozitif,"Qp,Gp",adim15_test,adim15_test,,,pozitif,,,pozitif,,
4204,zaten sadece bu ürünü sıkıp ovaladığın zaman istediğin sonucu elde edemiyorsun; tanzikli su uygulaman şart!!!,negatif,Qn,adim15_test,adim15_test,,,negatif,,,,,
4206,"ihtiyacım olmamasına rağmen ucuz gördüğüm için sepete atayım, dedim. iyi ki satın almışım. sert kapaklı, içindekiler zarar görmez, kaliteli ürün.",pozitif,"Fp,Qp",adim15_test,adim15_test,,pozitif,pozitif,,,,,
4209,ayağı üşüyenler için mükemmel bir çorap çift çift çorap giymeye gerek yok artık. hem de fiyatıda gayet uygun.kesinlikle tavsiye ederim.,pozitif,"Qp,Fp",adim15_test,adim15_test,,pozitif,pozitif,,,,,
4211,her zaman el altında olması gereken poşet hem hesaplı hem de güzel.marketle arada fiyat farkı yok eve kadar gelmesi güzel. büyüklüğü ideal ve sağlam tavsiye ederim,pozitif,"Fp,Kp,Bp,Qp",adim15_test,adim15_test,pozitif,pozitif,pozitif,,pozitif,,,
4212,bu fiyata bulupta bulabileceginiz en güzel orjinal deri eldiven gercekten işe yarıyor. derisi sert diyenleri anlamıyorum çünkü hakiki orjinal deri sert olur.,pozitif,"Fp,Qp",adim15_test,adim15_test,,pozitif,pozitif,,,,,
4213,aldığınızda %100 doldurun sonra *#0228# tuşuna basın çıkan ekranda altta bulunan kırmızı yazılı düğmeye basın. şarj düzeyiniz düşecektir. örneğin % 80. tekrar şarj edin % 100 yapın. bu işlemi düğmeden % 100 sonucu alana kadar yapın. güle güle kullanın.,pozitif,0,adim15_test,adim15_test,,,,,,,,
4214,"evet çiziksiz bir araç için bence doğru seçim diğer yorumlarda da belirtildiği gibi çift taraflı oluşu gerçekten çok işe yarıyor özellikle inatçı (kuş pisliği) kirlerde ve lekelerde sert olan tarafla uygulama yapabiliyorsunuz, özellikle köpüklü yıkamalarda gayet güzel.",pozitif,Pp,adim15_test,adim15_test,,,,pozitif,,,,
4215,kaliteli birşey değil.parasını hak etmiyor. şuan ki fiyatının yarısını hak ediyor.,negatif,"Qn,Fn",adim15_test,adim15_test,,negatif,negatif,,,,,
4216,la ile ilk kitabını okuduğum yazarın bu kitabını hiç düşünmeden aldım ve çok keyifle okuduğum bir kitap ile karşılaştım,pozitif,Qp,adim15_test,adim15_test,,,pozitif,,,,,
4217,ayrıca çay soğutuyor ısı muhafaza edilmiyor. otomatik ısıtması başarılı değil. ofis için aldık pek beğenmedim,negatif,"Pn,Qn",adim15_test,adim15_test,,,negatif,negatif,,,,
4218,"diş fırçası başlıkları, makineyle birlikte gelen başlık kadar kaliteli değil",negatif,Qn,adim15_test,adim15_test,,,negatif,,,,,
4223,ürünü aldığım da bi sorun yoktu kulandım 1 hafta sonra jak çıkışları filan gevşedi sonra kafamı çevirdiğimde jak girişi kırıldı artık kullanmıyorum birz dayanısiz,negatif,Qn,adim15_test,adim15_test,,,negatif,,,,,
4225,"sifresi de degismiyor, uzerinde gelen sifreyi kullanmak zorundasiniz.",negatif,Pn,adim15_test,adim15_test,,,,negatif,,,,
4226,4- isınınca metal aksamın yapıştırmalarından açma yapabiliyor ama korkmayın servis hemen onarıyor.,negatif,"Qn,Sp",adim15_test,adim15_test,,,negatif,,,,pozitif,
4228,ürünümü bana belirtilen zaman içerisinde aldım üründen çok memnunum emsallerine göre harika herkese tavsiye ederim,pozitif,"Kp,Qp",adim15_test,adim15_test,pozitif,,pozitif,,,,,
4229,merhaba; rahatlatıcı özelliği var. ferahlatıyor.. fakat ki̇myasal dozu yüksek olduğundan fırçaya çok az sürünüz. tavsiye ederim. teşekkürler. sayg.,pozitif,Pp,adim15_test,adim15_test,,,,pozitif,,,,
4230,müzik severler için vazgeçilmez bir ürün. boyutuna göre çok fazla ses çıkarıyor.bence hiç düşünmeden alın. çok seveceksiniz. istediğiniz her yere kolaylıkla götürebilir ve şarkıları dinleyebilirsiniz,pozitif,"Qp,Pp",adim15_test,adim15_test,,,pozitif,pozitif,,,,
4231,kokuyu da kalıcılığını da beğenmedim 2 adet aldım birini camsile döktüm içindeki alkol işe yarasın diye diğeri halen süs olarak duruyor...,negatif,Pn,adim15_test,adim15_test,,,,negatif,,,,
4232,"hortum tam 15 metre olarak uzamıyor. 13.7 metre tam uzunluğu , metre ile ölçtüm. tam ölçüye göre alacak olanlar ona göre düşünsünler",negatif,Bn,adim15_test,adim15_test,,,,,negatif,,,
4233,sesi cok gucu az kurutmasi zayif ergonomik degil vasatin altinda bi ürün,negatif,"Pn,Qn",adim15_test,adim15_test,,,negatif,negatif,,,,
4234,"sarz ömrü 4.5g den dolayı, yarim gun zor dayaniyor. çekim gücü zayıf! konuşurken ısınıyor.  memnun değilim. iade edecegim.",negatif,"Qn,Pn",adim15_test,adim15_test,,,negatif,negatif,,,,
4235,yılbasında aldım kolayca kurdum.1 aydırda kullanıyorum şimdilik gayet ıyı.eşofman bıraz adı .alanlar ılave yagını mutlaka alsın. çunkı yanında verılen yag çok az ve kullanışsız.spray yag kullanımıda kolay faydalı aynı zamanda .,negatif,"Qp,Pp,Bn",adim15_test,adim15_test,,,pozitif,pozitif,negatif,,,
4236,gayet kullanışlı iyi bir ürün kesinlikle alınır. keşke 1 lt.boyuda olsaydı.,pozitif,"Pp,Qp,Bx",adim15_test,adim15_test,,,pozitif,pozitif,nötr,,,
4238,ürün fiyatına göre gayet yeterli. ortam sesi biraz zayıf geldi bana. ama  abartıl rakamlar ödeme niz gereksiz. . modeller çok çabuk güncelliğini yitirio. dolayısıyla az parayla ihtiyacı gidermek esas olan. kamera kalitesi güzel ebat ideal. fiyat makul. tavsiye ederim.,negatif,"Fp,Pp*,Bp",adim15_test,adim15_test,,pozitif,,pozitif,pozitif,,,performans
4241,duvar kenarlarında dahi beklediğimden çok daha iyi sonuçlar aldım. kullanırken makinenin hafifliği ve saklarken makinenin az yer kaplaması beni oldukça tatmin etti.,pozitif,"Qp,Bp",adim15_test,adim15_test,,,pozitif,,pozitif,,,
4242,"gayet guzel , hesapli ve kaliteli bir urun.",pozitif,"Fp,Qp",adim15_test,adim15_test,,pozitif,pozitif,,,,,
4247,"üründen memnunum alalı 1 hafta oldu, fiyat performans ürünü",pozitif,"Fp,Qp",adim15_test,adim15_test,,pozitif,pozitif,,,,,
4248,bezi bağladıktan sonra her kontrol edişimizde bantların ayrıldığını görüyoruz. kalite gerçekten kötü.,negatif,Qn,adim15_test,adim15_test,,,negatif,,,,,
4249,"ürünün renkleri olsun kargo süresi olsun harika fakat malzeme kalitesi için aynı şeyi söyleyemicem ayağın tekini takarken güç uygulamadan nazikçe takarken ayağın yuvası kırıldı müzik çalması (gangam style,alibabanın çiftliği,happy birtday  hoppala özelliği falan harika tercih sizin",negatif,"Gp,Kp,Qn,Pp",adim15_test,adim15_test,pozitif,,negatif,pozitif,,pozitif,,
4250,"herkesin elinde görüyorum bu kitabı, merak edip aldım.",negatif,0,adim15_test,adim15_test,,,,,,,,
4251,mamayi yedi̇ği̇ gi̇bi̇ i̇sal oldu düzelmedi̇ royal cani̇nden den geri̇si̇ boş onunla düzeltti̇m alirken i̇ki̇ kere düşünün.,negatif,Qn,adim15_test,adim15_test,,,negatif,,,,,
4253,"ufak bi ledi de olsaydı daha kullanışlı olurdu, uzun yolculuklarda at arabaya...",negatif,Px,adim15_test,adim15_test,,,,nötr,,,,
4255,"ilk traş makinem, alışmam zaman aldı ama sinekkaydıya yakın bir traş oldu. temizleme aparatı gerçekten başarılı",pozitif,"Qp,Pp",adim15_test,adim15_test,,,pozitif,pozitif,,,,
4256,"ürün bu öğlen elime geçti. hafifliği ile dikkatimi çekti. görüntüsü, fonksiyonları, yayınları yakalama becerisi açısından beğenimi oldukça kazandı. ev içi kullanımı açısından oldukça güçlü ve net bir sese sahip.",pozitif,"Bp,Gp,Pp,Qp",adim15_test,adim15_test,,,pozitif,pozitif,pozitif,pozitif,,
4258,yatak haline getirip açtığınızda menteşeleri (4 adet) kumaşın altından çıktığı için üzerine bir şilte atmadan yatamazsınız.,negatif,Pn,adim15_test,adim15_test,,,,negatif,,,,
4259,sınıfınızda şöyle orta boyutlarda kullanışlı bir mantar panonuz olsun istiyorsanız bu ürün tam size göre! boşuna marangozda yaptırmaya uğraşmayın 3 gün içinde elinizde...,pozitif,"Bp,Kp",adim15_test,adim15_test,pozitif,,,,pozitif,,,
4261,cok guzel bi ütü. piyasaya göre cok düşük fiyata yine hepdiburada sayesinde ayağımıza geldı. cok cabuk ıstıyor ve buhar gucu kuvvetli. kesinlikle oneririm. ihtiyacı olan hiç dusunmeden alabilir,pozitif,"Fp,Kp,Pp,Qp",adim15_test,adim15_test,pozitif,pozitif,pozitif,pozitif,,,,
4263,ürün süper ve eli̇me cok hizli sekilde ulaşti..,pozitif,"Kp,Qp",adim15_test,adim15_test,pozitif,,pozitif,,,,,
4266,almadan önce tereddütlerim vardı yorumları okuduktan sonra almaya karar verdim çok iyi bir telefon herkese tavsiye ederim. sipariş verdikten sonra 2 gün içinde elimde tam ve eksiksiz olarak elime geçti.,pozitif,"Kp,Sp,Qp",adim15_test,adim15_test,pozitif,,pozitif,,,,pozitif,
4268,"ürün mdf değil sunta, üzerindeki renkler de boya değil yapışkanlı kağıt.",negatif,Qn,adim15_test,adim15_test,,,negatif,,,,,
4269,"hepsi̇ burada dan kendi̇me zenfone 5 oğluma bu ci̇hazi aldim.ekran parlakliği,kamerasi i̇nceli̇ği̇ ve hafi̇fli̇ği̇ i̇le çok güzel bi̇r ci̇haz.tek olumsuz yani hari̇ci̇ kart desteği̇ olmamasi.tavsi̇ye ederi̇m.",pozitif,"Pp*,Bp,Qp",adim15_test,adim15_test,,,pozitif,pozitif,pozitif,,,performans
4270,ürünü perşem günü sipariş verdim salı günü elime geçti resimdeki gibi göründüğü boyutta güzel bir ürün fiyatıtada uygun herkese tavsiye ederim.,pozitif,"Kx,Gp,Bp,Fp,Qp",adim15_test,adim15_test,nötr,pozitif,pozitif,,pozitif,pozitif,,
4272,max 5 mt yükseklik  kadar çekme diyor ama 1 metreden fazla basmıyor onun haricinde çekme gücü iyi,negatif,Pn*,adim15_test,adim15_test,,,,negatif,,,,performans
4274,ürün gayet başarılı. arabamı bir kaç yıkamadan sonra  dikkat çekecek şekilde parladığını gördüm. arabamın rengi gri. bence renkte önemli.,pozitif,Qp,adim15_test,adim15_test,,,pozitif,,,,,
4276,daha önce hiç traş maikinesi kullanmamıştım. yorumları okuyarak aldım. memnun kaldım ürün gayet iyi. sinek kaydı traş yapıyor.tavsiye ederim. fiyatına göre çok iyi.,pozitif,"Qp,Fp",adim15_test,adim15_test,,pozitif,pozitif,,,,,
4277,almayın kardeşim. ben aldım. hiç bi faydasını görmedim,negatif,Qn,adim15_test,adim15_test,,,negatif,,,,,
4278,"gayet uygun fiyatı ile burda bulabileceğiniz bir ürün; çinden ithal edildiğinden olsa gerek. lazım olduğunda gidip orda burda aramanıza gerek yok. yalnız m bedeni parmaklarıma dar geldi, keşke large alsaydım.",negatif,"Fp,Bn",adim15_test,adim15_test,,pozitif,,,negatif,,,
4279,aldigima çok pişman oldum çok kalitesiz ince ve ucuz duruyor,negatif,"Qn,Gn",adim15_test,adim15_test,,,negatif,,,negatif,,
4280,hepsi burada.com kahve makinası yerine fritöz gönderdi. arkadaşıma doğum günü için almıştım. zamanında ulaşmadığı için üzüldüm.,negatif,"Sn,Kn",adim15_test,adim15_test,negatif,,,,,,negatif,
4281,okulumuzda çay makinasının bozulması üzerine aldım.. daha önce çay içimiyormuşum.. abartmayı sevmem ama işini gerçekten iyi yapıyor ufak kusurları var ama sağlam makina....,pozitif,Qp,adim15_test,adim15_test,,,pozitif,,,,,
4287,"bebeğe bu urunu kullananin aklina şaşarim, topuk taşı mu yolladilar anlamadim, kutuk gibi, araba takozu gibi sert.",negatif,Qn,adim15_test,adim15_test,,,negatif,,,,,
4290,"fresh hafif bir kokusu var eşime almıştım çok beğendi tavsiye ederim tam yazlık bir koku, yaz da yaklaşıyor zaten baymayan notaları hoş bir koku. tavisye olunur.",pozitif,"Pp,Qp",adim15_test,adim15_test,,,pozitif,pozitif,,,,
4292,"çok güzel bir ürün. eşime aldım. çok beğendi. hem gümüş, hem pırlanta ve hemde ametist taşının olduğu kolye. beğeneceğinizi umuyorum.tavsiye ederim.",pozitif,Qp,adim15_test,adim15_test,,,pozitif,,,,,
4295,"yorumlara bakarak aldım lakin powerbankı sabaha kadar şarj yaptım,sonra iphoneyi 1 kere tam doldurdum,2.defa doldurayım dedim %17 de ışıkları söndü powerbankın ???",negatif,Qn,adim15_test,adim15_test,,,negatif,,,,,
4296,kabını acele edip atmasaydım kesin iade ederdim. küçük ve dökülenleri toplama konusunda yetersiz.çünkü öne doğru yapılan kavisli kısım yumuşak olduğundan cebin açık durmasını engelliyor. cep açık olmayınca da dökülenleri alamıyor,negatif,"Bn,Pn",adim15_test,adim15_test,,,,negatif,negatif,,,
6000,"android 4.2.2 jelly bean işletim sistemli telefona,bilekliğin programı yüklemedi. sanıyorum android 4.3 ve üstü versiyonlarda çalışıyor.yeni aldigim android kitkat versiyonlu telefonda  yüklemeyi kabul etti ve çalıştı. alacaklar buna dikkat etmeli.",negatif,Pn*,adim17_test,adim17_test,,,,negatif,,,,performans
6001,"ürün çok kaba, klozet etrafını kaplıyor, ayak basamakları yan tarafta kalıyor.rahat bir oturma pozisyonu sağlamıyor.yerden yüksek olması nedeniyle ayaklarınızı karnınıza çekmek durumunda kalıyorsunuz, bu da rahat oturum sağlamıyor.ürünün kalitesi idare eder ancak fiyat olarak pahalı bulduğumu belirtmek istiyorum.",negatif,"Bn,Pn,Qp,Fn",adim17_test,adim17_test,,negatif,pozitif,negatif,negatif,,,
6002,bu ürün gerçekten kullanışlı. siz musluğu ne kadar açarsanız açın hi. boşa gitmiyor. akan suda zaten fazlasıyla yeterli. çok su tüketilen yerler için ideal ürün.,pozitif,Qp,adim17_test,adim17_test,,,pozitif,,,,,
6003,pek fark yaratmadı. kısmen konfor sağlıyor. ayakkabının tabanı sert ise  işe yaramıyor.,negatif,"Qn,Pp",adim17_test,adim17_test,,,negatif,pozitif,,,,
6004,benim icin önemli olan kaymasiydi ütünün ama ne yazikki sanki kumasa yapisiyor. cok pismanim aldigima,negatif,"Pn,Qn",adim17_test,adim17_test,,,negatif,negatif,,,,
6005,arkadaşlar herkez aynı anda 2 cihaza bağlanabilme özelliğini yazmış toplamda kaç cihazla eşleşiyor ? mesela leptab ve kendi cep telefonum ile eşleştirdim başka bi cihaz daha tanıtabiliyomuyum ? birde kapandığında vs tekrar eşleştirme gerekiyormu ??*,pozitif,0,adim17_test,adim17_test,,,,,,,,
6006,eldeki hissi iyi.  6 ayda yırtıldı.  daha kaliteli birşey alın.,negatif,"Pp,Qn",adim17_test,adim17_test,,,negatif,pozitif,,,,
6007,çok fazla para verip diğer markalardan almanıza gerek yok. oyun severlerin özellikle futbol ve araba yarışı oyunları için gayet ideal,pozitif,"Fp,Qp",adim17_test,adim17_test,,pozitif,pozitif,,,,,
6008,yorumlara bakarak aldım hem elime çabuk ulaştı hemde çok memnun kaldığım bir ürün tam genç işi çok konforlu ve gayet çık hiç tereddüt etmeden alın derim şifresi bile çok iyi teşekkürler hepsiburada.com,pozitif,"Kp,Qp,Pp,Gp",adim17_test,adim17_test,pozitif,,pozitif,pozitif,,pozitif,,
6009,mükemmel topaklaşan bir kumu çok çok uygun fiyata aldım. sorunsuz bir teslimat yaşadım,pozitif,"Pp,Fp,Kp",adim17_test,adim17_test,pozitif,pozitif,,pozitif,,,,
6010,ben bunu daha ağır çocukların üzerine oturduğunda kuvvetli olduğunu sanmıştım sandelyede çocuğu yalnız bırakamam arka üstü düşebilir,negatif,Qn,adim17_test,adim17_test,,,negatif,,,,,
6011,"kısa sürede ulaştırdıkları için hepsiburada ekibi çok basarılı tskler..üründen 3 adet aldım buzdolabı,tv,pc bağladım sonra yıldırım düşmesi ve sık sık elektrik kesilmelerine maruz kaldım hiçbir sıkıntı yaşamadım.görünüşü şık malzemesi oldukça sağlam kaliteli, alın kafanız rahat olsun",pozitif,"Kp,Qp,Gp",adim17_test,adim17_test,pozitif,,pozitif,,,pozitif,,
6012,her sene alıyorum 2.3 çift kışı sıcak ve rahat geçiriyorum tavsiye ederim,pozitif,"Qp,Pp",adim17_test,adim17_test,,,pozitif,pozitif,,,,
6013,"ürün çok kullanışlı ve yumuşak plastikten yapılmış, çalışmalar esnasında cildinize zarar vermiyor...ağırlık plakalarının kenar kısmında yere bıraktığınızda sabit kalmasını sağlayan düz kısımlarda var...herkese tavsiye ederim...",pozitif,"Qp,Pp",adim17_test,adim17_test,,,pozitif,pozitif,,,,
6014,kesinlikle tavsiye etmiyorum aracımın boyasını matlaştırdı bmw 3.20d,negatif,Qn,adim17_test,adim17_test,,,negatif,,,,,
6015,kitapta çok basit ve kısa kısa olaylar anlatılmış ilkokul çocukları bunları okuyor,negatif,Qn,adim17_test,adim17_test,,,negatif,,,,,
6016,bu parfüm açık ara önde kim ne derse desin benim favorimdir tavsiyemdir zira kokusuyla baş döndürücü özelliği var ama kokuya bakmadan almayın derim tenden tene değişebilir çünkü..,pozitif,"Qp,Pp",adim17_test,adim17_test,,,pozitif,pozitif,,,,
6017,ürün iyi ama uzun yolculukta çocuk için oto yastığı ve destek yastığı alınmasında fayda var. uyuduğu zaman yana düşmemesi için..,pozitif,Qp,adim17_test,adim17_test,,,pozitif,,,,,
6018,hb tsk. ctesi siparis verdim sali evimdeydi. ben salincagin yaninda barfiks demiri aldim kapinin arasina demiri gergi yapip salincagi oraya astım.  oda degisikligi yada annemlere gidince cok basit bir sekilde tasiyip hicbiyeri delmek zorunda kalmicam,pozitif,"Kp,Pp",adim17_test,adim17_test,pozitif,,,pozitif,,,,
6019,"ürün bana biraz küçük gibi geldi ama artık yeni teknolojiden dolayı makinelerin boyutları küçüldü. fiyatına göre bir ürün çok fazla birşey beklememek lazım, ihtiyacı karşıluyor mu?: evet",pozitif,"Bn,Fp,Qp",adim17_test,adim17_test,,pozitif,pozitif,,negatif,,,
6020,ürün biraz küçük. kalite olarak da pek tatmin etmedi beni...,negatif,"Bn,Qn",adim17_test,adim17_test,,,negatif,,negatif,,,
6021,"veri̇m alamiyorum.ek kordonla kullaniyorum bence kordonu uzun tutulmali.,ütüledi̇ği̇m alani bi̇r kaç kere ütülemek zorunda kaliyorum.rowenta dan daha fazla performans beklerdi̇m",negatif,"Qn,Bn",adim17_test,adim17_test,,,negatif,,negatif,,,
6022,"eğer ""sırf ankastre görüntüsü"" olsun diye almak isteyen olursa, bulacağı en ucuz davlumbaz budur.",negatif,"Fp,Gx",adim17_test,adim17_test,,pozitif,,,,nötr,,
6023,ürün duvar delmek için kullanılabilinecek bir ürün değil. gelen uçlar duvar delmeye uygun değil. elmaslı uç aldım ama nafile duvar delmek mümkün değil.,negatif,Qn,adim17_test,adim17_test,,,negatif,,,,,
6024,fiyati düştüğü an di̇rek alicam özelli̇kleri̇ ve htc ni̇n kali̇tesi̇yle telefon 10 numara 5 yildiz....,pozitif,"Fn,Pp,Qp",adim17_test,adim17_test,,negatif,pozitif,pozitif,,,,
6025,sesi çok kötü. fiyatı uygun olduğu için 2 yıldız. yoksa kalitesiz ve lüzumsuz,negatif,"Pn,Fp,Qn",adim17_test,adim17_test,,pozitif,negatif,negatif,,,,
6026,hızlı kargo ve sağlam paketleme . ürün kullanışlı ve güzel yanlız biraz ses çıkarıyor onuda alt kısmın kenarlarına yumusak bir parça eklenerek çözülebilir.,pozitif,"Kp,Qp,Pn",adim17_test,adim17_test,pozitif,,pozitif,negatif,,,,
6027,ürün güzel olmasına rağmen uyguladıktan belli süre sonra kullandığım spigen kılıf dolayısıyla kalkma yaptı.,negatif,"Qp,Pn",adim17_test,adim17_test,,,pozitif,negatif,,,,
6028,kesinlikle beğenmedim zaten üflemeli olduğunu düşünerek aldım. almadan önce ürün açıklamasını okumayı ihmal etmeyin.,negatif,"Qn,Pn",adim17_test,adim17_test,,,negatif,negatif,,,,
6029,markasi fiyati herseyi ideal  işini de iyi yapıyor  teşekkürler hepsiburada,pozitif,"Fp,Qp",adim17_test,adim17_test,,pozitif,pozitif,,,,,
6030,kedilerim için sipariş etmiştim. siparişlerim zamanında geldi. kedilerim severek yediler.artık üç ayda bir sipariş veriyoruz.,pozitif,"Kp,Qp",adim17_test,adim17_test,pozitif,,pozitif,,,,,
6031,nerdeyse havludan buyuk saglam dayanikli arabanin disi icin on numara disi ocin gerek yok dunya para vermeye urunu alinca anliyorsunuz aninda suyu cekiyor alin baska urunlere bakmayin paranizi pahaliyi alip israf etmeyin,pozitif,"Bp,Qp,Pp,Fp",adim17_test,adim17_test,,pozitif,pozitif,pozitif,pozitif,,,
6032,bu parfüm 3 ünlü koku tasarımcısı tarafından 3 yılda 5000 koku denemesi sonunda ortaya çıkmış. şeker gibi kokuyor çünkü kokuda şeker cubugu kullanılmış.meyve notalari çiçek notlarını arkada bırakıyor.yasemin ve zambak kullanılmış. bana göre 25 yaş altı bayanlar kullanabilir,pozitif,Px,adim17_test,adim17_test,,,,nötr,,,,
6033,"fiyatı uygun ancak koku çok ağır baş ağrıtıyor, biraz da 40 yaş sonrası erkekler için uygun, fresh bir koku değil, tavsiye etmiyorum. aldım 1-2 kez kullandım çok ağır geldi, oda parfümü olarak kullanmayı düşünüyorum.",negatif,"Fp,Pn",adim17_test,adim17_test,,pozitif,,negatif,,,,
6034,süper olmasını beklemiyordum tabiki ama bu beklediğimdende kötü.,negatif,Qn,adim17_test,adim17_test,,,negatif,,,,,
6035,önceden evde cikarken sigortalari attirmak zorunda kaliyordum simdi gönül rahatligiyla gün boyu disarda kalabiliyorum ilgilenenlere tavsiye ederim hemde site güvenilir tereddüt etmeden siparis verebilirsiniz.,pozitif,"Qp,Sp",adim17_test,adim17_test,,,pozitif,,,,pozitif,
6036,"ben bir htc kullanıcısı olarak telefonu çok beğenerek aldım. mükemmel bir cihaz herşeyiyle kusursuz , yalnız pil konusunda beklentiyi fazla tutmuşlar. hızlı şarj ile bunu pek sorun etmiyorum...",pozitif,"Qp*,Pp",adim17_test,adim17_test,,,pozitif,pozitif,,,,kalite
6037,"dizüstü bilgisayarımın ses kartı bozulmuştu. sl-u51 modelini aldım. çok cızırtılı bir sesi var. hoporlörden gelen soket azıcık hareket etse, ses gidip geliyor... memnun değilim. başka bir ürün bakıyorum şu anda...",negatif,"Pn,Qn",adim17_test,adim17_test,,,negatif,negatif,,,,
6038,yorumlara göre aldım fakat kesinlikle dayanıklı bir ürün değil çabuk deforme oluyor ve şekli bozuluyor. yada bu yorumlar farklı bir ürüne ait.,negatif,Qn,adim17_test,adim17_test,,,negatif,,,,,
6039,i̇çinde çıkan civatalar televizyonuma uyumlu değildi. dışardan almak durumunda kaldım.,pozitif,Pn,adim17_test,adim17_test,,,,negatif,,,,
6040,paranızı çöpe atmak istemiyorsanız bulaşmayın hiç. diğer markaları denemedim o yüzden sanırım bu teknolojinin alacağı çok yol var şimdilik uzak durun derim,negatif,Qn,adim17_test,adim17_test,,,negatif,,,,,
6041,"gönderirken yanına hediye de eklemişler, ince düşünce nazik satıcı. teşekkür ederim. fiyat piyasaya göre çok uygun ve dermokozmetik içerik.",pozitif,"Sp,Fp",adim17_test,adim17_test,,pozitif,,,,,pozitif,
6042,ıslak mendilde her markayı denedim en iyisi nıvea bebeğimin hassas cildine tahriş etmıyor tavsiye ederim.,pozitif,Qp,adim17_test,adim17_test,,,pozitif,,,,,
6043,"ben kendime ve tanıdıklarıma toplam 8 adet aldım.ürünü mağazalardan görüp inceledim.daha sonra sipariş verdim.özellikle büyük tepsi olanağı harika....çok çabuk pişiriyor,fırını kapattıktan sonra erken soğumadığından pişirmeye devam ediyor ve elektrik tasarrufu sağlıyor.",pozitif,"Pp,Bp",adim17_test,adim17_test,,,,pozitif,pozitif,,,
6044,ayak uçlarında bulunan gri parçalar ayaklarıyla uyumlu değil. bebeğiniz içindeyken mama sandalyesini havaya kaldırdığınızda çıkıyor. farkında olmayıp sandalyeyi elinizden bırakırsanız bebeğiniz düşer. aldığıma bin pişmanım.,negatif,Qn,adim17_test,adim17_test,,,negatif,,,,,
6045,mükemmel pil bu kadar ucuza teşekkürler hb..pil enerjisi ne kadar görebilmek te çabası..,pozitif,"Qp,Fp,Pp",adim17_test,adim17_test,,pozitif,pozitif,pozitif,,,,
6046,"bebekler bi farkına varsın sadece, gerisini söylemeye gerek yok. bantları 3m felan ama bebekler bile çekip çıkarıyor.",negatif,Qn,adim17_test,adim17_test,,,negatif,,,,,
6047,telefon güzel laki̇n bb10 i̇şleti̇m i̇stemi̇ i̇le kiyasladiğinda ben bb10 deri̇m  ben z10 kullanicisydim whatsapp desteği̇ni̇ çekti̇ği̇ i̇çi̇n mecburen androi̇d aldim dedi̇ği̇m tereddütsüz alinabi̇li̇r,pozitif,"Qp,Pn",adim17_test,adim17_test,,,pozitif,negatif,,,,
6048,"ilanınızda farklı iki kitapmış gibi sunuyor ve öyle satıyorsunuz oysakı aynı kıtabın içinde iki öykü , bu şekilde bol bol müşteri kaybedersiniz aynen devam edin....",negatif,Sn,adim17_test,adim17_test,,,,,,,negatif,
6049,i̇ğrenc bir sesi var alınmaz boşa para vermışım,negatif,"Pn,Qn",adim17_test,adim17_test,,,negatif,negatif,,,,
6050,ürünü alalı iki hafta oldu. gayet kalıcı fakat kokusunu hiç beğenmedim. ucuz ürünler bile çok daha iyi intibah bırakıyor etrafınızda.,negatif,Pn*,adim17_test,adim17_test,,,,negatif,,,,performans
6051,usb bellek gayet kullanışlı ancak içindeki şifreleme uygulamasının düzgün çalıştığını söyleyemem kaldı ki o konu önemli değil fiyat / performans açısından çok iyi gayet hızlı,pozitif,"Qp,Pp*,Fp",adim17_test,adim17_test,,pozitif,pozitif,pozitif,,,,performans
6052,"alalı 1 sene oldu. hem kendime hem akrabağlarıma,komşularıma aldım.hiçbir sorun yok.olsada garantisi var.güvenilir bir markayı ,güvenilir bir satıcıdan aldığım için mutluyum.tavsiye derim ve hepsiburadaya teşekkür ederim.iyiki varsın hepsiburada",pozitif,"Qp,Sp",adim17_test,adim17_test,,,pozitif,,,,pozitif,
6053,alırken yorumlara bakarak siparis verdim ve gerçekte çok güzel ilk fircalamada fark edeceksiniz dislerinizin beyazladigini ve temizlendigini disimdeki kahve lekeleri bile çıktı teşekkürler oral-b ve hepsi buradan 'a,pozitif,Qp,adim17_test,adim17_test,,,pozitif,,,,,
6054,boyle urun zor bulunur kargo sıkıntılı ama ıyı yanı,pozitif,"Qp,Kn",adim17_test,adim17_test,negatif,,pozitif,,,,,
6055,ust model arabalar gibi bir gorusme kalitesi sunmuyor ses karsiya gitmiyor hangi frekansa ayarlarsaniz ayarlayin diger radyo frekanslarinda hisirdama yapiyor ben begenmedim ustelik icinden hafiza karti cikmiyor aldigima pismanim hem cakmakligima da tam oturmuyor tam anlamiyla cin mali,negatif,"Pn,Qn,Sn",adim17_test,adim17_test,,,negatif,negatif,,,negatif,
6056,en sevdiğim yanı çok sessiz çalışması buna rağmen çekim gücü çok yüksek torbasız olması da bence çok pratik sürekli torba alma derdi yok biriken tozları çıkartıp boşaltmak yeterli. almayı düşünenler varsa tavsiye ederim.,pozitif,Pp,adim17_test,adim17_test,,,,pozitif,,,,
6057,"ürün iki günde geçti elime 3 kutu birden istemiştim tek paket halinde geldi, tarihleride çok yeni zaten oğlum çok beyenerek yiyor üstelik marketten daha ucuz üstelik evime kadar geliyor teşekkürler",pozitif,"Kp,Qp,Fp",adim17_test,adim17_test,pozitif,pozitif,pozitif,,,,,
6058,ürün beklentilerimi tamamen karşıladı. yazlıkta araçlarımızı yıkamak için tercih ettim. ekipmaları kullanışlı ve kaliteli. basınç seviyesi araç yıkaması için ideal. tavsiye ederim,pozitif,"Qp,Pp",adim17_test,adim17_test,,,pozitif,pozitif,,,,
6059,ilginize çok teşekkür ederim. bundan sonraki aldığım ürünleri hepsi burada com sitesinden almayı düşünüyorum.,pozitif,Sp,adim17_test,adim17_test,,,,,,,pozitif,
6060,okul için alacağım için benim için önemli olan açılıp kapanmasında sorun çıkarmaması. daha önce bir ürün aldım fakat sorunlu çıktığı için terettüddeyim yardımcı olursanız çok sevinirim.,negatif,0,adim17_test,adim17_test,,,,,,,,
6061,"hızlı kargo, uygun fiyat için hepsi buradaya çok teşekkür ederim. gilette ürünler çok kaliteli ve kalitesi farklı ürünlerin cildi tahriş etmesi nedeniyle daha iyi anlaşılıyor.",pozitif,"Kp,Fp,Qp",adim17_test,adim17_test,pozitif,pozitif,pozitif,,,,,
6062,alarm sesi düşük tahminim bebeği rahatsız etmesin diye düşünülmüş ama eşimi de uyandıramıyor.,negatif,Pn,adim17_test,adim17_test,,,,negatif,,,,
6063,urun 7000 mah degil g2 tlf numu 1 kere sarj ediyor baska da etmiyor .,negatif,Qn,adim17_test,adim17_test,,,negatif,,,,,
6064,i̇ndirimli fiyatıyla aldım sesi gayet az harcadığı elektrik ve çekiş gücüyle alınabilir,pozitif,"Fx,Pp",adim17_test,adim17_test,,nötr,,pozitif,,,,
6065,"hepsiburada klasiği, cok güzel bir ürün, bu ürünü alan kisi, diger serilerini de sipariş edesi geliyor...",pozitif,Qp,adim17_test,adim17_test,,,pozitif,,,,,
6066,çekim gücü görünümü cok cok iyi tüm odayı süpürsen banamısın  demiyor  kesinlikle tavsiye ederim fiyatıda cok uygun tşk hepsiburada ailesi,pozitif,"Pp,Gp,Fp",adim17_test,adim17_test,,pozitif,,pozitif,,pozitif,,
6067,urun saglam ama tus kilidine geciyo kullanamiyosunuz tel lg benim ona gore alin,negatif,"Qp,Pn",adim17_test,adim17_test,,,pozitif,negatif,,,,
6068,ben pek beğenmedim açıkçası.hele ki bilgisayar başında vakit geçiren biri olarak daha iyi serinletmesini beklerdim.,negatif,"Qn,Pn",adim17_test,adim17_test,,,negatif,negatif,,,,
6069,kumaş kalitesi ince ve kötü. desensiz kısımları ise daha ince ve kullanışsız.,negatif,"Qn,Bn",adim17_test,adim17_test,,,negatif,,negatif,,,
6070,"hic bir isinizi gormez ! boyle oldugunu bilseydim almazdim, aldigima pismanim. paspasi cirpiyorum",negatif,Qn,adim17_test,adim17_test,,,negatif,,,,,
6071,bundan sonra normal diş fırçasına dönmek istemiyor insan.,pozitif,Qp,adim17_test,adim17_test,,,pozitif,,,,,
6072,telefonum 2600 mah ama yarısı bile zar zor doldu ayrıca çok yavaş doluyor kimseye tavsiye etmem pişman oldum aldığıma,negatif,"Qn,Pn",adim17_test,adim17_test,,,negatif,negatif,,,,
6073,arkadaşlar ürün siparişini verdim ve 2 gün içinde elime geçti bu yüzden hepsiburada.coma teşekkür ederim. ürünün kalitesi tartışılmaz sinek kaydı bir tıraş sunuyor . i̇nternetteki ilk alışverişimdi ama hiç sorun çıkmadı sizde güvenip alabilirsiniz.,pozitif,"Kp,Qp,Sp",adim17_test,adim17_test,pozitif,,pozitif,,,,pozitif,
6074,ürünü aldım 2 hafta giydim. ürünün sağı ve solundaki dalgalı şekillerden yırtılıyor.,negatif,Qn,adim17_test,adim17_test,,,negatif,,,,,
6075,çok güzel bir teefon yanız ön kamera can sıkıcı...,negatif,"Qp,Pn",adim17_test,adim17_test,,,pozitif,negatif,,,,
6076,cok güzel telefon . bu fıyata alınması dahı ınanılmaz,pozitif,"Qp,Fp",adim17_test,adim17_test,,pozitif,pozitif,,,,,
6077,girişi dar aldıktan sonra törpülemek zorunda kalıyorsunuz. tırnak makasıyla 10-15 dk törpüledikten sonra iş görüyor.,negatif,"Bn,Qp*",adim17_test,adim17_test,,,pozitif,,negatif,,,kalite
6078,ama bu urun gercekten guzel cıktı rahatlıkla alabılırsınız saglam bır urun ve hb nın sattıgı her urunde garantılı oldugu ıcın hıc dusunmeden alaıblırsnız,pozitif,"Qp,Sp",adim17_test,adim17_test,,,pozitif,,,,pozitif,
6079,"işime yaradılar, özellikle kırmızı, yeşil, turuncu ve mor renklerini devamlı kullanıyorum..",pozitif,Qp,adim17_test,adim17_test,,,pozitif,,,,,
6080,aracımda çok ince bir çizik var acaba onu yok edermi diye aldım ama çizikten ötürü oluşan ince kazınmayı kapattı. yani o arada elle ellediğiniz zaman hissedilen çizik elle hissedilmiyor ama çizik hala belli oluyor. ama bilemiyorum belkide ben yanlış kullanmışımdır.,negatif,Qn*,adim17_test,adim17_test,,,negatif,,,,,kalite
6081,ya bi ben mi memnun değilim. yorumlar mı kurmaca. spreyler kadar etkili değil bence.,negatif,Qn,adim17_test,adim17_test,,,negatif,,,,,
6082,i̇lk defa ıphone aldım 7plus 128 ıphonsuz gecen zamanıma acıdım ımkanı olan herkes alsın,pozitif,Qp,adim17_test,adim17_test,,,pozitif,,,,,
6083,çok kaliteli ve iş görür bir alet. kesinlikle araçta bulunmalı bence. hiç bir zaman yolda kalmaktan korkmayın. fiyat normal. teşekkürler hb.,pozitif,"Qp,Fx",adim17_test,adim17_test,,nötr,pozitif,,,,,
6084,beklediğimden daha kaliteli çıktı. bu fiyata çok iyi. teşekkürler.,pozitif,"Qp,Fp",adim17_test,adim17_test,,pozitif,pozitif,,,,,
6085,4 tane ayak ile uğraşmak deli ediyor. sonuçta iki elim var. onun yerine yanlara iki tane destek yapsalarmış daha iyi olurdu.,negatif,Pn,adim17_test,adim17_test,,,,negatif,,,,
6086,yazma ve okuma hızları beklediğim performansın çok altında çıktı.  bilgisayarın sistemine göre değerler çok değişiklik gösterebilmektedir,negatif,Pn,adim17_test,adim17_test,,,,negatif,,,,
6087,hiçbizaman dişlerimin temizliğinden emin olamıyodum. bu ürün ilaç gibi geldi,pozitif,Qp,adim17_test,adim17_test,,,pozitif,,,,,
6088,bence herkesin masaja ihtiyacı var güzel bir ürün herkese tavsiye ederim,negatif,Qp,adim17_test,adim17_test,,,pozitif,,,,,
6089,hızlı şarj özelliği yok ama kullanışlı fazla bişey beklemeyin,negatif,"Pn,Qp",adim17_test,adim17_test,,,pozitif,negatif,,,,
6090,"okunmasa da olur yani, ama okuyun.zaman geçmiş olur, fiyatı da uygun..daha ne olsun",negatif,"Qp*,Fp",adim17_test,adim17_test,,pozitif,pozitif,,,,,kalite
6091,"ekran küçük,ram yetersiz,cozunurluk az,artırılabilir hafıza yok. i̇yi ozellikleri her telefonda var zaten. sırf marka için bu cihaza1000 lira fazla ödendiğini düşünüyorum.",negatif,"Pn,Fn",adim17_test,adim17_test,,negatif,,negatif,,,,
6092,alacaksanız mutlaka lityum pil olanından alın. fiyatları 350 tl'den başlıyor ama uzun ömürlü.,negatif,0,adim17_test,adim17_test,,,,,,,,
6093,urun hafif nemli bir sekilde kullanilmali.iz bırakmıyor ve mükemmel temizliyor.,pozitif,Qp,adim17_test,adim17_test,,,pozitif,,,,,
6094,ben de 5 numara bez aldım fakat bezler ciddi derecede sızdırıyor ve eski bezlerle karşılaştırıldığında kalitesiz,negatif,Qn,adim17_test,adim17_test,,,negatif,,,,,
6095,öğrenciler için aldım fakat deltanın topları çok sert ve yamuk. biraz daha yumuşak olsaydı iyi olurdu.,negatif,Qn,adim17_test,adim17_test,,,negatif,,,,,
6096,"bu ürünü alalı neredeyse 1 yıl oldu .hiçbir sıkıntım yok ,bana çok gürültülü gelmiyor ama temizliği çok başarılı .kesinlikle tavsiye ederim",pozitif,"Qp,Pp",adim17_test,adim17_test,,,pozitif,pozitif,,,,
6097,ya super yeryuzundeki en mükemmel cihaz satin elinizdeki telefonlari hemen alin,negatif,Qp,adim17_test,adim17_test,,,pozitif,,,,,
6098,boyutları çok küçük ve kurulum zor . kurduktan sonra bu muydu dedirtiyor,negatif,"Bn,Pn,Qn",adim17_test,adim17_test,,,negatif,negatif,negatif,,,
6099,"aynen fotoğrafta görüldüğü şekilde bir ürün, sadece mıknatıs yapışık görünüyor fotoğrafta ürün suntalem lake karışımı ahşap bir malzeme, mıknatıs kafanızı karıştırmasın. sevkiyatta süper hızlı geldi. teşekkürler",negatif,"Gp,Kp",adim17_test,adim17_test,pozitif,,,,,pozitif,,
6100,"çok faydalı, içeriği güzel, çocuğu yormadan eğlenceli bir şekilde öğretiyor. biraz önce aynısından arkadaşımız için de sipariş verdim. fiyatı da uygun. okula başlayacak çocukları olan anne ve babalara kesinlikle tavsiye ederim...",pozitif,"Qp,Fp",adim17_test,adim17_test,,pozitif,pozitif,,,,,
6101,yaklaşık 3 aydır kullanıyorum çok kullanışlı ve hızlı bütün mini mouse larda olduğu gibi uzun kullanımlarda eli yoruyor. fakat performans olarak tavsiye ederim.,pozitif,"Qp,Pp*",adim17_test,adim17_test,,,pozitif,pozitif,,,,performans
6102,bu fiyata bu ürün ancak bu kadar güzel olabilir. özelikleri açısından çok iyi,pozitif,"Fp,Pp",adim17_test,adim17_test,,pozitif,,pozitif,,,,
6103,"bos bi kitap okuyucuya bi sey katmaz yani okumazsaniz hic bi sey kaybetmezsiniz, kitap bitince neden okudum ki bunu diyorsunuz.",negatif,Qn,adim17_test,adim17_test,,,negatif,,,,,
6104,ürünün açıklama kitapçığında bir kaç şarjdan sonra performansının daha da yükseleceğini yazmışlar. i̇lk şarjda güzel performans gösterdi herhangi kıl çekme gibi şey olmadı adeta yüzünüzde kayıyor. bakalım bundan sonra ne kadar yüksek performans gösterecek :),pozitif,"Qp,Pp",adim17_test,adim17_test,,,pozitif,pozitif,,,,
6105,philips aventin bazı ürünlerini kullandım ve bebeğim hiç reddetmedi su içmeyen oglum su içiyor güle oynaya.ürünlerin detaylı gösterimi acıklayıcı anlatımı için hepsiburada üzerinden araştırdım ve almaya karar verdim 2 günde de elime ulaştı.tesekkürler hepsiburada.,pozitif,"Qp,Sp,Kp",adim17_test,adim17_test,pozitif,,pozitif,,,,pozitif,
6106,bazı kanallarda epg çıktı bazılarında çıkmadı. wifi takınca hepsinde çıkacak mı merak ediyorum.,pozitif,Px,adim17_test,adim17_test,,,,nötr,,,,
6107,bir cok çeyiz ürünümü burdan alıyorum bu yemek takımından da aldım cok güzel paketlenmiş bir şekilde bugun elime geçti aldığım herşeyden cok memnunum tşk ederim titiz çalışmanız için hepsiburada??,pozitif,"Kp,Qp",adim17_test,adim17_test,pozitif,,pozitif,,,,,
6108,2 poşet ilk kullanımda boşa çıktı.bence kaliteli ürün tercih edin,negatif,Qn,adim17_test,adim17_test,,,negatif,,,,,
6109,roller lamy uç kullanıyorum mürekkep akıtması çok kötü yazarken akıcı değil çok başarısız bir kalem,negatif,Qn,adim17_test,adim17_test,,,negatif,,,,,
6110,satın aldığımız yeni paketli ürünlerden hiç memnun değiliz. her akşam sızdırıyor.,negatif,Qn,adim17_test,adim17_test,,,negatif,,,,,
6111,hızlı teslimat. kaliteli ve bire bir ürün için teşekkür ederim,pozitif,"Kp,Qp",adim17_test,adim17_test,pozitif,,pozitif,,,,,
6112,"çekinerek aldım, fakat orijinalinden hiçbir farkı olmayan bir çantayla karşılaştım. hani derler ya taş gibi diye, işte aynı öyle bir çanta. teşekkürler...",pozitif,Qp,adim17_test,adim17_test,,,pozitif,,,,,
6113,çok kaliteli değil. parasına göre belki iyi olabilir. benim ihtiyaçlarımı karşılayamayacağı için geri yolluyorum.,negatif,"Qn,Fp",adim17_test,adim17_test,,pozitif,negatif,,,,,
6114,ürünün resminde kalemlik turuncu notluk yeşil olarak gözüküyor.sipariş verdiğimizde de aynı bu renklerde mi gelecek?yoksa farklı bir renkte mi gelecek?,negatif,0,adim17_test,adim17_test,,,,,,,,
6115,di̇kkat arkadaşlar telefon güzel ancak bazı tuhaflıklar var mesela yazılımı tuhaf geliyor; sürümü orjinal türkçe değil bazı menüler ingilizce kalmış miui8 orjinal yüklenemiyor almak istiyorsanız bu sorunun düzeltilmesini bekleyin,negatif,"Qp,Pn",adim17_test,adim17_test,,,pozitif,negatif,,,,
6116,"ürün gayet güzel fiyatta güzel kargo da 1 günde geldi fakat telefon başta hoparlörden çıkan sesleri çok fazla cızırtılı, bozuk çıkarıyordu format attık düzeldi inşallah donanımsal bi sıkıntısı yoktur",pozitif,"Qp,Fp,Kp,Pn",adim17_test,adim17_test,pozitif,pozitif,pozitif,negatif,,,,
6117,ten rengim beyaz kışlarım siyah olduğu için büyük beklenti ile aldım ancak cihaz tamamen hayal kırıklığı... bu yorumu yapmak için 2 hafta aralıkla 5 kez kullandım ancak sonuç hiç beklediğim gibi değil...,negatif,Qn,adim17_test,adim17_test,,,negatif,,,,,
6118,mükemmel derecesi̇nde güzel kullanişli bi̇r kulaklik mutlaka her i̇nsanda olmasi gereken radyasyondan uzak ve de kullanişli olmasi açisindan mükemmel bi̇r kulaklik,pozitif,Qp,adim17_test,adim17_test,,,pozitif,,,,,
6119,ürün elime 2 günde ulaştı. ve çok kaliteli ve konforlu duruyor. daha deneme fırsatım olmadı. yanağın yumuşak olmasından dolayı inş kasislerde balonlama yapmaz,pozitif,"Kx,Qp",adim17_test,adim17_test,nötr,,pozitif,,,,,
6120,pek akıcı değil. ilk iki kitap gibi okuması zevkli olmadı.,negatif,Qn,adim17_test,adim17_test,,,negatif,,,,,
6121,ürün kısa sürede elime geçti ve 3 kattan evimin her köşesine dağıtımı rahatlıkla yaptım sıkıntısız kullanıyorum.tavsiye ederim,pozitif,"Kp,Qp",adim17_test,adim17_test,pozitif,,pozitif,,,,,
6122,"ansızın bozulan çamaşır makinamı yenisi ile değiştirmek zorundaydım ve çareyi yine hepsiburada.com da buldum. uygun fiyat,kısa sürede kargo,ücretsiz kurulum ve en önemlisi makina aramak için avmlerde vakit kaybetmemek. harika bir ürün bir çamaşır makinasından alacağınız bütün beklentileri karşılıyor emin olun...teşekkürler...",pozitif,"Fp,Kp,Sp,Qp",adim17_test,adim17_test,pozitif,pozitif,pozitif,,,,pozitif,
6123,muadili ürünlerle kıyaslandığında fiyatı baya uygun. ancak kalitesi ve ergonomisi iyi değil. çoğu yorumda yazıldığı gibi özellikle uzun süre oturunca demirleri insanı rahatsız ediyor. taşıma kılıfı deseniz ilk kullanımda sökülüp açılmaya başladı. almaya niyetlenen bunları da göz önünde bulundursun.,negatif,"Fp,Qn,Pn",adim17_test,adim17_test,,pozitif,negatif,negatif,,,,
6124,"hem boyunluk hem bere olarak kullanılabiliyor.her iki kullanımdada gayet başarılı. tasarım ve kalitesi çok iyi. ayarlanabilen ipi ile çok şık duruyor,rüzgarı hissettirmiyor,isteğe göre kulaklar ve daha fazlası tamamen kapatılabilecek şekilde kullanılabilir.",pozitif,"Qp,Gp,Pp",adim17_test,adim17_test,,,pozitif,pozitif,,pozitif,,
6125,"ürünü sevdim , aktif olarak da kullanıyorum. şarjı da mükemmel. tek eksiği anlık değil de her yenilediğinde uygulama bileklikten veriyi çekiyor. nabız bilgisi de yok.",pozitif,"Qp,Pn",adim17_test,adim17_test,,,pozitif,negatif,,,,
6126,"ama gene de bulaşık makinesi olsun taştan olsun, büyük nimet.",negatif,Qp,adim17_test,adim17_test,,,pozitif,,,,,
6127,ürünü 3 gündür kullanıyorum ergonomik yapı çok iyi ama omuz askısı bana iyi değil bidi geldi ama aldığıma pişman değilim yağmur dada kullandım su geçirmiyor tavsiye ederim.,pozitif,"Pp*,Qp",adim17_test,adim17_test,,,pozitif,pozitif,,,,performans
6128,"cihazı şubat 24de cuma günü saat 18:00 de hepsiburada.com'dan sipariş verdim, hızlı kargo olarak 1 gün sonra saat 16:00da teslim aldım. 4 günlük yaptığım incelememde alacak olanlar için paylaşıyorum.",pozitif,Kp,adim17_test,adim17_test,pozitif,,,,,,,
6129,şok ses cikartmasina ramen  kullanişli pi̇rati̇k  boyama şekli̇  elle boyamadan daha kolay sade kenar köşelerle maki̇nayla olmuyo kenarlar köşeler elle fircayla yapilcak,negatif,"Qp,Pp*",adim17_test,adim17_test,,,pozitif,pozitif,,,,performans
6130,ürün güzel şık.siemens ve bosch ikisi kopya ama hangisi bir birinden çalmış onu bilmiyorum :),pozitif,"Qp,Gp",adim17_test,adim17_test,,,pozitif,,,pozitif,,
6131,demlik kapağı var ama çaydanlık  kapağı yok - demlik kısmı biraz küçük - saplar kaliteli değil.,negatif,"Pn,Bn,Qn",adim17_test,adim17_test,,,negatif,negatif,negatif,,,
6132,"ürünü yorumlara bakarak aldık. i̇yi ki de almışız. perşembe akşamı sipariş verdim, bugün kargo teslim etti ve kargonun tesliminden 2 saat sonra servis geldi kurulumu gerçekleştirdi.",pozitif,"Qp,Kp,Sp",adim17_test,adim17_test,pozitif,,pozitif,,,,pozitif,
6133,eşim gayet kullanışlı olduğunu düşünüyor.diğer markalara göre de daha uygun.günlük kullanılacak bir ürün olduğundan stok yapmak daha akıllıca.düşünenlere tavsiye ediyoruz,pozitif,"Qp,Fp",adim17_test,adim17_test,,pozitif,pozitif,,,,,
6134,"yorumlara kanarak simsiz ve doğal bir görünümü olduğunu düşünmüştüm fakat hiç de öyle olmadı.  bildiğimiz wet n wild ın 4 lü kapatıcı paletindeki highlighterın sıvı halini düşünün. ama fiyatı uygun, abiyeli makyajlarda falan kullanılabilir",negatif,"Pn,Fp",adim17_test,adim17_test,,pozitif,,negatif,,,,
6135,"elime geçer geçmez çalıştırmak istedim ama çalışmadı, geri verdim",negatif,Qn,adim17_test,adim17_test,,,negatif,,,,,
6136,kız arkadaşıma almıştım ama ilk kullanımında fazla ağırlık olmamasına rağmen ayaklarından birisi kirildi ve kiz arkadaşım koca valizi sürüklemek zorunda kaldı.hal böyle olunca plastik kısım surunmekten eridi.umarim garanti kapsamindan onarilir.,negatif,Qn,adim17_test,adim17_test,,,negatif,,,,,
6137,çift yandan raflı bez dolap çok memnun kaldım tşk.,pozitif,Qp,adim17_test,adim17_test,,,pozitif,,,,,
6138,babalar günü %20 indirimi ile baya hesapli aldim. daha onceki makinamda braun du fakat bunla 3 dk süren tras diğer makinamla 7 -8 dk sürüyordu bu ürün gercekten cok iyi düşünenler acaba diyenler parasina kıyanlar almali bence iyi günler...,pozitif,"Fp,Pp,Qp",adim17_test,adim17_test,,pozitif,pozitif,pozitif,,,,
6139,"i̇stediğim gibi kalın, şık ve sağlam. fiyatda uygun. teşekkürler",pozitif,"Bp,Gp,Qp,Fp",adim17_test,adim17_test,,pozitif,pozitif,,pozitif,pozitif,,
6140,"bu ücrete göre beklenti̇mi̇n üstünde bi̇r ürün. ürün ertesi̇, gün eli̇me sorunsuz olarak ulaşti. çocuklar i̇çi̇n faydali ve güzel bi̇r hedi̇ye oldu. tavsi̇ye ederi̇m. teşekkürler.",pozitif,"Fp,Kp,Qp",adim17_test,adim17_test,pozitif,pozitif,pozitif,,,,,
6141,i̇nsan ömrü 70 yıl dersek 7 veya 8 tane bu saatle ömrünü tamamlayabilir:) kesinlikle su geçirmiyor. gerçekten kaliteli ve ucuz bir saat. kesinlikle tavsiye ederim.,pozitif,"Qp,Pp,Fp",adim17_test,adim17_test,,pozitif,pozitif,pozitif,,,,
6142,hp ve hb bir numara herkese tavsiye ederim..,negatif,"Qp,Sp",adim17_test,adim17_test,,,pozitif,,,,pozitif,
6143,ürünü almayı düşündüm ama kargo bedava yazmasına rağmen sipariş sırasında ücret istiyor neden?o yüzden soğudum ve nasıl olcak bilmiyorum alamadım,negatif,Kn,adim17_test,adim17_test,negatif,,,,,,,
6144,deterjanı doğru oranda koyamıyor muyum bilmiyorum ama bazen çamaşırlar çok iyi çıkıyor bazen çok kötü belki makimemde var problem..ama çok fazla koyduğumda sonuç mükemmel..,negatif,Qp*,adim17_test,adim17_test,,,pozitif,,,,,kalite
6145,çanta kapağındaki fileli bölmeye sadece temizlik bezi ve sd kartlar yerleştirilebilir. file esneme yapmıyor oldukça dar bir bölme.,negatif,Bn,adim17_test,adim17_test,,,,,negatif,,,
6146,çok rahat okunan ve çok değerli bir yapıt,pozitif,Qp,adim17_test,adim17_test,,,pozitif,,,,,
6147,beğenerek yorum yapanlar neresi̇ni̇ beğendi̇ bu kadar bi̇lmi̇yorum.,negatif,Qn,adim17_test,adim17_test,,,negatif,,,,,
6148,aynı gün kargo geldi. ürün muhteşem foto çekiyor. bu fiyata başkasını tanımam garanti belgesi ve mühürlü kutusuyla geldi son derece güvenli,pozitif,"Kp,Pp,Fp,Sp",adim17_test,adim17_test,pozitif,pozitif,,pozitif,,,pozitif,
6149,"kesinlikle son derece etkili bir parfüm. biraz hafif ama yine de kullandığınızda ""parfümünün adı ne?"" sorusuna sık sık maruz kalıyorsunuz. tavsiye edilir.",pozitif,Pp*,adim17_test,adim17_test,,,,pozitif,,,,performans
6150,aldım denedım sonuc alamadım arkadaslar kalıcı ve ınatcı lekeler ıcın ıdeal degıl ozellıkle bej dosemelerde leke falan cıkarmıyor ıcecek turu bısey dokulmus ıse ısnızı gorur,negatif,Qn*,adim17_test,adim17_test,,,negatif,,,,,kalite
6151,şuan için sorunsuz ve güzel bi telefon. tablet rahatlığı veriyor. tavsiye edilir. orijinal kapağı ile enfes oluyor,pozitif,Qp,adim17_test,adim17_test,,,pozitif,,,,,
6152,kaliteli ama biraz sert ileride yumuşama yapabilir ama aynen resimdeki gibi güzel ve kullanışlı el bilek kaslarını geliştirmek için almıştım .,pozitif,"Qp,Gp",adim17_test,adim17_test,,,pozitif,,,pozitif,,
6153,"ürün fazla işe yaramıyor, sakalları çok zor kesiyor,  çok ufak rutuşlar için kullanabilirsiniz. daha iyi birşey almakta fayda var.",negatif,Qn,adim17_test,adim17_test,,,negatif,,,,,
6154,ürünü alalı 2 hafta oldu jiletle traş omuş gibi traş yapıyor ama boyun bölgesini almada zorlanıyorsunuz fazla zorlarsanız kızarıklık yapıyor ama cok pahalı makinalardada aynı sorun var boşuna fazla fara vermeğe gerek yok,negatif,"Qp*,Fp",adim17_test,adim17_test,,pozitif,pozitif,,,,,kalite
6155,ürün genel anlamda güzel kullanişli bi̇r ürün. tabi̇ki̇ profesyonel olarak düşünüldüğünde profesyonelli̇k beklenti̇leri̇ni̇n altinda kalir ama normal bi̇r kullanici i̇çi̇n yeterli̇ bence kullanişli güzel yumuşacik bi̇r ürün kesi̇nli̇kle tavsi̇ye edi̇li̇r,pozitif,Qp,adim17_test,adim17_test,,,pozitif,,,,,
6156,ürün malzeme olarak kaliteli ama sesli çalışması soğutuyo insanı,negatif,"Qp,Pn",adim17_test,adim17_test,,,pozitif,negatif,,,,
6157,evdeki ocağım indiksiyon ocak. tavanın tabanı tam ocağı öpmediğinden arada hava boşluğu olduğundan ısıtmadı. iki parça birbirinden kolay ayrılmadı. bende çöpe attım. bu markaya yakışmamış. hepsi buradadan özür dilerim. onun bir suçu yok. hepsi buradaya teşekkürler,negatif,"Qn,Pn",adim17_test,adim17_test,,,negatif,negatif,,,,
6158,ürünün kapağının üstü elimi değdirdiğimde yanlarına göre daha soğuk. üst kapağın izolasyonunu çok iyi becerememişler.,negatif,Pn,adim17_test,adim17_test,,,,negatif,,,,
6159,aldığıma pişman oldum.bi defa netlik diye birşey yok.aşırı sesli çalışıyor ve aşırı ısınıyor.bulanık bulanık görüntüsü var.böyle bi cihazı hepsi burada nasıl alıp satıyor anlamış değilim.pişman oldum bin bir kere . . .,negatif,"Qn,Pn",adim17_test,adim17_test,,,negatif,negatif,,,,
6160,siparişi verdikten 1 gün sonra ürün bana ulaştı. 1tl lik köpük makinelerini kullanıyordum ve 1 kez de oto yıkamacıya gittim.,pozitif,Kp,adim17_test,adim17_test,pozitif,,,,,,,
6161,görüntü ve kumaşı iyi ancak süngeri cok da kaliteli değil cok çabuk çökme yapacağa benziyor. oturup kalktığınız zaman kalktığınız yer belli oluyor. birazcık aradığımızı bulamadık.  ama hızlı gönderi için hb ya teşekkürler.,negatif,"Gp,Qn*,Kp",adim17_test,adim17_test,pozitif,,negatif,,,pozitif,,kalite
6162,fiyatına göre iyi gibi görünsede makinede bazı kullanışsızlıklar var.,negatif,"Fp,Qn",adim17_test,adim17_test,,pozitif,negatif,,,,,
6163,malesef ürün oyuncak gibi. misafire bu sehpalarla bir şey sunulması mümkün değil. hem tüm vida yerleri sırıtıyor hem de çok engin.,negatif,"Qn,Gn,Bn",adim17_test,adim17_test,,,negatif,,negatif,negatif,,
6164,"ürün çok iyi, fakat hediyesi kargodan çıkmıyor.2 defa başıma geldi.hediyesizde ürün satılır. ürünle ilgili değil ama hediyesinin verilmemesi ile ilgili yorumum çok kötü, ürün mükemmel.",negatif,"Qp,Sn",adim17_test,adim17_test,,,pozitif,,,,negatif,
6165,"1000w gücünde, turbo modu olan ekstra olarak rende ve dilim aparatına sahip. temizlenmeside kolay,hazneside büyük.",pozitif,"Pp,Bp",adim17_test,adim17_test,,,,pozitif,pozitif,,,
6166,başlarda güzel sorunsuz çalışıyordu lakin 5 ay içinde bozuldu. gerçi sonuçta elektronik bi ürün şansına güvenen alsın.,negatif,Qn,adim17_test,adim17_test,,,negatif,,,,,
6167,ne yazık ki çöpe gitti. yaş mamayla karıştırıp veriyorum genede yemiyor.. aradan yaş mamaları seçmeye çalışıyor.,negatif,Qn,adim17_test,adim17_test,,,negatif,,,,,
6168,"pil tam oturmuyor, bağlantı sorunu var. kurcalayıp düzeltmek gerekiyor.",negatif,Qn,adim17_test,adim17_test,,,negatif,,,,,
6169,"bence ürün pratik (sıvı gıda) kullanımlar için uygun, yalnız daha kalın pamuk yüzeyli önlük bekliyordum.",negatif,"Qp,Bn",adim17_test,adim17_test,,,pozitif,,negatif,,,
6170,ürünü kullandım ama 1 hafta geçmeden sanki jilete vermiş gibi çıktı bazı kıllarım ters döndü sivilce gibi kabarıklar oldu kısaca bana hiç yaramadı yine de  siz bilirsiniz ama ben hiç tavsiye etmiyorum,negatif,Qn,adim17_test,adim17_test,,,negatif,,,,,
6171,"çekiş gücü çok güzel, nevar ne yok çekiyor. bel aldım komşum gördü hemen oda istedi onada aldım. kargo parası biraz fazla, ama bu süpürgeye deger.",pozitif,"Pp,Kn,Qp",adim17_test,adim17_test,negatif,,pozitif,pozitif,,,,
6172,umduğumdan daha çabuk elime ulaştı. teşekkürler hepsiburada.com a,pozitif,Kp,adim17_test,adim17_test,pozitif,,,,,,,
6173,i̇şinizi fazlasıyla görebilecek bir ürün.  fiyatına göre oldukça iyi.,pozitif,"Qp,Fp",adim17_test,adim17_test,,pozitif,pozitif,,,,,
6174,"çok iyi , kamera ve arayüz daha iyi olabilirdi. lg  g4'ten geçince kamerada hayal kırıklığına uğradım.",pozitif,"Qp,Pn",adim17_test,adim17_test,,,pozitif,negatif,,,,
6175,"arabayı tamponla beraber sarıyor fakat aynalar için ayrı bi cebi yok, aracı örterken aynaları kapatmak faydalı olur. gayet hafif, su geçirmeyen bi yapısı var. bu fiyata kesinlikle tavsiye ederim.",pozitif,"Pp*,Bp,Fp",adim17_test,adim17_test,,pozitif,,pozitif,pozitif,,,performans
6176,banyo dolabı için fazla para harcamadan dağınıklık için bir çözüm arıyorsanız ve beklentiniz de fazla değilse tavsiye ederim,negatif,"Fp,Qp",adim17_test,adim17_test,,pozitif,pozitif,,,,,
6177,daha öncede vinly kaplı agırlık kullandım.bunları da 9kg geçmek için 4 adet almıştım. fakat çalışırken tıkır tıkır kum tanelerinin sesi geliyor gerçekten sinir bozucu. bunun başınıza gelebileceğini düşünerek alın.,negatif,Pn,adim17_test,adim17_test,,,,negatif,,,,
6178,ürün demonte geldi fakat kurulum şemasi anlaşilir değil..en azindan numaralandirilmis olarak parcalar gelse daha bir anlamli olur ayaklarin nereye takilacagi belli degil..urunun bazi parcalarinin kenarlarinda deformasyon var..alirken biraz daha arastirin derim..,negatif,"Pn,Qn",adim17_test,adim17_test,,,negatif,negatif,,,,
6179,i̇ş yerim için 10 ad aldım. parasına göre bir dolap. ücretsiz kargo olmasıda çok güzel.yaptırmaya kalksanız bu paraya inanın alamazsanız.,negatif,"Fp,Kp",adim17_test,adim17_test,pozitif,pozitif,,,,,,
6180,ürün gayet güzel ve sağlam.tek kusuru sesli çalışması.aynı zamanda susesi var.şıp şıp ötüyor bu cihaz.yatak odasında kullanıcaklara önermem,negatif,"Qp,Pn",adim17_test,adim17_test,,,pozitif,negatif,,,,
6181,ariel sıvı çamaşır deterjanı hepsiburada.com sayesinde tanıştığım bir ürün.çok memnun kaldık kampanyaları da iyi daha 4lü eksre ferahı da ucuza geliyor ne olsun.teşekkürler,pozitif,"Qp,Fp",adim17_test,adim17_test,,pozitif,pozitif,,,,,
6182,"ürün faydalı fakat güneşliğe takılan klips şeffaf değil siyah ,cam tutucuları zayıf  kullanımda düşüyor (ürün resminde klips seffaf gözüküyor)",negatif,"Qn*,Gn",adim17_test,adim17_test,,,negatif,,,negatif,,kalite
6183,i̇çinde kağıt yok iken  kötü duruyor. kağıt varken güzel.,negatif,Gp*,adim17_test,adim17_test,,,,,,pozitif,,gorunum
6184,daha önce kullanmadığım bir parfümdü. açıkcası yorumlara bakarak aldım.baya iyi.bu yaz günlerinde hafif kokulardan hoşlananlara tavsiye ederim. her zamanki gibi hepsiburada kalitesi kendini gösterdi.ürün kısa bir sürede elime ulaştı.,pozitif,"Qp,Pp,Kp",adim17_test,adim17_test,pozitif,,pozitif,pozitif,,,,
6185,"ben dışarıda da araştırdım bu ürünü, aklımda zaten bunu alacağım belliydi. fiyatı da düşünce hiç kaçırmak istemedim.. üründen çok memnun kaldım.. fiyatında biraz artış olmuş ama gene de piyasa fiyatının altında...",pozitif,"Fp,Qp",adim17_test,adim17_test,,pozitif,pozitif,,,,,
6186,dün geldi tarihi ayarladım ama bugün tarih aynı duruyor saat şekli duruşu güzel ideal yani. şimdi tekrar yaptım bakalım nolacak,negatif,"Pn,Gp",adim17_test,adim17_test,,,,negatif,,pozitif,,
6187,"özellikle hol, koridor veya mutfak için çok uygun. hızlı ve sorunsuz teslimat yapıldı. oldukça şık bir ürün.",pozitif,"Kp,Gp",adim17_test,adim17_test,pozitif,,,,,pozitif,,
6188,ürün kısa sürede elime ulaştı. bu fiyata alabileceğiniz iyi bir eldiven.  beden konusu kafama takılmıştı ama medium gayet iyi geldi.,negatif,"Kp,Fp,Bp",adim17_test,adim17_test,pozitif,pozitif,,,pozitif,,,
6189,bu fiyata en iyisi kasma yok donma yok kamera harika tek sıkıntısı batarya pil 1 günü anca çıkartıyor.,pozitif,"Fp,Pp,Qn",adim17_test,adim17_test,,pozitif,negatif,pozitif,,,,
6190,hepsi burada her zaman olduğu gibi çok kısa sürede  ürünü elime ulaştırdı teşekürler.ürün orjinal kapalı ambalajında geldi fakat kalıcı bir koku değil yada bende öyle,negatif,"Kp,Pn",adim17_test,adim17_test,pozitif,,,negatif,,,,
6191,"ürünün yapısı ve şekli çok kalitesiz duruyor. üst kapağını bir türlü kapayamadım. i̇şçilik ve malzeme çok kötü. kullanamadan iadesini istedim. ev için uygun değil öğrenci, ofis vs. fiyat performanstan tercih edebilir. ben ürünü beğenmedim.",negatif,"Qn,Fp",adim17_test,adim17_test,,pozitif,negatif,,,,,
6192,"600 ml olması çok uzun süre kullanım sağlayacağı için bu ürünü tercih ettim, uzun süre işime yarayacak gibi görünüyor. fiyatına göre oldukça uygun bir ürün",pozitif,"Bp,Qp,Fp",adim17_test,adim17_test,,pozitif,pozitif,,pozitif,,,
6193,"öğrenci olarak ilk seferde donmuş pizzalardan denedim ve düşük ısıda biraz bekleyince güzel oldu. i̇lk attığım pizzada fazla sıcak yapmışım, yandılar.",pozitif,Qp,adim17_test,adim17_test,,,pozitif,,,,,
6194,"* son kullanım tarihi 27/12/2017, geldiği tarih 15/08/2016.",pozitif,0,adim17_test,adim17_test,,,,,,,,
6195,bu parfümede kalıcı değil yazmışlar ya artık yorumlara bakmam bi yerde dener öyle burdan alırım.,pozitif,Pp,adim17_test,adim17_test,,,,pozitif,,,,
6196,sakal kısmı güzel alıyor. ama tüy alma kısmını hiç beğenmedim hiç de güzel almıyor. hatta bu yüzden iade etmeyi de düşündüm.,negatif,Pn*,adim17_test,adim17_test,,,,negatif,,,,performans
6197,telefon küçük ve şık. ekran dokunmatiği iyi düzeyde. bence özellikleri de iyi başka şeyleri kullanmıyorum zaten. bu fiyatlarda kaliteli bir telefon.,pozitif,"Bp,Gp,Pp,Fp,Qp",adim17_test,adim17_test,,pozitif,pozitif,pozitif,pozitif,pozitif,,
6198,"jet hızıyla gelen kargo ve yarım saat 40 dk gibi sürede fullenen şarj daha n'olsun,asla tereddüt etmeden alabılırsınız...",pozitif,"Kp,Pp",adim17_test,adim17_test,pozitif,,,pozitif,,,,
6199,ben etkisini gördüm sporda biraz daha fazla terleme oldu birde spor sonrası ağrılarım ve yorgunluğum gitti bence fiyatına göre gayet iyi bir ürün,pozitif,"Qp,Fp",adim17_test,adim17_test,,pozitif,pozitif,,,,,
7000,"ürünü yorumlara bakarak aldım fakat hiç beklediğim gibi çıkmadı, az önce kullandım, okadar uğraştım lekeleri çıkardığı falan yok, çöpe attım paranızı boşa harcayıp almayın en iyisi bi diş hekimine gidip dişlerinizi beyazlattırın ben öyle yapıcam",negatif,"Qn,Fn",adim18_calib,adim18_calib,,negatif,negatif,,,,,
7001,çok pahalı ürünler almaya gerek yok. bu ürün gerçekten kaliteli ve rahat. uyumanın tadını bu ürünle aldım. tavsiyem yazın alez kullanmanız. 4 ay önce buradan aldım. tavsiye ederim.,pozitif,"Qp,Pp",adim18_calib,adim18_calib,,,pozitif,pozitif,,,,
7002,uzun süredir takip ettiğim bir cihazdı.ben lg g4 kullanmama rağmen arkadaşıma lg g3 32 gb aldım.nerdeyse aynı özellikler olmasına ragmen fiyatı yarısı kadar...kullanan arkadaşım çokda memnun.kargo çok hızlı.hepsi burada cok iyi bir satıcı..alacak olanlara kesinlikle tavsiye ederim.,pozitif,"Fp,Qp,Kp,Sp",adim18_calib,adim18_calib,pozitif,pozitif,pozitif,,,,pozitif,
7003,bazi arkadaşlar kokuyordu balkonda bekletti̇k halen kokuyordu demi̇ş ben i̇ki̇ tane aldim ama hi̇ç koku almadim,negatif,Pp,adim18_calib,adim18_calib,,,,pozitif,,,,
7004,"aracımın motorunu yıkattığımda, yıkamacının kullandığı kimyasal tam temizlik vermedi. bu ürünü alıp kullandım.  direk yıkamadan sıkıp sadece silmek yetiyor. on numara bir yağ sökücü. kesinlikle alın. hatta sonax ürünlerin hiç birinden korkmayın.",pozitif,"Qp,Pp",adim18_calib,adim18_calib,,,pozitif,pozitif,,,,
7005,telefon ithalatçı garantili olduğundan çince açılıyor ve aparatlar çin'e göre ayarlı. aparat dönüştürücü ve türkçeye geçerken biraz destek lazım.,negatif,Pn,adim18_calib,adim18_calib,,,,negatif,,,,
7006,fiyattan anlaşılacağı üzere vasat kalitede bir kamera. çok şey beklemeyin. ses özellikle çok çok kötü.,negatif,"Qn,Pn",adim18_calib,adim18_calib,,,negatif,negatif,,,,
7007,"fayansınız düz ise vakum başarılı, bizim fayansımızda hafif tırtık olduğundan vakum tutmadı ancak vialama aparatıda yedekte gönderildiği için vakum kullanmak zorunda olmamak güzel. ürün şık ve iş görüyor.",pozitif,"Pn*,Sp,Gp,Qp",adim18_calib,adim18_calib,,,pozitif,negatif,,pozitif,pozitif,performans
7008,altın almak için kuyumcuya gitmeye ne gerek var. kredi kartı sayesinde taksitlerde sınır yok.. internetten yapılabilecek en iyi alışveriş şekli bence herkese tavsiye ederim.,pozitif,0,adim18_calib,adim18_calib,,,,,,,,
7009,ürün elime gün içerisinde ulaştı. ürün fiyatına göre güzel ve şık almak isteyen herkese tavsiye ederim ayrıca yanında cam kavanoz içerisinde not katığı olan sürprizi de harikaydı ürünü tedarik eden firma yetkililerine teşekkür ediyorum.,pozitif,"Kp,Fp,Gp,Sp",adim18_calib,adim18_calib,pozitif,pozitif,,,,pozitif,pozitif,
7010,ne yazıkki artık bezinizi almayacağım. çünkü sürekli sızdırma problemi oldu. i̇lk sızdırdığında bildirdim firmaya döndüler hemen yeni bezde gönderdiler ama bi şey değişmedi. artık prima kullanmayacağım. eski hali daha iyiydi bu bezin ilgililere duyurun lütfen.,negatif,"Qn,Sp",adim18_calib,adim18_calib,,,negatif,,,,pozitif,
7011,ucuz diye aldım. ucuz etin yahnisi oldu. ürün kalitesiz. ilk yolculuğumda fermuarı bozuldu. açılmasın diye bavul kemelerleri falan aradım gittiğim yerde. aynı fiyata mercan yokuşundan bi tane aldım. ikisi arasında bariz kalite farkı var.,negatif,"Qn,Fn",adim18_calib,adim18_calib,,negatif,negatif,,,,,
7012,"prima da sızdırırsa artık ne alacaz bilemedim , 2 paket aldık bi de :(((",negatif,Qn,adim18_calib,adim18_calib,,,negatif,,,,,
7013,buradaki yorumlara bakarak aldım bu ürünü ama yazıklar olsun.fırçayı düşük ayarda 2 saniye yüzüme sürdüm tüm gün batma hissi devam etti.sanki yüz fırçası değil ayak törpüsü asla tavsiye etmem.,negatif,"Pn,Qn",adim18_calib,adim18_calib,,,negatif,negatif,,,,
7014,bence güzel ve iş görüyor ama biraz büyük almışım 15 yaşındakiler için l iyi,pozitif,"Qp,Bn",adim18_calib,adim18_calib,,,pozitif,,negatif,,,
7015,hiç beğenmedim çok fazla ses çıkarıyor. hepsinde mi böyle bilmiyorum. sabah çay için su ısıtıyordum o kadar ses çıkartıyor ki nerdeyse bütün apartmanı uyartacak hemen kapatmak zorunda kaldım hiç memnun değilim iade etmeye çalışıyorum.,negatif,"Pn,Qn",adim18_calib,adim18_calib,,,negatif,negatif,,,,
7016,hiç düşünmeden alın bu fiyata kaçmaz 2 gunde teslim,pozitif,"Fp,Kx",adim18_calib,adim18_calib,nötr,pozitif,,,,,,
7017,ürün çok kötü aldığıma pişman oldum ayakları basit duruyor lamba takılan siyah yeri ve aitındaki beyaz halkası görünüyor hiç beğenmedi tavsiye etmem.,negatif,"Qn,Gn",adim18_calib,adim18_calib,,,negatif,,,negatif,,
7018,sineklerin bir üzerine gidip s.çmadığı kaldı. karıncaların da haberi yok bu ürünün prize takılı olduğundan. :(,negatif,Qn,adim18_calib,adim18_calib,,,negatif,,,,,
7019,ürün çok silik bir kokuya sahip pudra sürerek alarak aynı kokuyu elde edebilirsiniz.,negatif,Pn,adim18_calib,adim18_calib,,,,negatif,,,,
7020,bütün özellikleri çalışıyor benim için önemli olan buydu şık saat hem takım elbiseyle hem spor elbiseyle kullanılabilir. alana hayırlı olsun.,pozitif,"Pp,Gp",adim18_calib,adim18_calib,,,,pozitif,,pozitif,,
7021,tablonun alt kısmındaki tahtanın çıkıntılı olması resimde potluk oluşturmuş.renklerin canlılığı iyi fiyatına göre normal.,negatif,"Qn,Gp,Fx",adim18_calib,adim18_calib,,nötr,negatif,,,pozitif,,
7022,zamaninda geldi kargo urunde guzel bu fiyata guzel bir urun,pozitif,"Kp,Qp,Fp",adim18_calib,adim18_calib,pozitif,pozitif,pozitif,,,,,
7023,daha önce bu tipte bir sürü maskara kullandım.öyle gösterişli kirpikler filan olmuyor ama kirpikler bir kaç kat sürüldüğünde belirginleşiyor. yani beklentiyi pek yüksek tutmamak gerekiyor.,negatif,Pn*,adim18_calib,adim18_calib,,,,negatif,,,,performans
7024,ses tatminkar fakat aracımda role olmasına rağmen sigorta attı. ikinci bir role iş görmez denildi ve bu yüzden uzun süre basamıyorum. bunun haricinde çok ekonomik 2004 corollaya taktırdım yer konusunda da problem çıkarmıyor.,negatif,"Pn*,Fp,Bp",adim18_calib,adim18_calib,,pozitif,,negatif,pozitif,,,performans
7025,indirimdeyken kaçırmadan almak lazım  ben aldım çok memnunum.çok şık ve ince renkli desenli camdan yapılmış bir ürün. iki günde teslim edildi.,pozitif,"Fx,Qp,Gp,Kx",adim18_calib,adim18_calib,nötr,nötr,pozitif,,,pozitif,,
7026,bu fiyata bunu bulmanız çok zor eğer evinizde çalışmak istiyorsanız ihtiyacınız olan şey bu ama çalışmadan önce silerseniz iyi olur,negatif,"Fp,Qp",adim18_calib,adim18_calib,,pozitif,pozitif,,,,,
7027,evde kullanımı rahat olmasıyla beraber her kapıya uymayabilir..mutfağın hemen karşındaki kapıya taktım ki mutfağa her gittiğimde beni uyarsın yediklerime dikkat etmem gerektiği mesajını versin diye sizde deneyebilirsiniz bu taktiği..girmeden 3-4 tane barfiks çekmeye çelışıp mutfakta fazla oyalanmanızı engelliyor...sağlık dolu günlere..,negatif,Pp*,adim18_calib,adim18_calib,,,,pozitif,,,,performans
7028,alman mali olup da kötü ürün nereyde yok gi̇bi̇. kesi̇nli̇kle bi̇r sli̇kon spreyden beklenen seyi̇ fazlasiyla veri̇yor,pozitif,Qp,adim18_calib,adim18_calib,,,pozitif,,,,,
7029,ben 10 yıldır kullanıyorum hiç kulbu çıkmadı kireç tutmadı koku olmadı daha bu hafta alt kısmı çatlamış yine aynı caycıyı alıyorum,pozitif,Qp*,adim18_calib,adim18_calib,,,pozitif,,,,,kalite
7030,zil sesi çocuğumun ilgisini hiç çekmedi. sadce görüntüsüyle ilgilendi. almazsanızda olur.,negatif,"Pn,Gp",adim18_calib,adim18_calib,,,,negatif,,pozitif,,
7031,primayı 1 yıldan fazla kullandık ta ki  eylül ayına kadar eylül ayından sonra kaliteyi çok düşürdüler.ne demek istediğimi anlamak için bu bezin ocak ayından bu güne kadar  çok kötü yorumları okumanızı tavsiye ederim...,negatif,Qn,adim18_calib,adim18_calib,,,negatif,,,,,
7032,"kitaplarda dizideki valinin hayatı anlatılıyor, almadan önce dizinin kitabı olduğunu düşünerek almıştım.. yeni alacak olanlar benim gibi ters köşeye yatmasın",negatif,0,adim18_calib,adim18_calib,,,,,,,,
7033,yuksek hizda kullanirken titredim yaptigi icin eli rahatsiz ediyor,negatif,Pn,adim18_calib,adim18_calib,,,,negatif,,,,
7034,marka iyi ama urun.hic iyi degil hic tavsiye etmiyorum 2500 mah alin ayni hicbir fark yok,negatif,"Qn,Pn",adim18_calib,adim18_calib,,,negatif,negatif,,,,
7035,mukemmel bir urun.yazmiyor ama pilli kornasi bile var :),pozitif,"Qp,Pp",adim18_calib,adim18_calib,,,pozitif,pozitif,,,,
7036,gerçekten ofisimizde bugüne kadar gelmiş geçmiş en iyi zımba makinesi gerisi yalan bence.çok iyi bi makine tutukluk kırılma bozulma hiçbir problemi yok.herkese tavsiye ederim.,pozitif,Qp,adim18_calib,adim18_calib,,,pozitif,,,,,
7037,vdsl modem aratınca bu modemin çıkması nedeniyle çok kötü,negatif,0,adim18_calib,adim18_calib,,,,,,,,
7038,ben odamdaki spotlara aldım ve gayet şık oldu...fiyatına göre alınabilecek en iyi led lamba diyebilirim...,pozitif,"Gp,Fp",adim18_calib,adim18_calib,,pozitif,,,,pozitif,,
7039,ürün 1 günde elimdeydi. orijinallik testi olumlu. cebimde telefonumla üst üste şarj edebiliyorum. çok zarif ve kullanışlı. gören dostlarım bayılıyor. 2100 mahlik telefonum için fazlasıyla yeterli. şarjım artık bitmiyor. çok memnunum. tavsiye ederim.,pozitif,"Kp,Pp,Gp,Qp",adim18_calib,adim18_calib,pozitif,,pozitif,pozitif,,pozitif,,
7040,arkadaşlar alalı 20-25 gün oldu herşeyi ile mükemmel bir alet.temizliğide kolay.torbalı süpürgeleri çalıştırınça kokan toz olayıda yok.i,negatif,"Qp,Pp",adim18_calib,adim18_calib,,,pozitif,pozitif,,,,
7041,ürün yeni elime geçti kargolama ve sevkiyat çok yavaş  bazı köpeklerde işe yaramıyor bazılarıda öyle baka kalıyor.siz yinede köpeklere dikkat edin...,negatif,"Kn,Qn",adim18_calib,adim18_calib,negatif,,negatif,,,,,
7042,arkadaşlar ürünün kalitesine diyecek yok. gerçekten kaliteli ve kullanışlı. ancak bu menteşe ayarını ben de bir türlü yapamadım. siz de benim gibi bir mobilyacı çağırıp kapakları bir ustaya monte ettirin.,negatif,"Qp,Pn",adim18_calib,adim18_calib,,,pozitif,negatif,,,,
7043,hani derler ya taş gibi oldu diye. i̇şte tam da öyle oluyor. uygun şekilde uygulandığında mükemmel sonuç alacağınıza emin olabilirsiniz. daha önce arabamın kapı koluna içten uygulandı 3 yıl kullandım. şimdi lavaboya uyguladım.,pozitif,Qp,adim18_calib,adim18_calib,,,pozitif,,,,,
7044,"çok gec elime ulaştı ve yapışkanlar cok kötü, yapıştırdıkca düşüp durdu mahvettı duvarı ????",negatif,"Kn,Pn",adim18_calib,adim18_calib,negatif,,,negatif,,,,
7045,ürün elime ulasti. fiyatina gore gercekten guzel ürün. hafif ve spor bi saat. yalniz fotograftaki saatten siparis ettim koyu renk olani geldi onun disinda problem yok.,pozitif,"Fp,Bp,Sn",adim18_calib,adim18_calib,,pozitif,,,pozitif,,negatif,
7046,sağlam ürün suda da iyi pilli olması avantaj şarjlı gibi çalışıyor,pozitif,"Qp,Pp",adim18_calib,adim18_calib,,,pozitif,pozitif,,,,
7047,en uygun fi̇yat ve garanti̇si̇ teyi̇t edi̇ldi̇ hizli kargolandi ürün anlatildiği gi̇bi̇ orji̇nal ve hasarsiz geldi̇ . teşekkürler hepsi̇ burada eki̇bi̇ ve satici fi̇rma,pozitif,"Fp,Sp,Kp",adim18_calib,adim18_calib,pozitif,pozitif,,,,,pozitif,
7048,kalitesiz alalı birkaç ay olmasına rağmen hemen parça pinçik oldu. fiyatını kesinlikle haketmiyor başka bir ürüne bakın.,negatif,"Qn,Fn",adim18_calib,adim18_calib,,negatif,negatif,,,,,
7049,"ekran hafif kavisli, bu ekranına baktığınızda daha büyük gözükmesini sağlıyor. elinize ise iyi oturuyor.",pozitif,"Gp,Pp",adim18_calib,adim18_calib,,,,pozitif,,pozitif,,
7050,"ayrıca asla aracınızı normal deterjanla yıkamayın, hem korumayı hemde verniği bozmaya başlarsınız, araba asla bulaşık deterjanıyla yıkanmaaz, bunu unutmayın.",negatif,0,adim18_calib,adim18_calib,,,,,,,,
7051,aynı gün kargo ile sabah 11 de verdim siparişi akşamı 11 civarında elime ulaştı teşekkürler çok memnun kaldım,pozitif,"Kp,Qp",adim18_calib,adim18_calib,pozitif,,pozitif,,,,,
7052,çok rahat eşim kullanıyor çok memnun tavsiye ederim,pozitif,"Pp,Qp",adim18_calib,adim18_calib,,,pozitif,pozitif,,,,
7053,fiyata göre kalite yetersiz kurulum zaten çok uzun sürüyor,negatif,"Fn,Qn,Pn",adim18_calib,adim18_calib,,negatif,negatif,negatif,,,,
7054,"3 yaşındaki çocuğumuzda eğlenerek dişini fırçalamaya çalışıyor, sonra da biz fırçalıyoruz :)",pozitif,Qp,adim18_calib,adim18_calib,,,pozitif,,,,,
7055,ayakkabı numaranızdan 1 küçük numarayı alabilirsiniz ve bu fiyata da kaçırmayın derim.,pozitif,"Bx,Fp",adim18_calib,adim18_calib,,pozitif,,,nötr,,,
7056,kitabı henüz aldım . eminim güzel bir hikayedir. ancak hepsiburadanın hizmetinden en ufak memnuniyet duymadım. sipariş ilişkim bittikten sonra asla alışveriş yapmayacağım ve yaşadığım ilgisizliği ulaşabildiğim herkese anlatacağım.,negatif,Sn,adim18_calib,adim18_calib,,,,,,,negatif,
7057,"üründen terletme işlevini gayet başarılı şekilde yerine getiriyor fakat üründen yanmış plastik kokusu gibi bir koku geliyor, defalarca yıkandı ve koku kaybolmadı.beğenmedim.",negatif,"Pn*,Qn",adim18_calib,adim18_calib,,,negatif,negatif,,,,performans
7058,1-bütün tozları suyun içinde görebilirsiniz.diğer makinalardaki gibi tozun yerini değiştirmek zorunda değilsiniz.bu fiyata bence çok makullll,pozitif,"Pp,Fp",adim18_calib,adim18_calib,,pozitif,,pozitif,,,,
7059,"i phone 7 aldım, ertesi gün elime geçti. üründe sorun yoktu, güzel paketlenmişti. faturada ufak bir hata vardı ama firmayı aradığımda çok ilgilendiler ve hemen düzelttiler. gönül rahatlığıyla alış veriş yapılabilir.",pozitif,"Kp,Qp,Sp*",adim18_calib,adim18_calib,pozitif,,pozitif,,,,pozitif,satici
7060,ürün sipariş verdikten 2 gün sonra elime ulaştı hemde hataydan. teşekkürler..,pozitif,Kp,adim18_calib,adim18_calib,pozitif,,,,,,,
7061,kedim çok severek yiyo kilo alımıda çok iyi. kısır kediler için en ideali bence,pozitif,Qp,adim18_calib,adim18_calib,,,pozitif,,,,,
7062,ürün bu sabah elime geçti.kurulumu çok basit ve fiyatı da çok iyi.ancak oturulan sünger çok ince.plastik aksamı güven vermiyor.ve eğer biraz kiloysanız sığmakta güçlük çekebilirsiniz.,negatif,"Pp,Fp,Bn,Qn",adim18_calib,adim18_calib,,pozitif,negatif,pozitif,negatif,,,
7063,gerçekten çok kötü kalitesi cok kotu bebegimin kiyafetleri hep nemli oluyor ve kakası sırtına cikiyor,negatif,Qn,adim18_calib,adim18_calib,,,negatif,,,,,
7064,termosun kalitesi gerçekten iyi. çayın kalitesi de öyle. güzel alışverişti.,pozitif,Qp,adim18_calib,adim18_calib,,,pozitif,,,,,
7065,çok kokuyor ürün güzel fakat gunlerdir bankonda kokusu bi gitmiyo nolcak bilmiyorum,negatif,"Pn,Qp",adim18_calib,adim18_calib,,,pozitif,negatif,,,,
7066,1.5 yaşındaki oğlum tutmasıyla açabiliyor. fiyatı uygun diye aldım ama boşuna almışım. kesinlikle tavsiye etmiyorum.,negatif,"Pn,Qn",adim18_calib,adim18_calib,,,negatif,negatif,,,,
7067,aldığım çaydanlık çok mükemmel herkese tasviye ederim teşekkür ederim. hepsiburada.com çok sağlam ve güvenilir alışveriş veriş sitesi herkese tavsiye ederim. teşekkür ederim http:// www.hepsiburada.com,negatif,"Qp,Sp",adim18_calib,adim18_calib,,,pozitif,,,,pozitif,
7068,"özellikleri çok güzel, yeterli. yeni nesil android telefonlardan almamıştım bu makine gerçekten de beklediğimden fazlasını verdi. yaklaşık iki haftadır kullanıyorum ekranının büyüklüğüne hala alışamadım ama hızı, ekranı ve kamerası özellikle video çekimlerinde harika.",pozitif,"Pp,Qp,Bx",adim18_calib,adim18_calib,,,pozitif,pozitif,nötr,,,
7069,"fiyatı biraz yüksek ama gerçekten ağız sağlığında (hem dişlerde hem diş etlerinde) yarattığı farkı hissedeceksiniz, on - on beş gün içinde...",pozitif,"Fn,Qp",adim18_calib,adim18_calib,,negatif,pozitif,,,,,
7070,ucuz etin yahnisi az olur derler bu kategori için uygun bir ürün diyebilirim-,negatif,Fx,adim18_calib,adim18_calib,,nötr,,,,,,
7071,hiç düşünmeden almanızı tavsiye ederim keşke bataryası değiştirebilinseydi,pozitif,Pn,adim18_calib,adim18_calib,,,,negatif,,,,
7072,ürün gayet kullanışlı ve sağlam ona lafım ama 2. fırçaya maliyeti 1-2 tl olan kutuyu vermemeleri garip... böyle bir marka o kadar düşük maliyetli bir paraçyı neden pakete dahil etmez anlayamadım...,negatif,"Qp,Sn",adim18_calib,adim18_calib,,,pozitif,,,,negatif,
7073,"evet, kullanırken kum sesini duyuyorsunuz. ama benim için bunun önemi yok. sonuç itibariyle ağırlık çalışmak için aldım.",pozitif,Px,adim18_calib,adim18_calib,,,,nötr,,,,
7074,"1,5 ay oldu cokfazla kullanmadim baslik kirildi basligintakildigi yer parcalandi kesinlikkle cok kotu bir urun",negatif,Qn,adim18_calib,adim18_calib,,,negatif,,,,,
7075,alabileceğiniz en kaliteli ürün.kenarlarda boşluklar kalıyor ama hepsi bu şekilde.en azından güvenle kullanabileceğiniz kaliteli bir ürün.,pozitif,"Qp,Bn",adim18_calib,adim18_calib,,,pozitif,,negatif,,,
7076,üründe görsel acıdan tek fotoğraf var ve ürün nubuk (süet) deri 42 için kalıp biraz büyük kalın kışlık çorap ile tam olacaktır ben begenmedim mo markasına dan daha iyi işler beklerdim bekledigim gibi değildi ürün.,negatif,"Bn,Qn",adim18_calib,adim18_calib,,,negatif,,negatif,,,
7077,hiç bir işe yaramıyor.1 aydır kullanıyorum su faturamda hiç bir değişiklik olmadı . kademeli duş başlığı kullanıyorum suyun akış hızı dü şer diye ummuştum bir faydası olmadı duş başlığı daha iyi iş görüyor.,negatif,Qn,adim18_calib,adim18_calib,,,negatif,,,,,
7078,telefon menüsü çince geldi..türkçe yapana kadar canım çıktı. şarz cihazı ise ülkemize uygun değil. umarım bu telefonun garantisinde sorun yaşamam...,negatif,Pn,adim18_calib,adim18_calib,,,,negatif,,,,
7079,yeni kullanmak nasip oldu.gayet güzel temiz ve parlak gösteriyor lastiği.yalnız kullanmadan önce talimatı okuyup öyle uygulayın derim.,pozitif,Qp,adim18_calib,adim18_calib,,,pozitif,,,,,
7080,dambil kendi  sahsim olarak   5 kg lik aldim  gayet iyi   kum sesi geliyorr o ayri,negatif,"Qp,Pn",adim18_calib,adim18_calib,,,pozitif,negatif,,,,
7081,"ürün oldukça iyi hemde a sınıfı günde 0,5 kw elektrik tüketiyor. bunun yanında piyasa fiyatından ucuz almıştım üstüne birde puanlar aklenince bayağı uyguna geldi.",pozitif,"Qp,Pp,Fp",adim18_calib,adim18_calib,,pozitif,pozitif,pozitif,,,,
7082,farlarimdaki matlaşma çok az olmasına rağmen hic bi ise yaramadı boşa paranızı heba etmeyin,negatif,"Qn,Fn",adim18_calib,adim18_calib,,negatif,negatif,,,,,
7083,"aaa pil ile çalışıyor ve piller kutunun içinde. baz cihazdan girişini yaptığınız telefon listesinin diğer cihaza aktarımı var. i̇ki cihaz arasında bağlantı güzel. renkli değil, zaten bilinen bir özellik.",pozitif,"Sp,Pp",adim18_calib,adim18_calib,,,,pozitif,,,pozitif,
7084,ürünü 6 aydır kullanıyorum tek kelimeyle fiyatına göre mükemmel ötesi.hic düşünmeden alabilirsiniz,pozitif,Fp,adim18_calib,adim18_calib,,pozitif,,,,,,
7085,diğer tohumlarım filizlendi ama bu tohum1 tane bile filizlenmedi.,negatif,Qn,adim18_calib,adim18_calib,,,negatif,,,,,
7086,"fiyat/performans açısından marketteki en iyi ürün. fakat profesyonel ölçüm aletleri ile farklı sonuçlar veriyor. kemik, yağ, su oranları gerçeği yansıtmayabilir.",pozitif,"Fp,Pn",adim18_calib,adim18_calib,,pozitif,,negatif,,,,
7087,usta enjektör temizliği dedi ürünü aldım ben bir etkisini görmedim sabah titremeleri çekiş falan aynı hafif siyah duman devam ediyor. tek farkı marş alma süresi biraz kısaldı.,negatif,"Qn,Pp",adim18_calib,adim18_calib,,,negatif,pozitif,,,,
7088,ürünü siteden istedim.yaklaşık 5 günde elime ulaştı.kokusunu biliyordum zaten.çok güzel bir parfüm.ama esmerlere daha çok yakışıyor.daha çok kışın kullanılacak bir parfüm bence.hem şimdi %12 indirimli.fiyatıda piyasaya göre gayet uygun.,pozitif,"Kx,Qp,Fp",adim18_calib,adim18_calib,nötr,pozitif,pozitif,,,,,
7089,hepsiburda aracılığı ile aldıgım ürün piyasa fiyatlarına göre gayet uygun fiyatlı ürün. yanında hediye ürün de olması dikkat cekici. fairy zaten tartışılmaz bir marka. teşekkürler hepsiburda.,pozitif,"Fp,Qp",adim18_calib,adim18_calib,,pozitif,pozitif,,,,,
7090,albus dumbldore ölümü ve sirius black in ölümü beni çok etkiledi.bence yazar diriltme taşıyla albus un ve sirius un bedenlerini canlandırmalı.,pozitif,0,adim18_calib,adim18_calib,,,,,,,,
7091,"m9, z3+ ve s6larda cortex a53 ve a57lerden dörder tane var. ramler aynı ama g4te cortex a57 iki tane... onlarda snapdragon 810 ve exynos 7420 çip var. g4te sd808 var. g3e kadar lg çok güzel gelmişti. sanırım artık buraya kadar.",negatif,Pn,adim18_calib,adim18_calib,,,,negatif,,,,
7092,devamli kullanicaginiz ev icin uygun degil yazliklarda veya köy evlerinde kullanilabilir.,negatif,Qn,adim18_calib,adim18_calib,,,negatif,,,,,
7093,"hyundai accent era aracım için aldım, 1000 km yaptım yol tutuşu iyi",pozitif,Pp,adim18_calib,adim18_calib,,,,pozitif,,,,
7094,"hemencecik geldi:) çok tatlı.havalı.çok marifetli.ve çok uygun fiyatlı.hiç dikiş deneyimim olmamasına rağmen,hemen bişiler yapmaya başladım ilk gün ciddi anlamda.kullanımı kolay.",pozitif,"Kp,Gp,Pp,Fp",adim18_calib,adim18_calib,pozitif,pozitif,,pozitif,,pozitif,,
7095,nokinin kırtasiye ürünlerini uzun bir süredir ofisimizde kullanıyoruz. kalite olarak herhangi bir problem taşamadık. herkese tavsiye edebileceğim güzel bir marka ve ürün.,pozitif,Qp,adim18_calib,adim18_calib,,,pozitif,,,,,
7096,makine elime ulaşır ulaşmaz hemen kullandım motoru gayet güçlü ama torna vida uçları yumuşak malzemeden yapılmış. fiyatına göre iyi sayılır..,negatif,"Pp,Qn,Fp",adim18_calib,adim18_calib,,pozitif,negatif,pozitif,,,,
7097,renkleri canlı ve parlak ahşap olmasıni isterdim ama plastiği de gayet kaliteli çıkardığı ses çok hoşuna gidiyor oğlumun.fiyatına gore çok iyi küçük parçalar içermiyor,pozitif,"Gp,Qp*,Pp,Fp",adim18_calib,adim18_calib,,pozitif,pozitif,pozitif,,pozitif,,kalite
7098,kitap her anlamda çok iyi bir çocuk kitabı. tavsiye ederim..,pozitif,Qp,adim18_calib,adim18_calib,,,pozitif,,,,,
7099,bu üründen 2 yıldır kullanıyorum. gerek uzunluğu gerekse tutuş rahatlığıyla şerit siliciler içinde favorim. almayı düşünenlere tavsiye ederim.,pozitif,"Bp,Pp,Qp",adim18_calib,adim18_calib,,,pozitif,pozitif,pozitif,,,
9000,"kalabalık aileler için mükemmel bir ürün, hızlı teslim edildi, servis hemen kurulumunu yaptı. hiç bir sorun yaşamadım, tavsiye ederim.",pozitif,"Qp,Kp,Sp",hedefli:satici,adim19_new,pozitif,,pozitif,,,,pozitif,
9001,eşim sürpriz hediye olarak aldı bana. harika kullanışlı bir ürün. kullanma kılavuzu sizi yönlendiriyor. kumaşı yerleştirin pedala basın o işini yapsın.  40 yıl evvel annemin de ceyizinde bir singer varmış.  nerden nereye. .,pozitif,"Qp,Pp",hedefli:satici,adim19_new,,,pozitif,pozitif,,,,
9002,"eşim 37 haftalık hamile. birkaç çatlağı var, yorumlara bakarak aldık. i̇nşallah faydasını görürüz. satıcı:eczanekapında kısa sürede kargoladı ve paketide sağlamdı. teşekkür ederim.",pozitif,Kp,hedefli:satici,adim19_new,pozitif,,,,,,,
9003,telefon sağlam ve eksiksiz olarak bir günde elime ulaştı.hiçbir sorunu yok.teşekkür ederim.,pozitif,"Kp,Sp,Qp",hedefli:satici,adim19_new,pozitif,,pozitif,,,,pozitif,
9004,"ürünü aldım, resimdeki kadar olmasa da eve güzel bir manzara resmi farkı yansıyor, tavsiye ederim şahsen, bu fiyata ii",pozitif,"Gp*,Fp",hedefli:gorunum,adim19_new,,pozitif,,,,pozitif,,gorunum
9005,gayet aydınlatıyor. led enerji tasarrufu parlak. 2 tanesi en büyük odayı aydınlatır. i̇çiniz rahat olsun. 1 tanesi bile ideal olabilir. enerji tasarruflu (20w) twister (2 adet toplam 40 w) yerine bunun 1 adeti (10w) denk geldi.,pozitif,Pp,hedefli:boyut,adim19_new,,,,pozitif,,,,
9006,bu ürünü alalı yaklaşık 10 gün oldu harika bir telefon dokunmatiği ve menü geçişleri çok güzel yeni alışmaya çalışıyorum saygılar herkese tavsiye ederim,pozitif,"Qp,Pp",rastgele,adim19_new,,,pozitif,pozitif,,,,
9007,öncelikle satıcı ve firma çok ilgili.ürüne gelince kampanyalı fiyatına göre mükemmel.kesinliklen tavsiye ediyorum.,pozitif,"Sp,Fp",hedefli:satici,adim19_new,,pozitif,,,,,pozitif,
9008,urun resimdeki gibi degil ayakkabilari koyduktan sonra kaldirinca hepsi birbirine giriyor.tutma kollarida yok,negatif,"Gn,Pn",hedefli:gorunum,adim19_new,,,,negatif,,negatif,,
9009,ürün renkleri çok canlı aynı resimdeki gibi bu fiyata kesinlikle alınır biz eşimle bebekten önce oynadık istediğiniz oyuncağı takabilirsiniz kumaş kaliteli daha ne olsun,pozitif,"Gp,Fp,Qp",hedefli:gorunum,adim19_new,,pozitif,pozitif,,,pozitif,,
9010,resim sunta üzerine resim basılmış çok basit duruyor.,negatif,Gn,hedefli:gorunum,adim19_new,,,,,,negatif,,
9011,"söylenecek çok şey yok aslında; kampanya var ve güzel fiyat, kargo bedava, daha ne olsun :) teşekkürler hepsiburada; küçük şeyler için böyle kolaylıklar sağladığın için.",pozitif,"Fp,Kp",hedefli:boyut,adim19_new,pozitif,pozitif,,,,,,
9012,ürünü sabah saat 12:00 sipariş verdim saat 20:00 da bana ulaştı gerçekten jet servis teşekkürler hb :)  süpürgeyi açıp hemen denedim bi kere çok şık  emiş gücü güzel beklentimi karşıladı ayrıca fiyat olarakta çok iyi resimde görüldüğü gibi,pozitif,"Kp,Gp,Pp,Qp,Fp",hedefli:satici,adim19_new,pozitif,pozitif,pozitif,pozitif,,pozitif,,
9013,ürün beklediğim gibi çıktı çok şık bir saat. paketleme çok özenli kaşeli fatura ve garanti belgesi içinde ayrıca satıcı firmanın kendi şık poşetide kolinin içinde geldi. teslimat sürecide cok hızlı mersine 2 günde geldi.  çok teşekkürler..,pozitif,"Qp,Gp,Kp,Sp",hedefli:satici,adim19_new,pozitif,,pozitif,,,pozitif,pozitif,
9014,"telefon aynen soylendigi gibi geldi,tek sorun hafıza,bize kalan 24gb bana yetmeyecegini dusunup 64gb olanı almak icin iade ettim,hic sorun cıkarmadılar,bu konuda hepsiburada yı tek gecerim,benim icin en guvenilir alısveris sitesi..",pozitif,"Sp,Pn",hedefli:satici,adim19_new,,,,negatif,,,pozitif,
9015,gayet şık ve kaliteli. servis ile de görüştüm. birebir vestel. piyasa gereği isim değişik. fiyat olarak gayet uygun. sessiz. tavsiye ederim,pozitif,"Gp,Qp,Fp,Pp",hedefli:satici,adim19_new,,pozitif,pozitif,pozitif,,pozitif,,
9016,aldıgım ürün gayetnkullanışlı bir ürün herkese tavsiye ederim bu ürünü alırken düşünmenize gerek yok hem uygun hemde kaliteli. bu ürün her eve lazım,pozitif,"Qp,Fp",rastgele,adim19_new,,pozitif,pozitif,,,,,
9017,şık ve işini yapan bir ürün hızlı şarj harika,pozitif,"Gp,Qp,Pp",hedefli:gorunum,adim19_new,,,pozitif,pozitif,,pozitif,,
9018,telefon cpk guzel kaliteli şık hızlı şarjı iyi gıdıyor bence kacırmayın androıd telefona para verıpte yazık etmeyın,pozitif,"Qp,Gp,Pp",hedefli:gorunum,adim19_new,,,pozitif,pozitif,,pozitif,,
9019,ürünler bir haftada geldi. teslim aşamasındaki kargo firması hariç hersey güzel. lastikler 38/2016 üretim tarihli geldi. gâyet güzel ilk kez kış lastiği kullanacağım.  nokiani çok methettiler. pişman  olmayacağım diye umut ediyorum.,pozitif,"Kn,Qp",hedefli:satici,adim19_new,negatif,,pozitif,,,,,
9020,"yaklaşık 1 yıldır kullanıyorum ürün küçük, sağlam ve şık sadece usb 2.0 bellekler yavaş olduğu için hızlı bir bellek arayanlara usb 3.0 öneririm.",pozitif,"Bp,Qp,Gp,Px",hedefli:gorunum,adim19_new,,,pozitif,nötr,pozitif,pozitif,,
9021,"çok okunaklı bir saati var fakat bazı eksikleride yok değil , termometresin de farklılıklar bulunuyor civalı termometre ile oda sıcaaklığını ölçümdüm 1 derce fark var haberiniz olsun ama almaya değer bir saat.",negatif,"Pp*,Fp",hedefli:satici,adim19_new,,pozitif,,pozitif,,,,performans
9022,ürün bir kaç gün önce gönderildi. primayı kullananlar bilirler zaten kalitesini. birde bu hepsi burada nın güvencesi ile olunca işler değişir. 50 m uzaklıkta bulunan büyük bir marketteki fiyatı ile arasında çok büyük fark var. kargo ücreti olmamasıda extra.,pozitif,"Kp,Qp,Fp,Sp",hedefli:boyut,adim19_new,pozitif,pozitif,pozitif,,,,pozitif,
9023,"urun guzel orjinal bi saat, orjinal kutusu, kullanim klavuzu ve garanti belgesiyle geldi. koldaki durusu gayet guzel. paketlemeleride guzel baya sarilmis hasar almasin diye, zaten caminin uzerine 2 tane jelatin cekilmis cizilmesin diye. gonul rahayligiyla alinabilinir.",pozitif,"Qp,Sp,Gp,Kp",hedefli:satici,adim19_new,pozitif,,pozitif,,,pozitif,pozitif,
9024,"evet ütü gerçekten iyi... bi kaç olumsuz yönleri... biraz ağır, su damlatmıyor diyorlar ama su damlatıyor,",pozitif,"Qp,Bn,Pn",hedefli:boyut,adim19_new,,,pozitif,negatif,negatif,,,
9025,cihaz zamanında yurt içi kargadan teslim aldım cıhaz tam istedigim gibi cıhaz uzerinde servis ve destek firmalarının telefon ve adrelleri mevcut güven veriyor cihazı ilk kullanım itibarı ile tam işime göre teşekkürler hepsi burada,pozitif,"Kp,Qp,Sp",hedefli:satici,adim19_new,pozitif,,pozitif,,,,pozitif,
9026,bu eldiveni yeni aldım eldiven gerçekten sağlam ama üretici firmada biraz işçilik problemi var eldiveni elinize taktıgınız zaman kesik olan parmak uçlarını ayri büyrü yapmışlar böyle bir kesim olmasa çok daha güzel olurduama bu paraya bu ürün,pozitif,"Qp*,Fp",hedefli:satici,adim19_new,,pozitif,pozitif,,,,,kalite
9027,ürünün kalitesini tartismaya gerek yok ve fiyat cok ucuz teşekkürler hepsiburada.,pozitif,"Qp,Fp",rastgele,adim19_new,,pozitif,pozitif,,,,,
9028,merhabalar makinayı gecen hafta aldık çok menmunuz fiyatıda çok uygun garanti süresi 3 yıl. deterjanı iyi alıyor çok temiz ve pırıl pırıl yıkıyor kesinlikle tavsiye ederiz.,pozitif,"Qp,Fp,Sp,Pp",hedefli:satici,adim19_new,,pozitif,pozitif,pozitif,,,pozitif,
9029,önceki modeller gibi çizilmeye oldukça müsait. bu gibi şeyler sizin için öenmliyse kılıfla kullanmanızda yarar var. kablosu öncekilere göre uzun. neredeyse iki katı kadar diyebilirim.,pozitif,"Qn,Bp",rastgele,adim19_new,,,negatif,,pozitif,,,
9030,hızlı kargo iyi hizmet hbcom a teşekkürler.  ürün gayet iyi sorun yok kurulumu ilk kurduktan sonra basit. ancak kurulum klavuzu yetersiz.  daha fazla para verip aynı özellikte başka ürün almanıza gerek yok. tavsiye ederim.,pozitif,"Kp,Sp,Qp,Pp*,Fp",hedefli:satici,adim19_new,pozitif,pozitif,pozitif,pozitif,,,pozitif,performans
9031,birleşme yerleri ve vida delik yerleri hatalı delikler birbirini tutmuyor vida kapama yapışkanlar yok vidalar yüzeyde görünüyor,negatif,"Qn,Sn,Gn",hedefli:gorunum,adim19_new,,,negatif,,,negatif,negatif,
9032,ama fıyatı otekılere gore okadar uygunkı bu tarz problemler olacagını goze alarak satın aldık. bende yorumları okuyarak satın alan bırı oldgm ıcın yazmak ıstedım.,negatif,"Fp,Qn",rastgele,adim19_new,,pozitif,negatif,,,,,
9033,su hazne kısmı 15-18 cm genişliğinde  bi karış var yok yani çok küçük.. tavsiye etmem büyük boyutunu bulursanız alın..,negatif,Bn,hedefli:boyut,adim19_new,,,,,negatif,,,
9034,verdiğiniz paraya değmez dandik kamera ve düşük işlemci hızı,negatif,"Fn,Pn",rastgele,adim19_new,,negatif,,negatif,,,,
9035,bu ürünü yegenim için aldım çıkış tarihinde çıktı ve ertesi gün teslim aldım şuanda hiç bir sorun yok katalokta olduğu gibi eksiksiz teslim aldım,pozitif,"Kp,Qp,Sp",hedefli:satici,adim19_new,pozitif,,pozitif,,,,pozitif,
9036,"i̇craat anlamında muazzam bir ütü, verdiğiniz paraya pişman olmayacaksınız.  21 aralık indirimde aldım. 3 gün boyunca evime 1 km uzaklıktaki kargo acentesinde beklemesi dışında bi eksiklik yok. teşekkürler.",pozitif,"Qp,Fp,Kn",hedefli:satici,adim19_new,negatif,pozitif,pozitif,,,,,
9037,alman kurdum kuru mama yemezdi her zaman bizim yediğimiz yemeklerden isterdi şimdi kuru mama verdiğimde konserveyi üstüne dökmemi heyecanla bekliyor.,pozitif,Qp,rastgele,adim19_new,,,pozitif,,,,,
9038,3 yıl önce aldım 2. yılın bitiminde servise gitti. 3. yılda pert oldu . başka ütü deneyin bence,negatif,Qn,hedefli:satici,adim19_new,,,negatif,,,,,
9039,her şeyi ayağımıza getirdiği için hepsiburada ya çok teşekkür ederim. mangalı evvelki gün kullandım bize güzel bir mangal keyfi yaşattı. tavsiye derim.,pozitif,Qp,rastgele,adim19_new,,,pozitif,,,,,
9040,"açıkçası ürün içeriği konusundaki bir iki kötü yorum okuyunca içimde tereddüt oluşmuştu fakat hepsiburada müşteri hizmetleri sayewsinde bunuda halledebildim, hepsne çok teşekkür ederim, bana göre bir bayana alınabilecek harika bir ürün. hizmet hızı ve memnuniyet harikaaa.",pozitif,"Qp,Sp",hedefli:satici,adim19_new,,,pozitif,,,,pozitif,
9041,ürün güzel fakat alırken kapınızın boyunu falan ölçün ona göre alın bizim kapıya büyük geldi.ama genel olarak kaliteli bir ürün.,pozitif,"Qp,Bn",hedefli:boyut,adim19_new,,,pozitif,,negatif,,,
9042,"kutu içeriği: 1 tane şarj aleti, 1 tane kulaklık, 1'er tane yedek kulaklık silikonları, garanti belgesi, telefon ve kullanma kılavuzu",pozitif,Sx,hedefli:satici,adim19_new,,,,,,,nötr,
9043,gönderen firmaya teşekkürler sağlam ve sıkıntısız teslim aldım,pozitif,Kp,hedefli:satici,adim19_new,pozitif,,,,,,,
9044,"32"" televizyonlar arasında fiyat/performans olarak daha iyisini bulamadım. siparişinde de bir sorun yaşamadım. bu arada ayrıca askı aparatı almanıza gerek yok servis ucretsiz olarak duvara monte ediyor.",pozitif,"Fp,Sp",hedefli:satici,adim19_new,,pozitif,,,,,pozitif,
9045,ürün kısa zamanda teslim edildi.montajı biraz uzun sürdü.ama bu fiyata gayet sık ve güzel duruyor.,pozitif,"Kp,Pn,Fp,Gp",hedefli:gorunum,adim19_new,pozitif,pozitif,,negatif,,pozitif,,
9046,ürün hakkında yorum yapmaya gerek yok malum ürün gayet güzel ve kullanışlı fakat satıcının hızlı bir şekilde göndermesi beni acıkçası şaşırttı dürüst ve güvenilir satıcı çok teşekkür ediyorum hayır işler .,pozitif,"Qp,Kp,Sp",hedefli:satici,adim19_new,pozitif,,pozitif,,,,pozitif,
9047,eksileri: çok sert lastik yağmurlu havada süratli iken 2 defa kaydırdı beni allahtan toparladım.çok ağır bence. farkli marka lastiklerin kış ve yaz lastiklerinden çok ağır,negatif,"Pn,Bn",hedefli:boyut,adim19_new,,,,negatif,negatif,,,
9048,çok pahalı ve şık duran bir ürün. odanızın mobilyası buna yakın veya daha açık ton ise odayı zengin gösteriyor. fiyatına göre çok ucuz.,pozitif,"Gp,Fp",hedefli:gorunum,adim19_new,,pozitif,,,,pozitif,,
9049,pratik küçük ve işe yarar tavsiye ederim. sonuçta kalite marka,pozitif,"Pp,Bp,Qp",hedefli:boyut,adim19_new,,,pozitif,pozitif,pozitif,,,
9050,ürünüm siparişimden 2 gün sonra elimde oldu. teşekkürler gerçekten hızlı servisi var diğer siteler ile karşılaş tıralamaz hepsibuarada gerçekten iyi bir site,pozitif,"Kp,Sp",hedefli:satici,adim19_new,pozitif,,,,,,pozitif,
9051,öncelikle bu kadar hızlı kargo yapılacağını tahmin bile edemezdim parfüm müthiş hoş kokusu hafif ve etkileyici kalıcılığı bir o kadar güzel,pozitif,"Kp,Qp,Pp",hedefli:boyut,adim19_new,pozitif,,pozitif,pozitif,,,,
9052,ürün elime geçtiği günden beri büyük süpürgemi neredeyse hiç açmadım elimin altında hemen süpürüyorum bebekleri olanlar için süper ve pratik bi süpürge emiş gücüde iyi almanızı tavsiye ederim...,pozitif,"Qp,Pp",hedefli:boyut,adim19_new,,,pozitif,pozitif,,,,
9053,"küçük ve kalitesiz matkap uçları idare eder, birkaçta dübel konulmuş. alet çantası olarak kullanılabileceğini düşünmüyorum, ancak hafif ürünler konulabilir.",negatif,"Bn,Qn",hedefli:boyut,adim19_new,,,negatif,,negatif,,,
9054,büyük ve küçük boyutlu led lcd plazma tvler için gerçekten ideal fiyat olarak gayet güzel montaj ve gerekli aparatlar yanında sadece del ve tak okadar.,pozitif,"Qp,Fp,Sp,Pp",hedefli:boyut,adim19_new,,pozitif,pozitif,pozitif,,,pozitif,
9055,"bu fiyata bu kaliteyi almak gerçekten çok güzel, askere giderken ucuz bir saat almak niyetiyle aldım fakat bekletilerimin ötesinde bir kalite ve şıklıkla karşılaştım, kolumdan hiç çıkarmıyorum hafif ve rahat, ayrıca dayanıklı....",pozitif,"Fp,Qp,Gp,Bp,Pp",hedefli:boyut,adim19_new,,pozitif,pozitif,pozitif,pozitif,pozitif,,
9056,samsung galaksy ace s5830i yi alırken önce tereddüt ettim ama şimdi çok memnunum herkese tavsiye ederim zaten bu makine en çok satılan makinelerin içinde ilk sırada şık kullanımı kolay hafif gören ipon mu diyor:),pozitif,"Qp,Gp,Pp,Bp",hedefli:boyut,adim19_new,,,pozitif,pozitif,pozitif,pozitif,,
9057,"denemek amacı ile çok kısa kullandım, üst ve orta karın bölgesi için gerçekten faydalı olacak gibi gözüküyor.",pozitif,Qp,rastgele,adim19_new,,,pozitif,,,,,
9058,güvenilir alışveriş merkezinden güvenilir ürünler diye tarif edilir.ürün çok kısa zamanda ve sağlam olarak elimize geçti.kaliteli ve kullanışlı bir ürün herkese tavsiye ederiz.firmaya teşekkürler...,pozitif,"Kp,Qp",hedefli:satici,adim19_new,pozitif,,pozitif,,,,,
9059,"sadece garanti olayını bilmiyorum, allah düşürmesin ama garantilik bir işimiz olursa göreceğimiz muamele iyi mi olur kötümü olur yorum yapamayacağım...",pozitif,Sx,hedefli:satici,adim19_new,,,,,,,nötr,
9060,"kurulumu son derece kolay hiç bir ustalık gerektirmeyen bir mobilya.kurulum şemasına bile gerek  kalmadı.kaplaması son derece kaliteli,tasarım olarak ta gerçekten çok şık duruyor. ürün tüm parçaları eksiksiz ve hasarsız geldi. teşekkürler hb.",pozitif,"Pp,Qp,Gp,Sp,Kp",hedefli:gorunum,adim19_new,pozitif,,pozitif,pozitif,,pozitif,pozitif,
9061,bozulan kısa farım için aldım. gayet güzelller. yanlız öyle çok büyük bir fark göremedim.,pozitif,Qp*,hedefli:boyut,adim19_new,,,pozitif,,,,,kalite
9062,ürün çok şeker ve zarif. kullanımı rahat ofis vb yerler için çok uygun.. biraz gürültülü çalışıyor ama bu alınan fiyata o seste kabul görmeli diye düşünüyorum.,pozitif,"Gp,Pp*,Fp",hedefli:gorunum,adim19_new,,pozitif,,pozitif,,pozitif,,performans
9063,"""ben tefalin ütülerinden çok memnunum tek tercihim ama bu zamana kadarki en iyi ütü olmuş. kireç büyük bir sıkıntıydı benim içinde teşekkürler tefal""",pozitif,"Qp,Pp",hedefli:boyut,adim19_new,,,pozitif,pozitif,,,,
9064,ürünü aldım 3 hafta kadardır kullanıyorum o kadar güzel ki şekli bozulmuyor çok şık ve aşırı rahat içi de dışı da güzel herkese tavsiye ederim pişman olma ihtimaliniz yok.,pozitif,"Qp,Gp,Pp",hedefli:gorunum,adim19_new,,,pozitif,pozitif,,pozitif,,
9065,bugüne kadar edindğim çaydanlıkların içinde en iyisi. estetik görünümü yanında gayet ergonomik ve kullanışlı bir ürün. çayı dökerken damlatmıyor ve çabuk ısı kaybetmiyor. i̇htiyacı olanlara tavsiye ederim,pozitif,"Qp,Gp,Pp",hedefli:gorunum,adim19_new,,,pozitif,pozitif,,pozitif,,
9066,"kargo süresi makul.kurulum yerine kadar getirip bıraktı arkadaşlar.yetkili servis de hemen gelip kurdu.makinede henüz 2 kere çamaşır yıkadım.çok az miktarda deterjanla harika bir temizlik elde ediliyor.ses konusunda da gayet iyi.göstergesi ,tuşlar çok kullanışlı.i̇yi günlerde kullanın...",pozitif,"Kp,Sp,Pp",hedefli:satici,adim19_new,pozitif,,,pozitif,,,pozitif,
9067,son derece kullanışlı. boyutları küçük ama kaydırmaz ve her şekle girebilen ayakları sayesinde iyi iş görüyor. eklemleri pek güçlü değil o yüzden ağır makineler ve objektiflerde sorun çıkarabilir. ben mini el kamerasında kullanıyorum onda sorun çıkmıyor.,pozitif,"Qp,Bx,Pp*",hedefli:boyut,adim19_new,,,pozitif,pozitif,nötr,,,performans
9068,ürün normal şartlarda güzel parlatıyor ama parlaklığını koruyamıyor. ürünü kullandım yerler ıslak iken biraz yol gittim araçtan indiğimde o parlaklığın kalmadığını farkettim.gerisini siz düşünün ama zaten fiyat olarak ta abartı bir fiyat değil.,negatif,"Pn*,Fp",hedefli:gorunum,adim19_new,,pozitif,,negatif,,,,performans
9069,ürünün kordon sistemi hiçte bahsedildiği gibi zor değil. sayfaya eklediğim (-kabul edilirse) görsele bakarsanız kordona takılan iğnenin kordondan nasıl kolayca çıkarılacağı görülecektir.,pozitif,Pp,hedefli:gorunum,adim19_new,,,,pozitif,,,,
9070,"a4 boyutunda bir tarafı kareli diğer tarafı düz. ben oğlum için aldım çok fazla kağıt israfı oluyordu şimdi silip tekrar yazılabiliyor. kalemi kurşun kalem gibi biraz ince, çocuklar için daha uygun gibi bence.",pozitif,"Bx,Pp",hedefli:boyut,adim19_new,,,,pozitif,nötr,,,
9071,ürün verdiğiniz paraya fazlasıyla değecek şık bir ürün.,pozitif,"Fp,Gp",hedefli:gorunum,adim19_new,,pozitif,,,,pozitif,,
9072,telefonun tasarımı ve dizaynı çok güzel kaliteli metal bir çerçeve kullanılmış. kullanımı çok rahat ve hızlı.teşekkürler.,pozitif,"Gp,Qp,Pp",hedefli:gorunum,adim19_new,,,pozitif,pozitif,,pozitif,,
9073,garanti belgesi üzerindeki garanti̇ geçerli̇li̇k koşullari metninden 2. maddede belirttiğimiz üzere;,pozitif,0,hedefli:satici,adim19_new,,,,,,,,
9074,ürünün malzemesi güzel. boyutu da yavrular için büyük ama yetişkin kediler için kullanışlı. ancak normal bir tarak kadar tüy alıyor. beklentinizi çok yükseltmeyin. fiyatına göre iyi. daha pahalı olsa alınmaz...,pozitif,"Qp,Bx,Pn,Fp",hedefli:boyut,adim19_new,,pozitif,pozitif,negatif,nötr,,,
9075,bebek bezidir dedik ve yenidogan evladimiza 5*80 adet siparis vermistim. 1 tanesini kullandik notuni verdik. diger 4 paket icin iade talebinde bulundum,negatif,Qn,hedefli:satici,adim19_new,,,negatif,,,,,
9076,"3. 3gb ram'in aman aman bir avantajını göremedim. bir önceki telefonım 2gb ram idi, eksik kalır yanı yoktu.",pozitif,Pn,hedefli:satici,adim19_new,,,,negatif,,,,
9077,ürün görseli ile birebir aynı . gayet güzel bir dokusu var oğlumun odasında bir numaralı oyuncagı oldu.,pozitif,"Gp,Qp",hedefli:gorunum,adim19_new,,,pozitif,,,pozitif,,
9078,usb oldukça kullanışlı ve tasarım olarak harika... hem iyi bir usbim olsun hem de bana ayak bağı olmasın istiyorsanız başka ürün aramayın.,pozitif,"Qp,Gp",hedefli:gorunum,adim19_new,,,pozitif,,,pozitif,,
9079,uzun zamandır kullandığım bir ürün. kuaförlerin tercih ettiği bir makine olduğunu söyleyebilirim. çalışmadan kaynaklı herahngi bir arıza meydana gelmedi. düşürdüğüm için bozulduğundan yenisini aldım. garantisi etiketinde garanti süresi 1 yıl yazıyor.,pozitif,"Qp,Sx",hedefli:satici,adim19_new,,,pozitif,,,,nötr,
9080,hızlı eksiksiz geldi kutu ambalajlı ismime faturalı 2 yıl garantili mağazadan nasıl alıyorsan tamamen aynısı şiddetle tavsiye ediyorum bu fiyata kaçırmayın derim kamera profesyonelden farksız hızına söz yok ekran renk canlılıkları kusursuz herşeyiyle harika pili gayet iyi gidiyor,pozitif,"Kp,Sp,Fp,Pp,Qp",hedefli:satici,adim19_new,pozitif,pozitif,pozitif,pozitif,,,pozitif,
9081,tam istedigim gibi.. sadece içerisindeki bazi manyetik tutucularda m3 yapıştırıcısız cikiyir.. ama onu de kikifla tlf arasına sikistirarak hallediyorsunuz..,pozitif,"Qp,Sn",rastgele,adim19_new,,,pozitif,,,,negatif,
9082,yaklaşık bir ay oldu alalı çok memnun kaldık tahmin ettiğimizden daha kaliteli ve guzel çıktı. üreten firmaya da hepsi burada ya çok teşekkürler.,pozitif,Qp,hedefli:satici,adim19_new,,,pozitif,,,,,
9083,hem boyutu hem kalitesi fiyatina gore cok iyi gayet sessiz stabil çalisiyor sogutmasida gayet yeterli tavsiye ederim,pozitif,"Bp,Qp,Fp,Pp",hedefli:boyut,adim19_new,,pozitif,pozitif,pozitif,pozitif,,,
9084,elime biraz gecikmeli ulaştı fakat hafif ve güzel bir kokusu var.tavsiye edilebilir.kalıcılığını henüz deneyimlemedim ama alınabilir bir ürün.,pozitif,"Kn,Pp",hedefli:boyut,adim19_new,negatif,,,pozitif,,,,
9085,bugün kargom ulaştı kitabı yarıladım bile sürükleyici ve her sayfasında merak uyandıran bi kitap tavsiye ederim,pozitif,"Kx,Qp",rastgele,adim19_new,nötr,,pozitif,,,,,
9086,"bebedor ısıya dayanıklı biberona göre camı kalın olduğu için çok ağır, alırken bunu değerlendirin derim şahsen ben aldığıma pişman oldum",negatif,"Bn,Qn",hedefli:boyut,adim19_new,,,negatif,,negatif,,,
9087,hepsiburadaya teşekkür ederim. garanti konusunda da güveniyorum. tereddüt etmeden alabilirsiniz.,pozitif,Sp,hedefli:satici,adim19_new,,,,,,,pozitif,
9088,telefon çok büyük ve cebe sığmıyor.sinyal gücüde zayıf. eski telefonumun bile sinyal gücü daha iyiydi.sony iyibir marka ama bu serisini begenmedim.istediğim performansı alamadım.,negatif,"Bn,Pn,Qn",hedefli:boyut,adim19_new,,,negatif,negatif,negatif,,,
9089,çok güzel pişiriyor.köpürmeye başladığı anda otomatik olarak duruyor.malzeme kalitesi güzel.her pişirimde bol köpüklü kahve.üstelik made in turkey.tavsiye edilir.,pozitif,"Qp,Pp",hedefli:gorunum,adim19_new,,,pozitif,pozitif,,,,
9090,"ödediğiniz bedeli fazlasıyla hakeden bir ürün. tanınmış markalara yüksek meblağlar vermeye gerek yok. üstelik herhangi bir garanti dışı sorun yaşama durumunda (düşme, ekran kırılma..) parçalarını çin'den çok uygun fiyatlara temin edebiliyorsunuz. (tabi biraz beklemek kaydı ile)",pozitif,Fp,hedefli:satici,adim19_new,,pozitif,,,,,,
9091,"kedim için aldım, proplan'a geçtiğim günden beri kedimin tüylerinde gözle görülür değişim var, gayet sağlıklı gözüküyor.",pozitif,Qp,hedefli:satici,adim19_new,,,pozitif,,,,,
9092,"hepsiburada gayet hızlı bir şekilde dolabı kargoya verdi, beklentimizi karşıladı. harika bir servis elemanı kurulumuyla kullanmaya başladık/",pozitif,"Kp,Qp,Sp",hedefli:satici,adim19_new,pozitif,,pozitif,,,,pozitif,
9093,siparişim eksiksiz olarak ertesi gün elime ulaştı. teşekkür ederim.,pozitif,"Kp,Sp",hedefli:satici,adim19_new,pozitif,,,,,,pozitif,
9094,dış görünüşü de gayet güzel çok güzel de kurutup şekillendirebiliyor..,pozitif,"Gp,Pp",hedefli:gorunum,adim19_new,,,,pozitif,,pozitif,,
9095,ben ihtiyacım olan ürünleri almadan araştırma yaparım. en faydalı olanı almaya gayret ederim. bu mikrodalga fırını aldık alalı hiç bir şikayetim olmadı. arkadaşlarıma da aldım. gayet şık tasarımı ve işlevselliği 4 yıldızı hakediyor. alacak olanlara tavsiye ederim.,pozitif,"Qp,Gp",hedefli:gorunum,adim19_new,,,pozitif,,,pozitif,,
9096,fiyatına göre çok cazip ve kullanışlı bi ürün. servisinin de müdahale hızı mükemmel kurulumda yaptığımız hatadan dolayı oluşan problemi anaında gidediler.,pozitif,"Fp,Qp,Sp",hedefli:satici,adim19_new,,pozitif,pozitif,,,,pozitif,
9097,ürünü kardesime aldim.boyutlari buyuk olmasina ragmen kesinlikle kaba durmuyor.ele iyi oturuyor.ekran cerceve orani da oldukca basarili.bu fiyat bandinda dusunmeden alinabilir.,pozitif,"Bx,Gp,Pp,Fp",hedefli:boyut,adim19_new,,pozitif,,pozitif,nötr,pozitif,,
9098,aldığınız telefonunun çince olduğunu görmek istemiyorsanız sakın ithalatçı garantili almayın. yarım yamalak türkçeleştirilmiş bir android hiç hoş olmamış. ürünü alıp biraz inceledikten sonra hemen geri iade ettim.,negatif,Pn,hedefli:satici,adim19_new,,,,negatif,,,,
9099,kargo biraz bekletti ama değdi gerçekten güzel ve kaliteli telefon yanlız ekran kenarları oval olduğundan kırılmaz cam üzerinde biraz acayip duruyor,pozitif,"Kn,Qp,Gn",rastgele,adim19_new,negatif,,pozitif,,,negatif,,
9100,ütü masasının kılıfındali beyazlıkların ne oldugu resimde belli olmıuyor,pozitif,Gn,hedefli:gorunum,adim19_new,,,,,,negatif,,
9101,"çok pratik ve normal süpürgeler gibi iş görüyor. oldukça hafif,yormuyor.",pozitif,"Pp,Qp,Bp",hedefli:boyut,adim19_new,,,pozitif,pozitif,pozitif,,,
9102,"radyo ses kalitesi iyi , rakamlar büyük . i̇çinden çıkan türkçe kullanım kılavuzu yetersiz . ayarları biraz uğraştırıyor ama fonksiyonlar güzel. alarm radyo ile veya zil ile ayarlanabiliyor.",pozitif,"Pp*,Sn",hedefli:satici,adim19_new,,,,pozitif,,,negatif,performans
9103,çok güzel ürün. performans güzel.servis yarım saat içinde gelip bağladı,pozitif,"Qp,Sp",hedefli:satici,adim19_new,,,pozitif,,,,pozitif,
9104,ürün kalite olarak gayet iyi.perde uçları özel işlem görmüş şekilde hazır geliyor.telefon ile arayıp ürünü detaylı bir şekilde anlatarak ölçü konusunda tekrar teyit alıyorlar.teşekkürler.,pozitif,"Qp,Pp,Sp",hedefli:boyut,adim19_new,,,pozitif,pozitif,,,pozitif,
9105,ürünü sipariş ettim ertesi gün elime geçti görüntü kalitesi çok güzel kanal geçişleri hızlı sayılır gayet memnun kaldım ben,pozitif,"Kp,Pp,Qp",hedefli:gorunum,adim19_new,pozitif,,pozitif,pozitif,,,,
9106,içinden hediye fitre çıkmıyor ürün resimine bakınca sanıyorsunuz fitre hediye geleçek bedavadan zaten maskenin fiyatı 55-60 civarı filitreyle beraber bu fiyat yani içinden sadece 1 çift filtre çıkıyor 2çift değil.,negatif,"Sn,Fx",hedefli:gorunum,adim19_new,,nötr,,,,,negatif,
9107,sipariş etmiştim zamanında elime ulaştı ürünün hacmi çok ufak fakat küçük bir parçaya kaynaklama yaptım sonuç mükemmel oldu sertleştikten sonra mikro freze ile kanal açarak dişli sistemini aktif hale getirip çalıştırdım kısacası iş gören bir ürün,pozitif,"Kx,Bn,Qp",hedefli:boyut,adim19_new,nötr,,pozitif,,negatif,,,
9108,garaj tavavnı için aldım ihiyacı karşılayacak güzel bir ürün öneririm,pozitif,Qp,rastgele,adim19_new,,,pozitif,,,,,
9109,ürün gayet iyi motor olsun tasarım olaun süper ama tek sorun küçük başlık seçeneği olmadığından dar bölgelerde tıraş zorlaşıyor ama ürürnü almaya değer,pozitif,"Qp,Pp*,Gp,Fp",hedefli:boyut,adim19_new,,pozitif,pozitif,pozitif,,pozitif,,performans
9110,"urun gayet saglam , takmasi kolay. vidalar her boy ve urune gore uc set koyulmus paketteki tek eksik vida pullari yoktu.  samsung 48 inc tv ye uydu",pozitif,"Qp,Pp,Sp*",hedefli:satici,adim19_new,,,pozitif,pozitif,,,pozitif,satici
9111,yetki̇li̇ servi̇sleri̇ne kendi̇ 4lt motul yağimi götürüp bu yaği koymalarini söylüyorum.,pozitif,0,hedefli:boyut,adim19_new,,,,,,,,
9112,güvenilir satıcı hızlı gönderi... artık öncelikle canpet e bakıyorum birşey alırken,pozitif,"Sp,Kp",hedefli:satici,adim19_new,pozitif,,,,,,pozitif,
9113,çok kaliteli bir ürün beklemeyin. 6 aydır kullanıyorum. pusetin kenarlarındaki tuşları ve pusetin kol kısmı kırıldı. satıcıya resimlerini gönderdim. resimleri incelediği halde cevap bile vermedi. i̇ş görür ama uzun süre kullanımda başınızı ağrıtabilir.,negatif,"Qn*,Sn",hedefli:satici,adim19_new,,,negatif,,,,negatif,kalite
9114,arkadaşım almış ve çok memnun olduğunu söyledi.beraber demleyip içtik ve çayın tadı bozulmuyor hiç çok pratik ve kolay bir kullanımı var. garanti süresinin 4 sene olmasıda çok iyi.bende alıcam kesinlikle.,pozitif,"Qp,Pp,Sp",hedefli:satici,adim19_new,,,pozitif,pozitif,,,pozitif,
9115,ürün gayet güzel 2 günde teslim aldım.siteye ve satıcıya çok teşekkür ederim..,pozitif,"Qp,Kx",hedefli:satici,adim19_new,nötr,,pozitif,,,,,
9116,servis bakımlarında castrol edge kullanılıyordu araştırmalarım sonunda bu yağı almaya karar verdim. çok yüksek beklentide bir fark beklemiyordum sonuçta ikisi de kaliteli marka ancak aracımın şu anda daha sessiz çalıştığını söyleyebilirim. (skoda octavia 1.6 tdi). fiyat olarak hb teşekkürler,pozitif,"Pp,Fp",hedefli:satici,adim19_new,,pozitif,,pozitif,,,,
9117,boşverin pahali ürünleri delta neopren dambıl tek kelime ile harika.ben farkli ağırlıklarıni aldim kesinlikle memnunum ve herkese tavsiye ediyorum. teşekkürler h.b.,pozitif,"Fp,Qp",rastgele,adim19_new,,pozitif,pozitif,,,,,
9118,aldigim mallar ve servis takibi gercekten cok harikulade.,pozitif,"Qp,Sp",hedefli:satici,adim19_new,,,pozitif,,,,pozitif,
9119,"çok kalıcı oldugu soylenmesi biraz yanıltıcı.koku çok cool ancak cok kalıcı değil, zaten parfümde aşırı kalıcılık ona zarar verir.sadece kalıcı parfüm arıyorsanız aradığınız bu değil...",negatif,Pn*,rastgele,adim19_new,,,,negatif,,,,performans
9120,ürün fiyat olarak piyasanın altında kalite olarak fiyatının hakkını veriyor alın ve kesinlikle memnuniyetle kullanın nt mağazalarında ürün mevcut fiyat olarak %50 daha fazla,pozitif,"Fp,Qp",hedefli:satici,adim19_new,,pozitif,pozitif,,,,,
9121,satıcıya özellikle teşekkür ederim. şehir dışında olmasına rağmen sipariş verdiğim günün ertesi günü ürün elime ulaştı! paketlemesi kargo için sağlam yapılmış. ürün de çok güzel çok memnunum.,pozitif,"Sp,Kp,Qp",hedefli:satici,adim19_new,pozitif,,pozitif,,,,pozitif,
9122,aracın alt kısmındaki ziftlere uyguladığımda gayet hızlı ve etkin biçimde çıkardı yanlız üstündeki cilayıda alacağından kullanım kılavuzunda belirtildiği üzere uygulama sonrası cila yapılması önemli.,pozitif,Qp,hedefli:satici,adim19_new,,,pozitif,,,,,
9123,bileği tutan kısım çok başarılı fakat sadece sol el için tasarlanmış gibi geldi bana. yine de kaliteli bir ürün.,pozitif,"Pp*,Qp",rastgele,adim19_new,,,pozitif,pozitif,,,,performans
9124,i̇pana diş macununu hiç sevmedim ağzımda bir film tabakası oluşturdu diş fırçası ve gargaradan memnunum ama beyazlatıcı etkisini göremedim ürün fiyat açısından iyi belki ama en güzeli şarjlı diş fırçası diğerleri promosyon gibi olmuş idare eder düzeyde bence,negatif,"Qn*,Pn,Fp",hedefli:satici,adim19_new,,pozitif,negatif,negatif,,,,kalite
9125,hepsi burada satıcısından cuma aldım cumartesi elimdeydi güzel ürün. şık kutusu kargoda biraz ezilmiş ama sorun değil.,pozitif,"Kp*,Qp",hedefli:satici,adim19_new,pozitif,,pozitif,,,,,kargo
9126,ürünün gri renkte olanı geldi. ben yukarıdakini istemiştim. gerçi grisi de güzel... ama tam istediğim gelse daha iyi olurdu...,negatif,"Sn,Gp",hedefli:gorunum,adim19_new,,,,,,pozitif,negatif,
9127,arkadaşlar aldım hemen iade ettim.halıda yürütebilmek için baya bi kuvvete ihtiyaç var.10 yaşındaki oğlum inanın yürütemedi.tekerleklerin yanına saçma bi destek yapmışlar ileri geri yaparken takılıyor.hi̇ç tavsi̇ye etmem.ha bu arada hepsi̇burada ya teşekkür ederim hemen iademi gerçekleştirdiler.,negatif,"Pn,Sp",hedefli:satici,adim19_new,,,,negatif,,,pozitif,
9128,bittikçe alıyoruz. biraz büyük ama bölerek veriyoruz. asla hayır demiyor kırıntıları bile yalıyorr...,pozitif,"Qp,Bn",hedefli:boyut,adim19_new,,,pozitif,,negatif,,,
9129,şu an itibariyle gayet iyi. sadece biraz ışıklı menüleri kullanmak zor görünüyor. kitapçığını yanında tutmak gerekli. bir de sadece sıcak su ekleme özelliği olsaymış çok iyi olacakmış.kahve koyu olunca sıcak suyla açmak iyi olurdu...,pozitif,"Qp,Pn",hedefli:gorunum,adim19_new,,,pozitif,negatif,,,,
9130,"ürün gayet kullanışlı, içerisinden 2 adet aynı renkte çıkıyor. biri farklı renkte olsa daha iyi olurdu. ürün çok küçük değil silerken zorlanmıyorsunuz. alacaklara tavsiye ederim.",pozitif,"Qp,Gn,Bp",hedefli:gorunum,adim19_new,,,pozitif,,pozitif,negatif,,
9131,wd kalitesi tartışılmaz. bu ürünün aynısını 2 yıldır kullanıyorum.depolama için ideal bir ürün.ürün zaten kendini gösteriyor. gözü kapalı alabilirsiniz. gönderen firmanın paketlemesi çok iyiydi.hepsiburada zaten çok iyi.teşekkürler hepsiburada...,pozitif,"Qp,Kp",hedefli:satici,adim19_new,pozitif,,pozitif,,,,,
9132,ürün garantisiyle beraber geldi bütün özellikleri sorunsuz çalışıyor.fiyat olarak çok uygun güzel bir saat.,pozitif,"Sp,Qp,Fp",hedefli:satici,adim19_new,,pozitif,pozitif,,,,pozitif,
9133,buharı üstünde 60 derece sonuç beklediğimden iyi. boyutu biraz buyuk bilginize küçük boyutlu isteyenler 1 lt olanı seçsin.,pozitif,"Pp,Bx",hedefli:boyut,adim19_new,,,,pozitif,nötr,,,
9134,öncelikle yazma sebebim burdan bakıp tereddütü olan arkadaşlar için bilinizki samsung türkiye garantisi ile cihazım geldi orjinal kutusu ve içi açılmamış adamlar sanki hiç açılmıyacak gibi paketlemişler boş yere fazla para vermeyin hepsiburadaya teşekkürler,pozitif,"Sp,Kp,Fp",hedefli:satici,adim19_new,pozitif,pozitif,,,,,pozitif,
9135,"kırılmadan geldi,iyi paketlenmişti.ürün anlatıldığı gibi. net ve parlak gösteriyor.",pozitif,"Kp,Qp,Pp",hedefli:gorunum,adim19_new,pozitif,,pozitif,pozitif,,,,
9136,evet arkadaslar bu cihaz piyasadakilerin en iyilerinden.10400 mah gücünce iki iyi cihaz var biri philips biri bu.ben ikisini de kullanmıs biri olarak diyebilirm ki aynı kapasitedeler.ama philip bundan daha hafif bu ise daha şekil :),pozitif,"Qp,Bn,Gp",hedefli:boyut,adim19_new,,,pozitif,,negatif,pozitif,,
9137,hafif direnç tercih edenler için ideal fakat diyerlerinin uzunluğu ve eni daha iyi hareketler sırasında eninden dolayı katlanıyor  fiyatına bakmayın alınca iyisi olsun daha kaliteli olanları tavsiye ederim,negatif,"Pp,Bn,Qn",hedefli:boyut,adim19_new,,,negatif,pozitif,negatif,,,
9138,mükemmel düşünülmüş bir tasarım harikası adeta kurulumu da bir okadar kolay,pozitif,"Gp,Pp",hedefli:gorunum,adim19_new,,,,pozitif,,pozitif,,
9139,"gayet yeterli. bu fiyata 200 hz, uydu alıcılı, 3 yıl garantili,",pozitif,"Qp,Fp,Pp,Sp",hedefli:satici,adim19_new,,pozitif,pozitif,pozitif,,,pozitif,
9140,telefonu perşembe günü teslim aldım 3 gündür kullanıyorum telefon harika şarjı da eğer çok oyun oynamıyorsanız bir gün gidiyor.internete bağlanma hızı süper bu fiyata bu kalite kaçırmayın derim.,pozitif,"Kx,Qp,Pp,Fp",rastgele,adim19_new,nötr,pozitif,pozitif,pozitif,,,,
9141,ürün kaliteli ve aynen resime göründüğü gibi.tesekkurler hepsi burada,pozitif,"Qp,Gp",hedefli:gorunum,adim19_new,,,pozitif,,,pozitif,,
9142,ürün görseli iyi sesi normal montaj üçretsiz 444 aradıgınızda fakat içinden uzatma kablosu ckmadı 50-60 cm bir kablo cıktı,pozitif,"Gp,Px,Sn*",hedefli:gorunum,adim19_new,,,,nötr,,pozitif,negatif,satici
9143,ürün bir kaç günde ancak geldi.rengi ve görüntüsü şık.kullanışlı.demlenen çay lezzetli.fiyatı piyasaya göre iyi.tavsiye ederim,pozitif,"Kn,Gp,Qp,Pp,Fp",hedefli:gorunum,adim19_new,negatif,pozitif,pozitif,pozitif,,pozitif,,
9144,ürün gayet sağlıklı bir şekilde elime ulaştı. firmaya teşekkür ederim. hepsi buradyada bu ürünlerle bizi buluşturduğu için teşekkür ederim.,pozitif,Kp,hedefli:satici,adim19_new,pozitif,,,,,,,
9145,"ürün kısa sürede elime ulaştı,güvenilir satıcı,piyasa fiyatına göre oldukça makul bir fiyatı var.",pozitif,"Kp,Sp,Fp",hedefli:satici,adim19_new,pozitif,pozitif,,,,,pozitif,
9146,merhaba ürünün bence olumlu özellikleri ürün internette çok hızlı bataryası oyun oynasanız elinden düşürmezsiniz dahi 1 günü rahat çıkartıyor kendi radyosu var extra ses kaliteli.evo garantili.,pozitif,"Pp,Qp,Sx",hedefli:satici,adim19_new,,,pozitif,pozitif,,,nötr,
9147,"her şişeye uymuyor, bayaa büyük yapmışlar..pakete iki tane aynı boy yerine bir küçük bir büyük koysalarmış daha kullanışlı olurmuş..",negatif,"Pn,Bn",hedefli:boyut,adim19_new,,,,negatif,negatif,,,
9148,ürün duvarda çok güzel duruyor. bayıldım tavsy ederm .,pozitif,"Gp,Qp",hedefli:gorunum,adim19_new,,,pozitif,,,pozitif,,
9149,hiç kullanisli değil telefona takılan küçük lambalar daha çok iş goruyor,negatif,Qn,hedefli:boyut,adim19_new,,,negatif,,,,,
9150,"cihaz dış görünüm, kasa yapısı ve kalitesi olarak premium cihazlarla eşdeğer.(örnek:note5,s7)",pozitif,"Gp,Qp",hedefli:gorunum,adim19_new,,,pozitif,,,pozitif,,
9151,"merhaba; ben ürün yorumundan önce hepsiburada.com ailesine, bütün personellerine ve yönetime teşekkürü bir borç sayıyorum. ürün ilk geldiğinde püskürtme başlığı yoktu ve sprey oldukça azdı. sorunu bildirdim, hemen yenisini gönderdiler ve eskisini iade etmemi dahi istemediler.",pozitif,"Sp*,Bn",hedefli:satici,adim19_new,,,,,negatif,,pozitif,satici
9152,tek korkum sahta bir ürün ile karşılaşmaktı amatelefonun imei numarasını kontrol ettim.garantisi sağlam ve gerçek.,pozitif,Sp,hedefli:satici,adim19_new,,,,,,,pozitif,
9153,"1 haftadır kurcalıyorum, wi-fi bağlantısı hızlı, 3g hızını deneyemedim, şebeke edge çünkü, sesi gayet başarılı, ekran süper, dokunmatiği yeterli derecede. kamerada flaş olmaması, önde kamera olmaması eksiklik denemez, çünkü onlar da olunca ismi c6 olurdu :) fiyatı da böyle olmazdı.",pozitif,"Pp,Fp",hedefli:satici,adim19_new,,pozitif,,pozitif,,,,
9154,ürün hakkında bazı olumsuz yorumlar yapılmış.katılmıyorum.sebep:sabah inceledim yeni geldi ürün.barı 10 numara.vidaları klasik vida.sorun yok.ağırlıklar desen standart plastikten ağırlıklar.güzel yani.ve dambıll çubukları da ele iyi oturan cinsten.body building sporuyla ilgilenenler kalitesini anlayacaktır ürünün.alın derim bu fiyata kaçırmayın bb-severler.,pozitif,"Qp,Pp,Fp",hedefli:boyut,adim19_new,,pozitif,pozitif,pozitif,,,,
9155,süper bi cihaz hem şık hem çok kullanışlı bir uydu cihazinda olmasi gereken hersey var tv adeta bilgisayara ceviriyor gönderici firmaya ve hepsi buradaya teşekkürler,pozitif,"Qp,Gp,Pp",hedefli:satici,adim19_new,,,pozitif,pozitif,,pozitif,,
9156,siparişimi vermiş olduhum ürün tedarikçi firmada ellrinde kalmamış ve firma bana jest olarak bu ürünü göndermiş 5 gündür makıneyı canını ckardık ama maşallah ı vr..müşeri hizmetleeri mükemmmmmmel    hepsi̇buada da emği gecen tüm arkadaşlaraaa  teşekkürleerrr,pozitif,"Sp,Qp",hedefli:satici,adim19_new,,,pozitif,,,,pozitif,
9157,hızlı kargo güvenilir firma oğlumuzun bezi biter bitmez yeniden görüşmek dileğiyle teşekkürler.,pozitif,"Kp,Sp",hedefli:satici,adim19_new,pozitif,,,,,,pozitif,
9158,ürün gerçekten güzel tek eksiği üzerinde priz aparatı olmaması. eviniz geniş ise alınabilecek bir ürün.,pozitif,"Qp,Pn,Bx",hedefli:boyut,adim19_new,,,pozitif,negatif,nötr,,,
9159,hizli gönderi için teşekkürler 230 derecede sac yapinca kenarlari yüzünden el yanması olabilir ama ürün fiyatina göre gayet iyi saca parlaklik verdigini soyleyebilirim,pozitif,"Kp,Pp*,Fp",rastgele,adim19_new,pozitif,pozitif,,pozitif,,,,performans
9160,muadillerine göre fiyatı uygun ve kaliteli. portatif boyutlarda,pozitif,"Fp,Qp,Bp",hedefli:boyut,adim19_new,,pozitif,pozitif,,pozitif,,,
9161,ürün çok güzel. kargo iki gün içerisinde geldi. yetkili servis kurulumu yaptı. teşekkürler,pozitif,"Qp,Kx,Sp",hedefli:satici,adim19_new,nötr,,pozitif,,,,pozitif,
9162,"kullanım kılavuzunda da yazdığı gibi, ilk iki sürahi kahveyi içmeyiniz. i̇çindeki plastik kokusunun geçmesi gerekiyor. daha sonraki kahvelerin içimine doyum olmuyor.",pozitif,Pp*,hedefli:satici,adim19_new,,,,pozitif,,,,performans
9163,bir de bu modeli denesinler.hafifliği ile bir başka düzlemde yürüdüklerini hissedecekler.harika bir ürün.,pozitif,"Bp,Qp",hedefli:boyut,adim19_new,,,pozitif,,pozitif,,,
9164,daha önceki alışverişimde hepsiburada satıcısı beni hayal kırıklığına uğrattı ama bu urun çok hızlı şekilde elime ulaştı hepsiburadaya bu alışverişimde teşekkür ederim,pozitif,Kp,hedefli:satici,adim19_new,pozitif,,,,,,,
9165,paketleme kontrol edilerek yapilabilirdi  kemer kutudan cikmadi  ( firmaya ulasamadim tedarik icin) kurulum zaman aliyor  cunku somunlara ulasmasi zor. cocugumuz cok sevdi ozellikle muzik  olmasini,pozitif,"Sn,Pn*,Qp",hedefli:satici,adim19_new,,,pozitif,negatif,,,negatif,performans
9166,ürün çok iyi değil.kalın telli ve kabarık saçlarınız varsa sizi tatmin etmeyecektir. fön etkisi vermiyor malesef. saçı çok fazla kabartıyor ve iyi düzleştirmiyor.,negatif,"Qn,Pn",rastgele,adim19_new,,,negatif,negatif,,,,
9167,canakla bi̇rli̇kte aldim.kullanimi basi̇t.kullanim klavuzunu i̇yi̇ okuyun..5 dk da si̇nyali̇ bulup hemen canagi sabi̇tledi̇m.olumsuz di̇yer yorumlara kulak asmayin.beceri̇ksi̇z li̇kleri̇ni̇ kapatip ci̇hazi kötülüyorlar.montaj parasina ci̇haz sahi̇bi̇ oldum. bi̇razcik  el becerni̇z varsa   %100    tavsi̇ye edri̇m.,pozitif,"Pp,Fp",hedefli:satici,adim19_new,,pozitif,,pozitif,,,,
9168,parasına ve yaptığı işe göre iyi bir ürün.ancak kullanma kılavuzu yeterli bir açıklama yapmıyor kullanımını deneme yanılma yöntemi ile öğrenebilirsiniz.kendi işinizi ve eş dost işini görebilirsiniz.,negatif,"Fp,Qp,Sn",hedefli:satici,adim19_new,,pozitif,pozitif,,,,negatif,
9169,samsung türkiye garantili ürün eksiksiz olarak teslim aldım. sistemde belirtilen günde teslim edildi. keşke teslimat süresini daha kısa tutabilseler daha iyi olur. tavsiye ederim. hepsiburada.com farkı ile piyasanın en uygun fiyatı.,pozitif,"Sp,Kn,Fp",hedefli:satici,adim19_new,negatif,pozitif,,,,,pozitif,
9170,ürün fi̇yat performans açisindan çok i̇yi̇ kesi̇nli̇kle kaçirmayin.hepsi̇ burada şu ana kadar aldiğim hi̇çbi̇r üründe beni̇ şaşirtmadi her zamanki̇ gi̇bi̇ hizli tesli̇mat teşekkürler.,pozitif,"Fp,Kp",hedefli:gorunum,adim19_new,pozitif,pozitif,,,,,,
9171,alacakları için paket sıfır açılmamış şekilde geldi samsung garantisi üzerinde özellikleri ve uygulamaları güzel ben beğendim kesinlikle tavsiye ederim,pozitif,"Kp,Sp,Pp,Qp",hedefli:satici,adim19_new,pozitif,,pozitif,pozitif,,,pozitif,
9172,"pazar günü sipariş verdim. çarşamba günü elime ulaştı; hızlı teslimat... ürüne gelince: kakosu çok hoş,rahatsız edecek kadar ağır, farkedilmeyecek kadar da hafif değil.yaz için ideal. kalıcılık gayet başarılı; 10/8,5..teşekkürler hb.",pozitif,"Kp,Pp",hedefli:boyut,adim19_new,pozitif,,,pozitif,,,,
9173,"zaten fiyatını görünce tereddütsüz almıştım, kötü çıkarsa bile bi süre idare eder demiştim ancak bugün ulaştı bana ve kesinlikle kaliteli ürünler. 6 kglık seti aldım çok memnun kaldım, teşekkürler hb..",pozitif,"Fp,Qp,Kx",hedefli:gorunum,adim19_new,nötr,pozitif,pozitif,,,,,
9174,ben tavsiye etmiyorum  ancak havlu filan koyarsınız banyonuzda oda suyla teması olmaması lazım kaliteli bir ürün değil eksik,negatif,"Qn,Pn",hedefli:satici,adim19_new,,,negatif,negatif,,,,
9175,şimdi alacak arkadaşlara 2 şey söyleyerek başlayacağım. i̇lki bazı yorum yapanlar gibi gerçeği gibi hiçç değil diyen ergen arkadaşlara sakın bakmayın hata yaparsınız. diğeri ise acaba bu yorum yapan firma elemanı mı?,pozitif,Gp,hedefli:satici,adim19_new,,,,,,pozitif,,
9176,satici gönderimi cok hizli.makinaya gelince süper!!! hepa filtreli oluşu rengi cekim gücü mükemmel.gercekten cok memnun kaldim.ayrica kablo toplama derdide yok.borusuda dysonun borularina benzio kaliteli iki supurge basligi ve ince uclu aparatlar iki adet cok begendim.ablamada alcam,pozitif,"Kp,Qp,Pp,Gp,Sp",rastgele,adim19_new,pozitif,,pozitif,pozitif,,pozitif,pozitif,
9177,ürünü annem için araştırarak aldım bende bir teka satıcısı olarak şunları söyleyebilirim:,pozitif,0,hedefli:satici,adim19_new,,,,,,,,
9178,ucuz kaliteli bir ürün piyasada daha sağlam ve ucuzunu bulamazsınız.. hızlı gönderim için teşekkürler herkese tavsiye ederim oturumu rahat sırt kısmı ve oturma bölümü geniş,pozitif,"Fp,Qp,Kp,Pp,Bp",hedefli:boyut,adim19_new,pozitif,pozitif,pozitif,pozitif,pozitif,,,
9179,ürünün emiş gücü çok iyi gerçekten ve kullanması rahat; çok hafif. tamamen plastikten olması ömrünün uzun olmayacağı gibi bir his yaratsa da bu fiyata göre beklenebilecek bir sonuç.,pozitif,"Pp,Bp,Qn,Fx",hedefli:boyut,adim19_new,,nötr,negatif,pozitif,pozitif,,,
9180,penyesi cok iyi kaliteli alt kismi biraz dar geliyor suanda hamile oldugum icin ama kesinlikle tavsiye ederim. uzunlugu konusunda terddutluydum ama hamile oldugum halde bile suan kisa degil. beden olarak bir beden buyugunu aldim rahat olmasi icin.,pozitif,"Qp,Bn*",hedefli:boyut,adim19_new,,,pozitif,,negatif,,,boyut
9181,"şimdiden çok memnun kaldık,kullanımı basit ve temiz yıkıyor,herşeyden önemlisi ekonomik ve iç dizaynı çok kullanışlı,her eve tavsiye edebilirim kesinlikle memnun kalırlar,kargo 2 günde getirdi ve kurulumu 5 dakika aldı,servisten de çok memnun kaldık;)",pozitif,"Qp,Pp,Kp,Sp",hedefli:satici,adim19_new,pozitif,,pozitif,pozitif,,,pozitif,
9182,kullanışlı pratik ve hepsi burada mağazasında fiatı çok uygun enkısa sürede evinize teslim edilmesi mükemmel ilk kez alışveriş yaptığım bu siteyi çok güvenli buldum,pozitif,"Qp,Fp,Kp,Sp",hedefli:satici,adim19_new,pozitif,pozitif,pozitif,,,,pozitif,
9183,ürünü almadan önce kısa bir araştırma yaptım. bilgisayar satış ve servis işiyle uğraşanlara sordum. bu ürünü tavsiye ettiler. aldım memnunum.,pozitif,Qp,hedefli:satici,adim19_new,,,pozitif,,,,,
9184,ürünle ilgili kargoda sıkıntı yaşadım fakat kısa zamanda çözüldü..ürün çok hoş kulanım kolay ve hafif diğer markalara onca para vermeye gerek yok..ben çok beğendim kesinlikle tavsiye ederim ayrıca hepsiburada.com çok teşekkür ederim yardımlarından dolayı müşteri hizmetleri süper,pozitif,"Kn,Qp,Pp,Bp,Fp,Sp",hedefli:satici,adim19_new,negatif,pozitif,pozitif,pozitif,pozitif,,pozitif,
9185,ebat olarak standart bi anahtarın 2/3ü kadar büyüklükte gayet şık-kompakt ve minimalist bi yapıya sahip. markasının hakkını verecek bi sağlamlığı ve performansı var. bence kaçırmayın derim,pozitif,"Bp,Gp,Qp",hedefli:boyut,adim19_new,,,pozitif,,pozitif,pozitif,,
9186,farlarıma sıfır görünümü verdi aracım 2013 model. verdiğiniz paranın karşılığını yüzde bin veriyor bu ampüller.,pozitif,"Qp,Fp",rastgele,adim19_new,,pozitif,pozitif,,,,,
9187,mutfakta kullanmak üzere aldım görüntü gayet temiz ve net.yalnız çerçeve biraz narin fazla harekete darbeye pek dayanıklı değil.sesi kötü şeklinde yorumlar okudum bence gayet yeterli.usb film de oynatabiliyor.22 inc bir ekranı daha uygun fiyata bulamazsınız,pozitif,"Pp,Qn,Fp",hedefli:gorunum,adim19_new,,pozitif,negatif,pozitif,,,,
9188,"renk canlılığı olsun kalitesi olsun gerçekten çok güzel, çok beğendim...",pozitif,"Gp,Qp",hedefli:gorunum,adim19_new,,,pozitif,,,pozitif,,
9189,kolye göründüğünden daha güzel ve kutusu da özenle gönderilmiş. içindeki not da müşteriye verilen değeri gösteriyor. almak isteyen varsa hiç düşünmeden alsın,pozitif,"Gp,Kp,Sp",hedefli:gorunum,adim19_new,pozitif,,,,,pozitif,pozitif,
9190,sorunsuz hizmetiniz için teşekkür ediyor başarılarınızın devamını diliyorum,pozitif,0,rastgele,adim19_new,,,,,,,,
9191,ürünü yeni aldım.henüz kullanmadım.çok şık.çeliği parmak izi olmuyor.ayrıca demliğini kullanmak istemesseniz su ıstıcının ayrıca bir kapağı var.gören iki arkadaşım daha aldı.öneririm.,pozitif,"Gp,Pp",rastgele,adim19_new,,,,pozitif,,pozitif,,
9192,"kullanım kılavuzunu dikkatlice okuduktan sonra, ve önerilen şekilde kullandıktan sonra kesinlikle işe yaradığını gördüğüm ürün. tüylerimde incelme, ve belirli yerlerde azalma görmeye başladım bile - ki alalı çok da olmadı. başarılı buldum.",pozitif,Qp,hedefli:satici,adim19_new,,,pozitif,,,,,
9193,almayın ben aldım bağımlı oldum sürekli elimde oynayıp duuruyorum :)) mukavemet oldukça güçlü herkesin belirttiği gibi oldukça küçük ben 10 adet aldım anca ele avuca geldi :),pozitif,"Qp,Bn",hedefli:boyut,adim19_new,,,pozitif,,negatif,,,
9194,normalde m giyiyorum l istememe ragmen küçük geldi,negatif,Bn,hedefli:boyut,adim19_new,,,,,negatif,,,
9195,1 günde geldi telefonu zaten biliyordum ancak yeni bir sıkıntısını öğrendim araç şarzında ve uzun süre elektrikte takılı olacak şekilde şarz edilmemesi tavsiye ediliyor bozuluyormuş,pozitif,"Kp,Qn",rastgele,adim19_new,pozitif,,negatif,,,,,
9196,pc kasamı led tv ye bağladım.bu kalvye mause setini almam iyi olmuş.çok hafif .tabi bir microsoft gibi değil .ama yaptığı işler ondan aşağı kalır değil. tepkimesi harika.alıcısı çok ufak  mause un bir parçası olabiliyor.eğer internet için alıcaksanız tam size göre,pozitif,"Bp,Qp,Pp",hedefli:boyut,adim19_new,,,pozitif,pozitif,pozitif,,,
9197,denemeden ilk kez aldım ve hiç beğenmedim. ilk defa alacaklara tavsiye etmem. ben  ürünü  hemen i̇ade ettim  bu site hem çok güvenilir hem de çok hızlı iade için hiç bekletmediler hemen yaptılar. teşekkürler,negatif,"Qn,Sp",hedefli:satici,adim19_new,,,negatif,,,,pozitif,
9198,"ürünün hafifliği, buhar gücü 10 numara. kesinlikle tavsiye ediyirum.",pozitif,"Bp,Pp",hedefli:boyut,adim19_new,,,,pozitif,pozitif,,,
9199,ürün resimde görüldüğü gibi çift sebzelikle gelmedi kapı kolları çok kaba duruyor kapı boyası ile yanlarının tonu farklı motoru da sürekli çalışıyor önceki buzdolabımı ayarladığım dereceye gelince stop ediyordu bu ürün sürekli çalışıyor insanı sesi rahatsız ediyor,negatif,"Sn,Gn,Pn",hedefli:gorunum,adim19_new,,,,negatif,,negatif,negatif,
9200,çok güzel kokuyo çok beğendim. ama parfüm 100ml den biraz az gibi geldi bana . yani resimdekinin birazı boş gibiydi. yinede kokusunu çok beğendim baya kalıci.,pozitif,"Pp,Bn,Qp",hedefli:gorunum,adim19_new,,,pozitif,pozitif,negatif,,,
9201,gucune bakmadan alip buyuk hacimlere kullanirsaniz tabiki yeterli olmaz. lambader icin harika... hos bi renk istedigim duzeyde bir isik veriyor...,pozitif,"Qp,Pp",hedefli:gorunum,adim19_new,,,pozitif,pozitif,,,,
9202,arkadaşlar bu ürünün gri rengini eski aracımda uyguladım çok kaliteli ve şık bir ürün. bugün de yeni aracıma siyahını sipariş verdim. kılıfı tek kat iple dikerseniz ip yetecektir dikerken kılıfı biraz gerdirip sıkı dikmenizde fayda var.,pozitif,"Qp,Gp",hedefli:gorunum,adim19_new,,,pozitif,,,pozitif,,
9203,"sonuçta bir tomtom değil ama eksikliğini hissettirmez. bir iphone değil ama fiyatını düşününce aynı paraya iphonedan kralını yapar nokia. bir walkman değil zaten sony o konuda aşmış ama ben de dj değilim, işe gidip gelirken dinliyorum işte müziğimi.",pozitif,"Pp,Fp",hedefli:satici,adim19_new,,pozitif,,pozitif,,,,
9204,"ürün bugün elime geçit, gayet şık ve güzel. 4 tane oyuncağı, aynası ve halı üstünde 3 farklı hısırtıli kısmı var. renkler çok canlı. beklediğimden büyük ayrıca.",pozitif,"Kx,Gp,Pp,Bp",hedefli:boyut,adim19_new,nötr,,,pozitif,pozitif,pozitif,,
9205,"oyuncak niyeti ile tek kullanımlık alırsanız amenna, lakin sürekli kullanışlı birşey arıyorsanız almayın ! tamamı plastik oyuncaktan ibaret görüntüsü sizi kandırmasın!!",negatif,Qn,hedefli:gorunum,adim19_new,,,negatif,,,,,
9206,aracım 2001 model.klimayı açtığımda ağır bir koku geliyordu.bu ürün sayesinde o koku kesildi ve hoş bir koku gelmeye başladı.kesinlikle tavsiye ederim,pozitif,"Qp,Pp",hedefli:boyut,adim19_new,,,pozitif,pozitif,,,,
9207,ürün bugün elime ulaştı. inanın çok uzun olmayan kılları cok rahat alıyor. birde benden size tavsiye yavas yavas bastırın birdrn bastırıp almayın almıyor:) yapmanız gereken hafifce bastırıp gezdirmek tüy kıl bişi bırakmıyor.,pozitif,Qp,hedefli:boyut,adim19_new,,,pozitif,,,,,
9208,pilleri yale marka ev alarm siren kutusuna aldım eskileri de aynı markaydı tam 3 yıl kullandıktan sonra ömrü doldu yenisi ile deyiştirdim tercihim yine bu marka oldu hepsi̇burada ya teşekkürler tabi satıcıyada,pozitif,Qp,hedefli:satici,adim19_new,,,pozitif,,,,,
9209,eski kullandığım ürün bozulduktan sonra yeni almaya karar verdim fazla araştırmadan en ucuzunu aldım ve gayet güzel çıktı tüm fonskiyonlar eksiksiz çalışıyor tavsiye ederim.,pozitif,"Fp,Qp",hedefli:satici,adim19_new,,pozitif,pozitif,,,,,
9210,arkadaslar bende bu saatten aldım urun orjınaldır kutusuyla geldı garanti belgesi vs ve piyasadan cok daha uygun fiyatı vardır süper bir saat bence herkese tavsiye eederim,pozitif,"Sp,Fp,Qp",hedefli:satici,adim19_new,,pozitif,pozitif,,,,pozitif,
9211,"benim ihtiyaclarımın çok üstünde bir telefon biraz ağır , uzun ve dar ama fonksiyonel.zamanında ve son derece güzel bir ambalajla geldi",pozitif,"Bn,Qp,Kp",hedefli:boyut,adim19_new,pozitif,,pozitif,,negatif,,,
9212,"ben bu ürünü evimde kullanmak için aldım.kullanmadığınız zaman kilitlenebilmesi,sağlam olması, çok fazla yer tutmaması ve harika görünü sayabileceğim bazı özellikleri.fiyatı da hb çok uygun tavsiye ederim",pozitif,"Pp,Qp,Bp,Gp,Fp",hedefli:gorunum,adim19_new,,pozitif,pozitif,pozitif,pozitif,pozitif,,
9213,bu kadar kalitesiz bir ürün görmedim.bütün vidaları eksiksiz takmamıza rağmen dolabımız sallanıyor neredeyse  yıkılcak.malzeme o kadr kötü ki evin içinden kokusu bir ay çıkmadı.ürünü tekrar sökme derdinden malesef kullanıyorum iade etmedim.hepsi̇burada neden böyle kalitesiz firmalara ürün sattırıyor anlamadım.,negatif,"Qn,Pn,Sn",hedefli:satici,adim19_new,,,negatif,negatif,,,negatif,
9214,burdan prima 4 numara bez aldım. daha öncede aynı satıcıdan bu bezlerden almıştım. son gelen paket bezler farklı çıktı.aynı 4 numara olmasına rağmen farklıydı. daha ince yapıda ve sızdırıyordu. tavsiye etmiyorum.,negatif,"Sn,Bn,Qn",hedefli:satici,adim19_new,,,negatif,,negatif,,negatif,
9215,"ürün çok kısa sürede teslim edildi. hepsi burada ekibini, eksiksiz ve hızlı teslimattan dolayı tebrik ediyorum.",pozitif,"Kp,Sp",hedefli:satici,adim19_new,pozitif,,,,,,pozitif,
9216,ürünün yedek kartuşunu ekstradan ilave etmeniz lazım. yoksa otomatik ilave etmiyor. ayrıca ürünle beraber şimdiden yedek renkli kartuşun siparişinide %20 indirimli verebilirsiniz. ürün zaten hp. diyecek laf yok...,pozitif,Qp,hedefli:gorunum,adim19_new,,,pozitif,,,,,
9217,i̇ç kısmı tamamen plastik malzeme olduğu için iade ediyorum.,negatif,Qn,hedefli:satici,adim19_new,,,negatif,,,,,
9218,"rulolar kolay takılamıyor, streç filmi kesemiyor. sağlam bir görüntüsü yok. bu fiyata farklı bir sonuç beklenemezdi zaten.",negatif,"Pn,Qn,Fx",hedefli:gorunum,adim19_new,,nötr,negatif,negatif,,,,
9219,ürünü eşime alırken kararsızdık tereddütte kaldıt hata siparişi verdikten sonra iade etmek istedim sonra vazgeçip kullanalım dedi eşim çok memnun tavsiye ederim tşk hepsiburada,pozitif,Qp,hedefli:satici,adim19_new,,,pozitif,,,,,
9220,daha önce başka bir markanın anahtarlı modelini kullanıyordum. sürekli anahtarı nereye koydum diye oda oda geziyordum. anahtarsız uç değiştirmek gerçekten daha keyifli. ürün sağlam görünüyor.,pozitif,"Pp,Qp",hedefli:gorunum,adim19_new,,,pozitif,pozitif,,,,
9221,"bayram tatilinde bile cevap yazan hepsiburada müşteri hizmetleri kalitesini hissettiriyor, teşekkürler, ürün o kadar da kaliteli değil ya da ben beceremedim.",negatif,"Sp,Qn",hedefli:satici,adim19_new,,,negatif,,,,pozitif,
9222,ürün ilk iki ay sorunsuz çalıştı başlıklarıyla istediğim sonuçları görüyordum fakat bir süre sonra çok hafif bi baskıda bile durmaya başladı başlık değiştirdim ama değişen birşey olmadı . yani alıyorsanız dikkatli kullanın motorun çok su görmesini engelleyin,negatif,Qn*,hedefli:boyut,adim19_new,,,negatif,,,,,kalite
9223,"resimdekine bakıp aldanmayınn o kadar güzel durmuyor. içindeki raflar çok ince dandik , arkalığı ise mukavva koysalar daha sağlam olurmuş heralde.. muadillerini piyasada az daha fark verip daha sağlamını alabilirsiniz..",negatif,"Gn,Qn",hedefli:gorunum,adim19_new,,,negatif,,,negatif,,
9224,"senelerdir kullandığım kalıcı ve güzel kokusuyla çok memnun olduğum bir parfüm. fakat ben bu parfümü sadece kış mevsiminde kullandığımı, yazın kokusunun bana biraz ağır geldiğini belirtmek isterim.",pozitif,"Pp*,Qp",hedefli:boyut,adim19_new,,,pozitif,pozitif,,,,performans
9225,eşim için hediye aldım telefon çok kibar ve kamera görüntü kalitesi süper. 2 yıl apple tr garantisi ile geldi garanti belgesi. rengi de gerçekten çok şık.,pozitif,"Gp,Pp,Sp",hedefli:satici,adim19_new,,,,pozitif,,pozitif,pozitif,
9226,"philips markasından dolayı hemen aldım.biraz fazla para veriyorsunuz ama kesinlikle değiyor.haznesi diğerlerine göre daha geniş..1.5 lt,diğerleri 1.lt..bıçakları çok keskin ve diğer markalardan farkı çift bıçak olması.en kalın meyveleri bile saniyeler içinde rendeliyor.parasını hakediyor kesinlikle.görüntü olarakta çok hoş duruyor mutfakta..",pozitif,"Fp*,Bp,Pp,Gp",hedefli:boyut,adim19_new,,pozitif,,pozitif,pozitif,pozitif,,fiyat
9227,ürün siparişten iki gün sonra sorunsuz şekilde aldım.çok ince ve şık telefon.  eksiksiz kapalı kutu geldi. hiç şarjı yoktu ilk açmaya çalıştığımda cihazı. hızlı şarj cihazı da kutu içeriğinde orjinal şekilde geliyor.,pozitif,"Kp,Bp,Gp,Sp",hedefli:satici,adim19_new,pozitif,,,,pozitif,pozitif,pozitif,
9228,eveben de aldım ama calvin kleinin diğer kokuları gibi kalıcı değil.kalıcılık konusunda beni de hayal kırıklığına uğrattı.üstelikte edp aldım.koku olarak hoş.hafif koku sevenlere önerilir.kalıcı ve etkileyicilik istiyorsanız hayır.,negatif,Pn*,hedefli:boyut,adim19_new,,,,negatif,,,,performans
9229,ürünü alalı 1 yıl oldu hiç beni üzmedi çok güzel fotoğraflar kaydettim üstünteki lens rağmen .. 1300d  bir bakın derim wifi olmaması eksi olsada 100d kablosuz sd kart okuyucularla gideriliyor  hepsiburada  garanti ve güvenirliği zaten tartışılmaz...,pozitif,"Qp,Pp*,Sp",hedefli:satici,adim19_new,,,pozitif,pozitif,,,pozitif,performans
9230,gerçekten çok sert bir darbe almadıkça devrilmiyor. resimlere bakınca çok iri çıkacak diye korkuyordum ama gayet makul bir boyutta. çok estetik duruyor. tavsiye ederim.,pozitif,"Pp,Bp,Gp",hedefli:gorunum,adim19_new,,,,pozitif,pozitif,pozitif,,
9231,"bu ürün berbat, prima kalitesine inanarak aldım fakat bin pişman oldum daha önce aldıklarıma benzemiyor, çocuğun altı sürekli pişiyor. kuru falan kaldığı yok hep ıslak nasıl yeni ürün anlamadım ürün berbat...",negatif,Qn,rastgele,adim19_new,,,negatif,,,,,
9232,üstünde yatmadım henüz ama çok beğendim. kayıp duran alezlerden bıkmıştım. diğer yataklar için de bir sürü sipariş vereceğim.,pozitif,"Qp,Pp",rastgele,adim19_new,,,pozitif,pozitif,,,,
9233,çok güzel bir ürün. yanlız kapasitesinin altında kart koyunca malesef içindeki ayraçları dik tutmak çok zor oluyor. ama çok şık bir ürün.,pozitif,"Qp,Pn,Gp",hedefli:gorunum,adim19_new,,,pozitif,negatif,,pozitif,,
9234,vestel markasına önyargılıydım ama bi yakınım mağazadan yüksek fiyata aldı.tv yi izledim hiç düşünmeden bende hb dan şipariş ettim.fiyatına göre çok iyi.,pozitif,Fp,hedefli:satici,adim19_new,,pozitif,,,,,,
9235,takması biraz uğraştırıyor. fakat takınca çok sağlam duyuro kolay kolay düşecek gibi değil. ayrı plastik klipsleri de yanında geliyor. 5-10 metreden dikkatli bakılınca kapak olduğu belli oluyor.,pozitif,"Pn,Qp,Sp,Gp",hedefli:satici,adim19_new,,,pozitif,negatif,,pozitif,pozitif,
9236,"ürün kaliteli, çift başlıklı, ısı ayarlı. kibar bir ürün ve yeterli. belki fiyatı muadillerine göre fazla olabilir ama o da kalitesinden. hızlı geldi ve şık.",pozitif,"Qp,Pp,Gp,Fx,Kp",hedefli:gorunum,adim19_new,pozitif,nötr,pozitif,pozitif,,pozitif,,
9237,ürün elime çok hızlı ulaştı ancak normal sarı farımdan hiçbi farkı yok xenon gazı falan da hikaye sarı lambanın dışını maviye boyamışsın gibi hiç hoşnut kalmadım tavsiyede etmiyorum iade ile uğraşamayacağım çünki zamanım yok,negatif,"Kp,Qn",hedefli:satici,adim19_new,pozitif,,negatif,,,,,
9238,"amacına ve işlevine göre sağlam pratik bir masa,satıcının ürünün kargolanması sırasındaki paketleme  işlemide cok iyi",pozitif,"Qp,Pp,Kp",hedefli:satici,adim19_new,pozitif,,pozitif,pozitif,,,,
9239,"keyifli cihaz tavsiye ederim kendime kafa dağıtmak için aldım daha sonra daha büyüklerini almayı düşünüyorm.. dakika tuttum 30 dakika şarj oluyor net inmeden 7,30 dk havada duruyor",pozitif,Qp,hedefli:boyut,adim19_new,,,pozitif,,,,,
9240,çok fresh bir koku yaz kış devamlı kullanabilecek bir koku fiyatı çok uygun sipariş verdiğim günü takiben 2 gün içinde orjinal kutusuadresime teslim edildi,pozitif,"Pp,Fp,Kx",rastgele,adim19_new,nötr,pozitif,,pozitif,,,,
9241,pokemon go için aldım ve beni uzun süre idare etti 4 saatte sadece 1 nokta gitti fiyatıda çok iyi mağazalardan pahalı ürün alıcağınıza 1-2 gün bekleyin bunu alın kesinlikle değer.,pozitif,"Qp,Fp",hedefli:satici,adim19_new,,pozitif,pozitif,,,,,
9242,ürün hızlı bir şekilde elime ulaştı. hepsiburada dan beklendiği gibi. ancak gelen ürün çok kalitesiz. i̇kinci kullanımda hortumun içindeki plastik boru balon misali patladı. bayram sonrasında kargoya verebilirsem iade edeceğim.,negatif,"Kp,Qn",hedefli:satici,adim19_new,pozitif,,negatif,,,,,
9243,"ben ürünü tefal mağazasından daha pahalıya aldım.burada fiyatı daha uygun.çok kullanışlı, çayı heran sıcak tutuyor.misafir geldiğinde çok rahat ediyorsunuz, herkese tavsiye ederim..",pozitif,"Fp,Qp,Pp",hedefli:satici,adim19_new,,pozitif,pozitif,pozitif,,,,
9244,ürün 24 saat içerisinde elime ulaştı. sadece ithalatçı firmanın vermiş olduğu aparat 3'lü amerikan tipi süper hızlı sarj kafası ile uyumlu değil. bende zaten dönüştürücü olduğu için sorun yaşamadım. teşekkürler hepsiburada.,pozitif,"Kp,Pn",hedefli:satici,adim19_new,pozitif,,,negatif,,,,
9245,okul için almıştık. ama fazla iş görmedi. airties ürünlerini tavsiye ederim.,negatif,Qn,rastgele,adim19_new,,,negatif,,,,,
9246,"dik durmak ile ilgili sorunu var, hafif fakat net hatları olan eşya koyarsanız onlar sayesinde ayakta duruyor, yoks bildiğiniz basit bir bezden yapılmış ve altında cırt cırtları var, bu kadar. çok da keyifle kullandığımı söyleyemem. almış bulunduk.",negatif,"Pn,Qn",hedefli:gorunum,adim19_new,,,negatif,negatif,,,,
9247,"bende art puzzle halısı vardi ve yemyeşil ve cok kullanışsız oldugu için farklı renk almayı düşündüm, ürün görsellerindeki koyu gri renkli halı gelmiyor yine art puzzle halısı olan yeşil halı geliyor, :s",negatif,"Sn,Gn",hedefli:gorunum,adim19_new,,,,,,negatif,negatif,
9248,yaz-kış farklı lastik kullanmaya son vermek için yaptığım uzun araştırmalardan sonra  bu lastiği aldım. taktırdım konfor ve yol tutuş olarak memnunum. değişim yapan usta  bile nokian alarak güzel bir tercih yapmışsın  dedi.  kısaca tavsiye ederim.,pozitif,"Pp,Qp",hedefli:satici,adim19_new,,,pozitif,pozitif,,,,
9249,duracellin kalitesi zaten tartışılmaz.pil her evin ihtiyacın olan bir araçtır.özellikle dijital fotoğraf makinalarının çok pil harcadığını düşünürsek şarj edilebilir pilin ne kadar ekonomik olduğu ortaya çıkıyor,pozitif,"Qp,Fp",hedefli:gorunum,adim19_new,,pozitif,pozitif,,,,,
9250,cihaz genel anlamda iyi.bana gelen cihaz evo garantili ve ci̇haz sürümü 5.1.1 honkong yazılımı var.türkiye samsung garantili cihazlar da 6..0 varken bizde 5.1.1 bunu dert etmezseniz cihaz güzel akıcı,pozitif,"Qp,Pp*,Sx",hedefli:satici,adim19_new,,,pozitif,pozitif,,,nötr,performans
9251,ankara gibi havanın kuru olduğu bir yerde olmazsa olmaz bir ürün.,pozitif,Qp,rastgele,adim19_new,,,pozitif,,,,,
9252,"08.10.2014 tarihinde sipariş verdim hafta sonu denk gelmesine rağmen ürün çok iyi paketlenmiş, zararsız ve hızlı bir şekilde 5 gün içerisinde ürünü teslim aldım firma çalışanlarına teşekkür ediyorum hayırlı kazançlar dilerim...",pozitif,Kp,hedefli:satici,adim19_new,pozitif,,,,,,,
9253,"ürünü kız arkadaşım çok beğendi, kolyesi , kolye ucu kaliteli gümüş geldi.i̇çinden çıkan incide çok güzel ve büyüktü.yanında açınca muhteşem oldu. hızlı kargo içinde çok teşekkürler.",pozitif,"Qp,Gp,Bp,Kp",hedefli:boyut,adim19_new,pozitif,,pozitif,,pozitif,pozitif,,
9254,işini layıkıyla yapan firmalardan. böyle firmalarla karşılaşınca gerçekten cok hoşuma gidiyor. dün 3-4 gibi sipariş verdim bugun 2 de teslim edildi. çok hızlı gönderi. saatte tam istediğim gibi. sade ve zarif çok teşekkürler,pozitif,"Sp,Kp,Qp,Gp",hedefli:satici,adim19_new,pozitif,,pozitif,,,pozitif,pozitif,
9255,"ürün şuan elime geçti.bir günde teslimat için firmaya teşekkür ederim. saat gayet şık ve güzel fiyat olarak çok uygun bir saat.eğer bu saati almayı düşünüyorsanız, gönül rahatlığıyla sipariş verebilirsiniz.",pozitif,"Kp,Gp,Qp,Fp",hedefli:satici,adim19_new,pozitif,pozitif,pozitif,,,pozitif,,
9256,bu fiyata bu ürün şık yalnız parmak sensörü daha ii olablirdi satıcı süper sadece samsungun eksikliği tşk ederim hayırlı işler .,pozitif,"Fp,Gp,Pn,Sp",hedefli:gorunum,adim19_new,,pozitif,,negatif,,pozitif,pozitif,
9257,ürünü sipariş ettikten sonra iki günde elime ulaştı.kurulumu çok kolay.görüntü kalitesi güzel.menü kullanımı anlaşılır.kanal geçişleri iyi.bu fiyata alınabilecek güzel bir ürün,pozitif,"Kx,Pp,Fp",rastgele,adim19_new,nötr,pozitif,,pozitif,,,,
9258,ürün fiyat ve kalite açısından çok iyi; çok araştırma yaptım bundan uygunu riskli kategoride! orijinal ürünleri satıcı iyi fiyata satmakta. aynı zamanda makul sürede gönderiyi ilettiğinden ötürü takdiri hakediyor. tabi ürünü denedikçe göreceğiz ama ilk gözlemim hiçbir sıkıntı olmadığı şeklindedir.,pozitif,"Fp,Qp,Sp,Kp",hedefli:satici,adim19_new,pozitif,pozitif,pozitif,,,,pozitif,
9259,"siparişim, eksiksiz geldiği gibi yanında eşantiyonu ile birlikte gelmiş.",pozitif,"Sp,Fp",hedefli:satici,adim19_new,,pozitif,,,,,pozitif,
9260,ileri seviye birşey beklemeyin. yeni başlayan olarak 3-4 saatte eksiklerini ben bile anladım ama üzerinde daha deneme yaparak sonra bir üst modele geçeceğim.,pozitif,Qn,hedefli:satici,adim19_new,,,negatif,,,,,
9261,"3-ekranın üstündeki şeffaf kalın tabaka hafif kalkık durumda, sanki yapışkanı özelliğini kaybetmiş gibi.",negatif,Qn,hedefli:boyut,adim19_new,,,negatif,,,,,
9262,siparişi verdiğim günün ertesi gününde bana ulaştı. son derece hızlı ve kaliteli  servis. ürün son derece kullanışlı ve kaliteli. teşekkürler,pozitif,"Kp,Sp,Qp",hedefli:satici,adim19_new,pozitif,,pozitif,,,,pozitif,
9263,"eşime hediye aldım. kargo hızlı geldi. saat kaliteli ve güzel gözükmekte, gayet şık. yanlız garanti belgesi çalar saate ait. buda firmanın ayıbı diyorum. ama saat güzel ve verdiğiniz parayı fazlasıyla karşılıyor.",pozitif,"Kp,Qp,Gp,Sn,Fp",hedefli:satici,adim19_new,pozitif,pozitif,pozitif,,,pozitif,negatif,
9264,i̇lk kez remington marka kullanıyorum ve çok memnun kaldım. dalgalı saçları hemen düzleştiriyor. gayet kullanışlı. ben tavsiye ederim. üstelik çantası da çok şık :),pozitif,"Qp,Pp,Sp",hedefli:gorunum,adim19_new,,,pozitif,pozitif,,,pozitif,
9265,siparişimi kısa sürede aldım.kaliteli ürünleri bizlere uygun fiyatla ve kampanyalarla sunan ekibinizi ve dürüst satıcıları tebrik ederim.alışverişi keyifli hale getirdiniz.birde kargo bedava olunca süper..,pozitif,"Kp,Fp,Sp",hedefli:satici,adim19_new,pozitif,pozitif,,,,,pozitif,
9266,daha önce yaklaşık yedi sekiz yıl kullandığım 300 mbps lik modeli bozulduğu için yine tp link ürününü seçtim fiyatı uygun kalitesi yüksek satıcı da hepsiburada olunca hiçbir sıkıntı yok...,pozitif,"Fp,Qp,Sp",hedefli:satici,adim19_new,,pozitif,pozitif,,,,pozitif,
9267,"zaten sürekli kullandığım bir ürün. oldukça doğal görünüyor, sürerken de rahat. yüzünüzde kalıp gibi durmuyor ve sivilcelenme yapmıyor. üründen de teslimatın da memnun kaldım. teşekkür ederim.",pozitif,"Pp,Qp,Kp",hedefli:boyut,adim19_new,pozitif,,pozitif,pozitif,,,,
9268,fermuari  resimdeki gibi ortada değil yanda. ortada olsa icerisindekileri almak daha kolay olurdu diye düşünüyorum. ust kismin seffaf olması guzel. kalitesi iyi,pozitif,"Pn,Gn*,Qp",hedefli:gorunum,adim19_new,,,pozitif,negatif,,negatif,,gorunum
9269,"note 3 üm arızalanınca sipariş verdim 3 günde elime ulaştı, note 3 ile kıyaslanınca kalem eksikliği hissediliyor çok hafif ve ele oturması güzel, note 3 e göre 2 gün şarj alıyorum",pozitif,"Kx,Pp*,Bp,Qp",hedefli:satici,adim19_new,nötr,,pozitif,pozitif,pozitif,,,performans
9270,ürün çok güzel tam profösyenel işi çok kaliteli ve kullanışlı siparişi verdikten kısa süre içinde elime geçti tavsiye ederim teşekkürler hb,pozitif,"Qp,Kp",kararsiz:satici_ortuk,adim19_new,pozitif,,pozitif,,,,,
9271,urun sorunsuz bir sekilde elime gecti gunluk hayatta kolaylik saglayacak turden guzel bir urun,pozitif,"Kp,Qp",kararsiz:satici_ortuk,adim19_new,pozitif,,pozitif,,,,,
9272,"orijinal, hasar görmeden ve hızlı bir şekilde gelen ürünüm için hepsiburada.com a teşekkür ediyorum.",pozitif,Kp,kararsiz:satici_ortuk,adim19_new,pozitif,,,,,,,
9273,kedim için temin etmem gerektiğini düşündüğüm bir ürün.başka ürünlerde aldığınız takdirde kargo ücretinden kurtulabiliyorsunuz.yanında başka ürünlerde aldığınızda netten alması gayet mantıklı.,pozitif,Kx,kararsiz:satici_ortuk,adim19_new,nötr,,,,,,,
9274,ürünün digital göstergeli olanından sipariş verdim ertesi gün sabah aldım.,pozitif,Kp,kararsiz:satici_ortuk,adim19_new,pozitif,,,,,,,
9275,süper hızlı gönderi denildi aynı gün kargo yazdı 2 gün sonra yola çıktı görüntü kalitesinden çok birşey beklemeyin renk ler gerçekten biraz sapıyor sanki,negatif,"Kn,Pn",kararsiz:satici_ortuk,adim19_new,negatif,,,negatif,,,,
9276,zamanından önce teslimat sorunsuz çalışma teşekkürler hepsi burada,pozitif,"Kp,Qp",kararsiz:satici_ortuk,adim19_new,pozitif,,pozitif,,,,,
9277,ürün bugün apple kutusu ile elime geçti. 4s için sorunsuz çalışıyor. fiyat konusunda zaten söylenecek bir şey olamaz. siteye çok tşkler,pozitif,"Kx,Pp,Fp",kararsiz:satici_ortuk,adim19_new,nötr,pozitif,,pozitif,,,,
9278,pazar günü sipariş verdim salı günü teslimat yapıldı. sevkiyat kar engeline takılmadan elimize sağlam ve orjinal ambalajında ulaştı. ürün ile ilgili yoruma gerek yok zaten,pozitif,"Kp,Qp",kararsiz:satici_ortuk,adim19_new,pozitif,,pozitif,,,,,
9279,hepsiburada ya çok teşekkürler.cumartesi sabahı şiparişi verdim hafta sonu olmsına rağmen pazartesi öğlen elimdeydi ilginizden dolayı teşekkür ederim.,pozitif,Kp,kararsiz:satici_ortuk,adim19_new,pozitif,,,,,,,
9280,ürün bugun elıme ulastı guzel fakat hızmetten memnun kalmadım urun elıme 20 gun ıcınde geldı cok bekletiyorlar sehpa sıparısıde verecektım fakat bu sıteden vermeyı dusunmuyorum yıne gec gelır dıe,negatif,"Qp,Kn",kararsiz:satici_ortuk,adim19_new,negatif,,pozitif,,,,,
9281,öncelikle hepsiburada çalışan personeline teşşekürler ürünü zamanında teslim ettiler daha öncede ayni markadan kar lastiğini almiştım şimdide bunu aldım lastık gayet iyidir tavsiye ederim,pozitif,"Kx,Qp",kararsiz:satici_ortuk,adim19_new,nötr,,pozitif,,,,,
9282,ürün siparişi verdim 4 gün oldu elime ulaşmadı,negatif,Kn,kararsiz:satici_ortuk,adim19_new,negatif,,,,,,,
9283,ürün gerçekten güzel kullanışlı. mini usb olması zaten başlı başına bi özellik. sorunsuz teslim aldım. hizmet başarılı bence. üründe başarılı!,pozitif,"Qp,Pp,Kp,Sp",kararsiz:satici_ortuk,adim19_new,pozitif,,pozitif,pozitif,,,pozitif,
9284,ürünün  görselleriyle aynısını göndermiyorlar birde ürün sert bir ürün onun için kullanışlı olurmu bilmiyorum ama hafif ticari ve kamyonet tarzı araba sahiplerinin almalarını tavsiye ederim taksiler için biraz boyutu büyük diyebilirim.,negatif,"Gn,Pn,Bn",kararsiz:satici_ortuk,adim19_new,,,,negatif,negatif,negatif,,
9285,"kargo çabuk geldi. yatakta herhangi bir koku yok ki burnum çok hassastır. sadece yazlık kışlık tarafı neresi belli değil herhangi bir ibare koymamışlar, benim için çokta önemli değil. ben memnun kaldım belliki oğlumda memnun??",pozitif,"Kp,Pp*,Qp",kararsiz:satici_ortuk,adim19_new,pozitif,,pozitif,pozitif,,,,performans
9286,"teşekkür ederim piyanın altında fiyat ve yeni tarihli .  nissan,renault ve dacia 1.5 dci euro 5 orjinal motor yağı",pozitif,"Fp,Qp",kararsiz:satici_ortuk,adim19_new,,pozitif,pozitif,,,,,
9287,ürünü aldım borulara resmen sanayi yagı surmusler ellerim leş gibi oldu boyamış yollamıslar koydum aynı sekılde kutuya yarın gerı kargoluycam uzak durun,negatif,Qn,kararsiz:satici_ortuk,adim19_new,,,negatif,,,,,
9288,"telefon si̇pari̇şi̇ni̇ çarşamba günü saat 13,30 da verdi̇m ertesi̇ gün eli̇me geçti̇. çok teşekkür ederi̇m.",pozitif,Kp,kararsiz:satici_ortuk,adim19_new,pozitif,,,,,,,
9289,guzel ama biraz buyuk mause pad ise genis yani guzel ama orta tekwelegi swrt biraz tavsiye ederim bi arada kargoda cok hizli 2 gunde geldi tesekkurler hepsiburada.com,pozitif,"Qp,Bn*,Pn,Kp",kararsiz:satici_ortuk,adim19_new,pozitif,,pozitif,negatif,negatif,,,boyut
9290,ürün şimdi elime ulaştı..  kordonu ayarlatmak için saatciye gittim..  adam bu saatin aynısını bende satıyorum sen iyi uygun almışsın dedi :-) ürün gerçekten hoş pişman olmazsınız...,pozitif,"Fp,Qp",kararsiz:satici_ortuk,adim19_new,,pozitif,pozitif,,,,,
9291,gerçekten mükemmel bir saat beklediğime değdi diyebilirim indirimden faydalanmasınızı tavsiye ederim baska yerlerde bu kadar kaliteli ve orjinal saat bulmak imkansız orjinal kutusunda garantli bi şekilde geliyor,pozitif,"Qp,Fp,Sp",kararsiz:satici_ortuk,adim19_new,,pozitif,pozitif,,,,pozitif,
9292,ürünü 1 yıl sonra 2. alışım fakat batarya çok yavaş doluyor gibi geldi. kutusu falan güzel batarya kapalı bir plastikte geliyor ama dediğim gibi yavaş doluyor yani bir tek bende mi bu sorun bilmiyorum.,negatif,"Pn,Kp",kararsiz:satici_ortuk,adim19_new,pozitif,,,negatif,,,,
9293,çok hızlı bir şekilde elimize ulaştı. paketten beklediğimden kaliteli ve şık bir ürün çıktı.  kolayca yerine monte ettik...i̇htiyaç duyduğumuz bir üründü. gönül rahatlığıyla alınabilecek bir ürün...,pozitif,"Kp,Qp,Gp,Pp",kararsiz:satici_ortuk,adim19_new,pozitif,,pozitif,pozitif,,pozitif,,
9294,siparisim 2 gunde elime ulasti bunun için hepsiburadaya tesekkurler.,pozitif,Kp,kararsiz:satici_ortuk,adim19_new,pozitif,,,,,,,
9295,ürün süper iki kez tam şarj yaptım g3 ü hala 4 ışıkta yanıyor. sağlam şık ve orjinal ürün,pozitif,"Qp,Pp,Gp",kararsiz:satici_ortuk,adim19_new,,,pozitif,pozitif,,pozitif,,
9296,"bu ürünü dışarda aradım kolay kolay bulunmuyor, hepsiburada.coma sipariş verdim, bi kaç gün içinde elime ulaştı, teşekkürler. dişlerinizi tertemiz yapıyor, çok kullanışlı.",pozitif,"Kx,Qp",kararsiz:satici_ortuk,adim19_new,nötr,,pozitif,,,,,
9297,çok memnun kaldık banyom için aradığım dolap. çok kullanışlı kalitesi iyi. sipariş verdikten ertesi gün sonra geldi.,pozitif,"Qp,Kp",kararsiz:satici_ortuk,adim19_new,pozitif,,pozitif,,,,,
9298,3 saatte kargoya teslim edildi ayrıca kargonun ücretsiz olmasıda çok iyi ürün gerçekten hakkını veriyor yanında şarj aletinide aldım üründen memmunum.,pozitif,"Kp,Qp",kararsiz:satici_ortuk,adim19_new,pozitif,,pozitif,,,,,
9299,urun zaten harikulade.kargo felaket hizli gece maili geldi urununuz kargoya verildi diye oglende kargosi geldi tabiki bununla beraber bi kac urun daha geldi .siteye tesekkurler,pozitif,"Qp,Kp",kararsiz:satici_ortuk,adim19_new,pozitif,,pozitif,,,,,
